run_id,config,scenario,replicate,seed,metric,value
baseline__schema_drift__r0,baseline,schema_drift,0,3005817327,mttr_s,297.091905
baseline__schema_drift__r0,baseline,schema_drift,0,3005817327,cost_units,157.500000164864
baseline__schema_drift__r0,baseline,schema_drift,0,3005817327,manual_interventions,1.0
baseline__schema_drift__r0,baseline,schema_drift,0,3005817327,llm_tokens,0.0
baseline__schema_drift__r0,baseline,schema_drift,0,3005817327,freshness_s,0.0
baseline__schema_drift__r0,baseline,schema_drift,0,3005817327,decision_correct,0.0
baseline__schema_drift__r0,baseline,schema_drift,0,3005817327,wall_clock_s,130.60472837500856
baseline__schema_drift__r0,baseline,schema_drift,0,3005817327,api_tokens,0.0
baseline__schema_drift__r0,baseline,schema_drift,0,3005817327,llm_calls,0.0
baseline__schema_drift__r0,baseline,schema_drift,0,3005817327,llm_cache_hits,0.0
baseline__schema_drift__r0,baseline,schema_drift,0,3005817327,llm_degraded,0.0
baseline__schema_drift__r0,baseline,schema_drift,0,3005817327,llm_invalid,0.0
baseline__schema_drift__r0,baseline,schema_drift,0,3005817327,llm_latency_s,0.0
baseline__schema_drift__r1,baseline,schema_drift,1,3215717600,mttr_s,235.288314
baseline__schema_drift__r1,baseline,schema_drift,1,3215717600,cost_units,157.500000164864
baseline__schema_drift__r1,baseline,schema_drift,1,3215717600,manual_interventions,1.0
baseline__schema_drift__r1,baseline,schema_drift,1,3215717600,llm_tokens,0.0
baseline__schema_drift__r1,baseline,schema_drift,1,3215717600,freshness_s,0.0
baseline__schema_drift__r1,baseline,schema_drift,1,3215717600,decision_correct,0.0
baseline__schema_drift__r1,baseline,schema_drift,1,3215717600,wall_clock_s,130.04370474998723
baseline__schema_drift__r1,baseline,schema_drift,1,3215717600,api_tokens,0.0
baseline__schema_drift__r1,baseline,schema_drift,1,3215717600,llm_calls,0.0
baseline__schema_drift__r1,baseline,schema_drift,1,3215717600,llm_cache_hits,0.0
baseline__schema_drift__r1,baseline,schema_drift,1,3215717600,llm_degraded,0.0
baseline__schema_drift__r1,baseline,schema_drift,1,3215717600,llm_invalid,0.0
baseline__schema_drift__r1,baseline,schema_drift,1,3215717600,llm_latency_s,0.0
baseline__schema_drift__r2,baseline,schema_drift,2,110762432,mttr_s,455.028246
baseline__schema_drift__r2,baseline,schema_drift,2,110762432,cost_units,157.500000164864
baseline__schema_drift__r2,baseline,schema_drift,2,110762432,manual_interventions,1.0
baseline__schema_drift__r2,baseline,schema_drift,2,110762432,llm_tokens,0.0
baseline__schema_drift__r2,baseline,schema_drift,2,110762432,freshness_s,0.0
baseline__schema_drift__r2,baseline,schema_drift,2,110762432,decision_correct,0.0
baseline__schema_drift__r2,baseline,schema_drift,2,110762432,wall_clock_s,129.84796983399428
baseline__schema_drift__r2,baseline,schema_drift,2,110762432,api_tokens,0.0
baseline__schema_drift__r2,baseline,schema_drift,2,110762432,llm_calls,0.0
baseline__schema_drift__r2,baseline,schema_drift,2,110762432,llm_cache_hits,0.0
baseline__schema_drift__r2,baseline,schema_drift,2,110762432,llm_degraded,0.0
baseline__schema_drift__r2,baseline,schema_drift,2,110762432,llm_invalid,0.0
baseline__schema_drift__r2,baseline,schema_drift,2,110762432,llm_latency_s,0.0
baseline__schema_drift__r3,baseline,schema_drift,3,672983771,mttr_s,366.108852
baseline__schema_drift__r3,baseline,schema_drift,3,672983771,cost_units,157.500000164864
baseline__schema_drift__r3,baseline,schema_drift,3,672983771,manual_interventions,1.0
baseline__schema_drift__r3,baseline,schema_drift,3,672983771,llm_tokens,0.0
baseline__schema_drift__r3,baseline,schema_drift,3,672983771,freshness_s,0.0
baseline__schema_drift__r3,baseline,schema_drift,3,672983771,decision_correct,0.0
baseline__schema_drift__r3,baseline,schema_drift,3,672983771,wall_clock_s,131.37075874998118
baseline__schema_drift__r3,baseline,schema_drift,3,672983771,api_tokens,0.0
baseline__schema_drift__r3,baseline,schema_drift,3,672983771,llm_calls,0.0
baseline__schema_drift__r3,baseline,schema_drift,3,672983771,llm_cache_hits,0.0
baseline__schema_drift__r3,baseline,schema_drift,3,672983771,llm_degraded,0.0
baseline__schema_drift__r3,baseline,schema_drift,3,672983771,llm_invalid,0.0
baseline__schema_drift__r3,baseline,schema_drift,3,672983771,llm_latency_s,0.0
baseline__schema_drift__r4,baseline,schema_drift,4,477782260,mttr_s,376.650818
baseline__schema_drift__r4,baseline,schema_drift,4,477782260,cost_units,157.500000164864
baseline__schema_drift__r4,baseline,schema_drift,4,477782260,manual_interventions,1.0
baseline__schema_drift__r4,baseline,schema_drift,4,477782260,llm_tokens,0.0
baseline__schema_drift__r4,baseline,schema_drift,4,477782260,freshness_s,0.0
baseline__schema_drift__r4,baseline,schema_drift,4,477782260,decision_correct,0.0
baseline__schema_drift__r4,baseline,schema_drift,4,477782260,wall_clock_s,129.85797508299584
baseline__schema_drift__r4,baseline,schema_drift,4,477782260,api_tokens,0.0
baseline__schema_drift__r4,baseline,schema_drift,4,477782260,llm_calls,0.0
baseline__schema_drift__r4,baseline,schema_drift,4,477782260,llm_cache_hits,0.0
baseline__schema_drift__r4,baseline,schema_drift,4,477782260,llm_degraded,0.0
baseline__schema_drift__r4,baseline,schema_drift,4,477782260,llm_invalid,0.0
baseline__schema_drift__r4,baseline,schema_drift,4,477782260,llm_latency_s,0.0
baseline__schema_drift__r5,baseline,schema_drift,5,278982822,mttr_s,281.107408
baseline__schema_drift__r5,baseline,schema_drift,5,278982822,cost_units,157.500000164864
baseline__schema_drift__r5,baseline,schema_drift,5,278982822,manual_interventions,1.0
baseline__schema_drift__r5,baseline,schema_drift,5,278982822,llm_tokens,0.0
baseline__schema_drift__r5,baseline,schema_drift,5,278982822,freshness_s,0.0
baseline__schema_drift__r5,baseline,schema_drift,5,278982822,decision_correct,0.0
baseline__schema_drift__r5,baseline,schema_drift,5,278982822,wall_clock_s,132.07402608299162
baseline__schema_drift__r5,baseline,schema_drift,5,278982822,api_tokens,0.0
baseline__schema_drift__r5,baseline,schema_drift,5,278982822,llm_calls,0.0
baseline__schema_drift__r5,baseline,schema_drift,5,278982822,llm_cache_hits,0.0
baseline__schema_drift__r5,baseline,schema_drift,5,278982822,llm_degraded,0.0
baseline__schema_drift__r5,baseline,schema_drift,5,278982822,llm_invalid,0.0
baseline__schema_drift__r5,baseline,schema_drift,5,278982822,llm_latency_s,0.0
baseline__schema_drift__r6,baseline,schema_drift,6,1257407244,mttr_s,581.033153
baseline__schema_drift__r6,baseline,schema_drift,6,1257407244,cost_units,157.500000164864
baseline__schema_drift__r6,baseline,schema_drift,6,1257407244,manual_interventions,1.0
baseline__schema_drift__r6,baseline,schema_drift,6,1257407244,llm_tokens,0.0
baseline__schema_drift__r6,baseline,schema_drift,6,1257407244,freshness_s,0.0
baseline__schema_drift__r6,baseline,schema_drift,6,1257407244,decision_correct,0.0
baseline__schema_drift__r6,baseline,schema_drift,6,1257407244,wall_clock_s,131.05971795899677
baseline__schema_drift__r6,baseline,schema_drift,6,1257407244,api_tokens,0.0
baseline__schema_drift__r6,baseline,schema_drift,6,1257407244,llm_calls,0.0
baseline__schema_drift__r6,baseline,schema_drift,6,1257407244,llm_cache_hits,0.0
baseline__schema_drift__r6,baseline,schema_drift,6,1257407244,llm_degraded,0.0
baseline__schema_drift__r6,baseline,schema_drift,6,1257407244,llm_invalid,0.0
baseline__schema_drift__r6,baseline,schema_drift,6,1257407244,llm_latency_s,0.0
baseline__schema_drift__r7,baseline,schema_drift,7,426431259,mttr_s,516.744269
baseline__schema_drift__r7,baseline,schema_drift,7,426431259,cost_units,157.500000164864
baseline__schema_drift__r7,baseline,schema_drift,7,426431259,manual_interventions,1.0
baseline__schema_drift__r7,baseline,schema_drift,7,426431259,llm_tokens,0.0
baseline__schema_drift__r7,baseline,schema_drift,7,426431259,freshness_s,0.0
baseline__schema_drift__r7,baseline,schema_drift,7,426431259,decision_correct,0.0
baseline__schema_drift__r7,baseline,schema_drift,7,426431259,wall_clock_s,130.86405283398926
baseline__schema_drift__r7,baseline,schema_drift,7,426431259,api_tokens,0.0
baseline__schema_drift__r7,baseline,schema_drift,7,426431259,llm_calls,0.0
baseline__schema_drift__r7,baseline,schema_drift,7,426431259,llm_cache_hits,0.0
baseline__schema_drift__r7,baseline,schema_drift,7,426431259,llm_degraded,0.0
baseline__schema_drift__r7,baseline,schema_drift,7,426431259,llm_invalid,0.0
baseline__schema_drift__r7,baseline,schema_drift,7,426431259,llm_latency_s,0.0
baseline__schema_drift__r8,baseline,schema_drift,8,285830616,mttr_s,800.120085
baseline__schema_drift__r8,baseline,schema_drift,8,285830616,cost_units,157.500000164864
baseline__schema_drift__r8,baseline,schema_drift,8,285830616,manual_interventions,1.0
baseline__schema_drift__r8,baseline,schema_drift,8,285830616,llm_tokens,0.0
baseline__schema_drift__r8,baseline,schema_drift,8,285830616,freshness_s,0.0
baseline__schema_drift__r8,baseline,schema_drift,8,285830616,decision_correct,0.0
baseline__schema_drift__r8,baseline,schema_drift,8,285830616,wall_clock_s,129.52972583298106
baseline__schema_drift__r8,baseline,schema_drift,8,285830616,api_tokens,0.0
baseline__schema_drift__r8,baseline,schema_drift,8,285830616,llm_calls,0.0
baseline__schema_drift__r8,baseline,schema_drift,8,285830616,llm_cache_hits,0.0
baseline__schema_drift__r8,baseline,schema_drift,8,285830616,llm_degraded,0.0
baseline__schema_drift__r8,baseline,schema_drift,8,285830616,llm_invalid,0.0
baseline__schema_drift__r8,baseline,schema_drift,8,285830616,llm_latency_s,0.0
baseline__schema_drift__r9,baseline,schema_drift,9,1612909126,mttr_s,814.893837
baseline__schema_drift__r9,baseline,schema_drift,9,1612909126,cost_units,157.500000164864
baseline__schema_drift__r9,baseline,schema_drift,9,1612909126,manual_interventions,1.0
baseline__schema_drift__r9,baseline,schema_drift,9,1612909126,llm_tokens,0.0
baseline__schema_drift__r9,baseline,schema_drift,9,1612909126,freshness_s,0.0
baseline__schema_drift__r9,baseline,schema_drift,9,1612909126,decision_correct,0.0
baseline__schema_drift__r9,baseline,schema_drift,9,1612909126,wall_clock_s,130.47038629101007
baseline__schema_drift__r9,baseline,schema_drift,9,1612909126,api_tokens,0.0
baseline__schema_drift__r9,baseline,schema_drift,9,1612909126,llm_calls,0.0
baseline__schema_drift__r9,baseline,schema_drift,9,1612909126,llm_cache_hits,0.0
baseline__schema_drift__r9,baseline,schema_drift,9,1612909126,llm_degraded,0.0
baseline__schema_drift__r9,baseline,schema_drift,9,1612909126,llm_invalid,0.0
baseline__schema_drift__r9,baseline,schema_drift,9,1612909126,llm_latency_s,0.0
baseline__schema_drift__r10,baseline,schema_drift,10,880107696,mttr_s,322.737268
baseline__schema_drift__r10,baseline,schema_drift,10,880107696,cost_units,157.500000164864
baseline__schema_drift__r10,baseline,schema_drift,10,880107696,manual_interventions,1.0
baseline__schema_drift__r10,baseline,schema_drift,10,880107696,llm_tokens,0.0
baseline__schema_drift__r10,baseline,schema_drift,10,880107696,freshness_s,0.0
baseline__schema_drift__r10,baseline,schema_drift,10,880107696,decision_correct,0.0
baseline__schema_drift__r10,baseline,schema_drift,10,880107696,wall_clock_s,130.4019055000099
baseline__schema_drift__r10,baseline,schema_drift,10,880107696,api_tokens,0.0
baseline__schema_drift__r10,baseline,schema_drift,10,880107696,llm_calls,0.0
baseline__schema_drift__r10,baseline,schema_drift,10,880107696,llm_cache_hits,0.0
baseline__schema_drift__r10,baseline,schema_drift,10,880107696,llm_degraded,0.0
baseline__schema_drift__r10,baseline,schema_drift,10,880107696,llm_invalid,0.0
baseline__schema_drift__r10,baseline,schema_drift,10,880107696,llm_latency_s,0.0
baseline__schema_drift__r11,baseline,schema_drift,11,970070111,mttr_s,495.872758
baseline__schema_drift__r11,baseline,schema_drift,11,970070111,cost_units,157.500000164864
baseline__schema_drift__r11,baseline,schema_drift,11,970070111,manual_interventions,1.0
baseline__schema_drift__r11,baseline,schema_drift,11,970070111,llm_tokens,0.0
baseline__schema_drift__r11,baseline,schema_drift,11,970070111,freshness_s,0.0
baseline__schema_drift__r11,baseline,schema_drift,11,970070111,decision_correct,0.0
baseline__schema_drift__r11,baseline,schema_drift,11,970070111,wall_clock_s,133.53949229198042
baseline__schema_drift__r11,baseline,schema_drift,11,970070111,api_tokens,0.0
baseline__schema_drift__r11,baseline,schema_drift,11,970070111,llm_calls,0.0
baseline__schema_drift__r11,baseline,schema_drift,11,970070111,llm_cache_hits,0.0
baseline__schema_drift__r11,baseline,schema_drift,11,970070111,llm_degraded,0.0
baseline__schema_drift__r11,baseline,schema_drift,11,970070111,llm_invalid,0.0
baseline__schema_drift__r11,baseline,schema_drift,11,970070111,llm_latency_s,0.0
baseline__schema_drift__r12,baseline,schema_drift,12,1535143065,mttr_s,696.108257
baseline__schema_drift__r12,baseline,schema_drift,12,1535143065,cost_units,157.500000164864
baseline__schema_drift__r12,baseline,schema_drift,12,1535143065,manual_interventions,1.0
baseline__schema_drift__r12,baseline,schema_drift,12,1535143065,llm_tokens,0.0
baseline__schema_drift__r12,baseline,schema_drift,12,1535143065,freshness_s,0.0
baseline__schema_drift__r12,baseline,schema_drift,12,1535143065,decision_correct,0.0
baseline__schema_drift__r12,baseline,schema_drift,12,1535143065,wall_clock_s,132.09441037502256
baseline__schema_drift__r12,baseline,schema_drift,12,1535143065,api_tokens,0.0
baseline__schema_drift__r12,baseline,schema_drift,12,1535143065,llm_calls,0.0
baseline__schema_drift__r12,baseline,schema_drift,12,1535143065,llm_cache_hits,0.0
baseline__schema_drift__r12,baseline,schema_drift,12,1535143065,llm_degraded,0.0
baseline__schema_drift__r12,baseline,schema_drift,12,1535143065,llm_invalid,0.0
baseline__schema_drift__r12,baseline,schema_drift,12,1535143065,llm_latency_s,0.0
baseline__schema_drift__r13,baseline,schema_drift,13,3097621645,mttr_s,559.963898
baseline__schema_drift__r13,baseline,schema_drift,13,3097621645,cost_units,157.500000164864
baseline__schema_drift__r13,baseline,schema_drift,13,3097621645,manual_interventions,1.0
baseline__schema_drift__r13,baseline,schema_drift,13,3097621645,llm_tokens,0.0
baseline__schema_drift__r13,baseline,schema_drift,13,3097621645,freshness_s,0.0
baseline__schema_drift__r13,baseline,schema_drift,13,3097621645,decision_correct,0.0
baseline__schema_drift__r13,baseline,schema_drift,13,3097621645,wall_clock_s,130.0637852080108
baseline__schema_drift__r13,baseline,schema_drift,13,3097621645,api_tokens,0.0
baseline__schema_drift__r13,baseline,schema_drift,13,3097621645,llm_calls,0.0
baseline__schema_drift__r13,baseline,schema_drift,13,3097621645,llm_cache_hits,0.0
baseline__schema_drift__r13,baseline,schema_drift,13,3097621645,llm_degraded,0.0
baseline__schema_drift__r13,baseline,schema_drift,13,3097621645,llm_invalid,0.0
baseline__schema_drift__r13,baseline,schema_drift,13,3097621645,llm_latency_s,0.0
baseline__schema_drift__r14,baseline,schema_drift,14,3241366150,mttr_s,540.321148
baseline__schema_drift__r14,baseline,schema_drift,14,3241366150,cost_units,157.500000164864
baseline__schema_drift__r14,baseline,schema_drift,14,3241366150,manual_interventions,1.0
baseline__schema_drift__r14,baseline,schema_drift,14,3241366150,llm_tokens,0.0
baseline__schema_drift__r14,baseline,schema_drift,14,3241366150,freshness_s,0.0
baseline__schema_drift__r14,baseline,schema_drift,14,3241366150,decision_correct,0.0
baseline__schema_drift__r14,baseline,schema_drift,14,3241366150,wall_clock_s,129.5831124589895
baseline__schema_drift__r14,baseline,schema_drift,14,3241366150,api_tokens,0.0
baseline__schema_drift__r14,baseline,schema_drift,14,3241366150,llm_calls,0.0
baseline__schema_drift__r14,baseline,schema_drift,14,3241366150,llm_cache_hits,0.0
baseline__schema_drift__r14,baseline,schema_drift,14,3241366150,llm_degraded,0.0
baseline__schema_drift__r14,baseline,schema_drift,14,3241366150,llm_invalid,0.0
baseline__schema_drift__r14,baseline,schema_drift,14,3241366150,llm_latency_s,0.0
baseline__schema_drift__r15,baseline,schema_drift,15,3767484753,mttr_s,392.166538
baseline__schema_drift__r15,baseline,schema_drift,15,3767484753,cost_units,157.500000164864
baseline__schema_drift__r15,baseline,schema_drift,15,3767484753,manual_interventions,1.0
baseline__schema_drift__r15,baseline,schema_drift,15,3767484753,llm_tokens,0.0
baseline__schema_drift__r15,baseline,schema_drift,15,3767484753,freshness_s,0.0
baseline__schema_drift__r15,baseline,schema_drift,15,3767484753,decision_correct,0.0
baseline__schema_drift__r15,baseline,schema_drift,15,3767484753,wall_clock_s,130.4363543749787
baseline__schema_drift__r15,baseline,schema_drift,15,3767484753,api_tokens,0.0
baseline__schema_drift__r15,baseline,schema_drift,15,3767484753,llm_calls,0.0
baseline__schema_drift__r15,baseline,schema_drift,15,3767484753,llm_cache_hits,0.0
baseline__schema_drift__r15,baseline,schema_drift,15,3767484753,llm_degraded,0.0
baseline__schema_drift__r15,baseline,schema_drift,15,3767484753,llm_invalid,0.0
baseline__schema_drift__r15,baseline,schema_drift,15,3767484753,llm_latency_s,0.0
baseline__schema_drift__r16,baseline,schema_drift,16,2902729305,mttr_s,542.60016
baseline__schema_drift__r16,baseline,schema_drift,16,2902729305,cost_units,157.500000164864
baseline__schema_drift__r16,baseline,schema_drift,16,2902729305,manual_interventions,1.0
baseline__schema_drift__r16,baseline,schema_drift,16,2902729305,llm_tokens,0.0
baseline__schema_drift__r16,baseline,schema_drift,16,2902729305,freshness_s,0.0
baseline__schema_drift__r16,baseline,schema_drift,16,2902729305,decision_correct,0.0
baseline__schema_drift__r16,baseline,schema_drift,16,2902729305,wall_clock_s,130.27991216699593
baseline__schema_drift__r16,baseline,schema_drift,16,2902729305,api_tokens,0.0
baseline__schema_drift__r16,baseline,schema_drift,16,2902729305,llm_calls,0.0
baseline__schema_drift__r16,baseline,schema_drift,16,2902729305,llm_cache_hits,0.0
baseline__schema_drift__r16,baseline,schema_drift,16,2902729305,llm_degraded,0.0
baseline__schema_drift__r16,baseline,schema_drift,16,2902729305,llm_invalid,0.0
baseline__schema_drift__r16,baseline,schema_drift,16,2902729305,llm_latency_s,0.0
baseline__schema_drift__r17,baseline,schema_drift,17,2189916609,mttr_s,319.214843
baseline__schema_drift__r17,baseline,schema_drift,17,2189916609,cost_units,157.500000164864
baseline__schema_drift__r17,baseline,schema_drift,17,2189916609,manual_interventions,1.0
baseline__schema_drift__r17,baseline,schema_drift,17,2189916609,llm_tokens,0.0
baseline__schema_drift__r17,baseline,schema_drift,17,2189916609,freshness_s,0.0
baseline__schema_drift__r17,baseline,schema_drift,17,2189916609,decision_correct,0.0
baseline__schema_drift__r17,baseline,schema_drift,17,2189916609,wall_clock_s,130.6795482079906
baseline__schema_drift__r17,baseline,schema_drift,17,2189916609,api_tokens,0.0
baseline__schema_drift__r17,baseline,schema_drift,17,2189916609,llm_calls,0.0
baseline__schema_drift__r17,baseline,schema_drift,17,2189916609,llm_cache_hits,0.0
baseline__schema_drift__r17,baseline,schema_drift,17,2189916609,llm_degraded,0.0
baseline__schema_drift__r17,baseline,schema_drift,17,2189916609,llm_invalid,0.0
baseline__schema_drift__r17,baseline,schema_drift,17,2189916609,llm_latency_s,0.0
baseline__schema_drift__r18,baseline,schema_drift,18,2280100826,mttr_s,232.771667
baseline__schema_drift__r18,baseline,schema_drift,18,2280100826,cost_units,157.500000164864
baseline__schema_drift__r18,baseline,schema_drift,18,2280100826,manual_interventions,1.0
baseline__schema_drift__r18,baseline,schema_drift,18,2280100826,llm_tokens,0.0
baseline__schema_drift__r18,baseline,schema_drift,18,2280100826,freshness_s,0.0
baseline__schema_drift__r18,baseline,schema_drift,18,2280100826,decision_correct,0.0
baseline__schema_drift__r18,baseline,schema_drift,18,2280100826,wall_clock_s,130.6223919579934
baseline__schema_drift__r18,baseline,schema_drift,18,2280100826,api_tokens,0.0
baseline__schema_drift__r18,baseline,schema_drift,18,2280100826,llm_calls,0.0
baseline__schema_drift__r18,baseline,schema_drift,18,2280100826,llm_cache_hits,0.0
baseline__schema_drift__r18,baseline,schema_drift,18,2280100826,llm_degraded,0.0
baseline__schema_drift__r18,baseline,schema_drift,18,2280100826,llm_invalid,0.0
baseline__schema_drift__r18,baseline,schema_drift,18,2280100826,llm_latency_s,0.0
baseline__schema_drift__r19,baseline,schema_drift,19,3420791895,mttr_s,335.855416
baseline__schema_drift__r19,baseline,schema_drift,19,3420791895,cost_units,157.500000164864
baseline__schema_drift__r19,baseline,schema_drift,19,3420791895,manual_interventions,1.0
baseline__schema_drift__r19,baseline,schema_drift,19,3420791895,llm_tokens,0.0
baseline__schema_drift__r19,baseline,schema_drift,19,3420791895,freshness_s,0.0
baseline__schema_drift__r19,baseline,schema_drift,19,3420791895,decision_correct,0.0
baseline__schema_drift__r19,baseline,schema_drift,19,3420791895,wall_clock_s,130.51616204198217
baseline__schema_drift__r19,baseline,schema_drift,19,3420791895,api_tokens,0.0
baseline__schema_drift__r19,baseline,schema_drift,19,3420791895,llm_calls,0.0
baseline__schema_drift__r19,baseline,schema_drift,19,3420791895,llm_cache_hits,0.0
baseline__schema_drift__r19,baseline,schema_drift,19,3420791895,llm_degraded,0.0
baseline__schema_drift__r19,baseline,schema_drift,19,3420791895,llm_invalid,0.0
baseline__schema_drift__r19,baseline,schema_drift,19,3420791895,llm_latency_s,0.0
baseline__upstream_delay__r0,baseline,upstream_delay,0,4119958518,mttr_s,582.095606
baseline__upstream_delay__r0,baseline,upstream_delay,0,4119958518,cost_units,157.500000164864
baseline__upstream_delay__r0,baseline,upstream_delay,0,4119958518,manual_interventions,1.0
baseline__upstream_delay__r0,baseline,upstream_delay,0,4119958518,llm_tokens,0.0
baseline__upstream_delay__r0,baseline,upstream_delay,0,4119958518,freshness_s,582.095606
baseline__upstream_delay__r0,baseline,upstream_delay,0,4119958518,decision_correct,0.0
baseline__upstream_delay__r0,baseline,upstream_delay,0,4119958518,wall_clock_s,129.7613512079988
baseline__upstream_delay__r0,baseline,upstream_delay,0,4119958518,api_tokens,0.0
baseline__upstream_delay__r0,baseline,upstream_delay,0,4119958518,llm_calls,0.0
baseline__upstream_delay__r0,baseline,upstream_delay,0,4119958518,llm_cache_hits,0.0
baseline__upstream_delay__r0,baseline,upstream_delay,0,4119958518,llm_degraded,0.0
baseline__upstream_delay__r0,baseline,upstream_delay,0,4119958518,llm_invalid,0.0
baseline__upstream_delay__r0,baseline,upstream_delay,0,4119958518,llm_latency_s,0.0
baseline__upstream_delay__r1,baseline,upstream_delay,1,196679488,mttr_s,453.869835
baseline__upstream_delay__r1,baseline,upstream_delay,1,196679488,cost_units,157.500000164864
baseline__upstream_delay__r1,baseline,upstream_delay,1,196679488,manual_interventions,1.0
baseline__upstream_delay__r1,baseline,upstream_delay,1,196679488,llm_tokens,0.0
baseline__upstream_delay__r1,baseline,upstream_delay,1,196679488,freshness_s,453.869835
baseline__upstream_delay__r1,baseline,upstream_delay,1,196679488,decision_correct,0.0
baseline__upstream_delay__r1,baseline,upstream_delay,1,196679488,wall_clock_s,131.78294741598074
baseline__upstream_delay__r1,baseline,upstream_delay,1,196679488,api_tokens,0.0
baseline__upstream_delay__r1,baseline,upstream_delay,1,196679488,llm_calls,0.0
baseline__upstream_delay__r1,baseline,upstream_delay,1,196679488,llm_cache_hits,0.0
baseline__upstream_delay__r1,baseline,upstream_delay,1,196679488,llm_degraded,0.0
baseline__upstream_delay__r1,baseline,upstream_delay,1,196679488,llm_invalid,0.0
baseline__upstream_delay__r1,baseline,upstream_delay,1,196679488,llm_latency_s,0.0
baseline__upstream_delay__r2,baseline,upstream_delay,2,4134949018,mttr_s,138.092769
baseline__upstream_delay__r2,baseline,upstream_delay,2,4134949018,cost_units,157.500000164864
baseline__upstream_delay__r2,baseline,upstream_delay,2,4134949018,manual_interventions,1.0
baseline__upstream_delay__r2,baseline,upstream_delay,2,4134949018,llm_tokens,0.0
baseline__upstream_delay__r2,baseline,upstream_delay,2,4134949018,freshness_s,138.092769
baseline__upstream_delay__r2,baseline,upstream_delay,2,4134949018,decision_correct,0.0
baseline__upstream_delay__r2,baseline,upstream_delay,2,4134949018,wall_clock_s,130.03042629201082
baseline__upstream_delay__r2,baseline,upstream_delay,2,4134949018,api_tokens,0.0
baseline__upstream_delay__r2,baseline,upstream_delay,2,4134949018,llm_calls,0.0
baseline__upstream_delay__r2,baseline,upstream_delay,2,4134949018,llm_cache_hits,0.0
baseline__upstream_delay__r2,baseline,upstream_delay,2,4134949018,llm_degraded,0.0
baseline__upstream_delay__r2,baseline,upstream_delay,2,4134949018,llm_invalid,0.0
baseline__upstream_delay__r2,baseline,upstream_delay,2,4134949018,llm_latency_s,0.0
baseline__upstream_delay__r3,baseline,upstream_delay,3,3195907637,mttr_s,290.62281
baseline__upstream_delay__r3,baseline,upstream_delay,3,3195907637,cost_units,157.500000164864
baseline__upstream_delay__r3,baseline,upstream_delay,3,3195907637,manual_interventions,1.0
baseline__upstream_delay__r3,baseline,upstream_delay,3,3195907637,llm_tokens,0.0
baseline__upstream_delay__r3,baseline,upstream_delay,3,3195907637,freshness_s,290.62281
baseline__upstream_delay__r3,baseline,upstream_delay,3,3195907637,decision_correct,0.0
baseline__upstream_delay__r3,baseline,upstream_delay,3,3195907637,wall_clock_s,131.39204220901593
baseline__upstream_delay__r3,baseline,upstream_delay,3,3195907637,api_tokens,0.0
baseline__upstream_delay__r3,baseline,upstream_delay,3,3195907637,llm_calls,0.0
baseline__upstream_delay__r3,baseline,upstream_delay,3,3195907637,llm_cache_hits,0.0
baseline__upstream_delay__r3,baseline,upstream_delay,3,3195907637,llm_degraded,0.0
baseline__upstream_delay__r3,baseline,upstream_delay,3,3195907637,llm_invalid,0.0
baseline__upstream_delay__r3,baseline,upstream_delay,3,3195907637,llm_latency_s,0.0
baseline__upstream_delay__r4,baseline,upstream_delay,4,434228639,mttr_s,333.004326
baseline__upstream_delay__r4,baseline,upstream_delay,4,434228639,cost_units,157.500000164864
baseline__upstream_delay__r4,baseline,upstream_delay,4,434228639,manual_interventions,1.0
baseline__upstream_delay__r4,baseline,upstream_delay,4,434228639,llm_tokens,0.0
baseline__upstream_delay__r4,baseline,upstream_delay,4,434228639,freshness_s,333.004326
baseline__upstream_delay__r4,baseline,upstream_delay,4,434228639,decision_correct,0.0
baseline__upstream_delay__r4,baseline,upstream_delay,4,434228639,wall_clock_s,130.60350004202337
baseline__upstream_delay__r4,baseline,upstream_delay,4,434228639,api_tokens,0.0
baseline__upstream_delay__r4,baseline,upstream_delay,4,434228639,llm_calls,0.0
baseline__upstream_delay__r4,baseline,upstream_delay,4,434228639,llm_cache_hits,0.0
baseline__upstream_delay__r4,baseline,upstream_delay,4,434228639,llm_degraded,0.0
baseline__upstream_delay__r4,baseline,upstream_delay,4,434228639,llm_invalid,0.0
baseline__upstream_delay__r4,baseline,upstream_delay,4,434228639,llm_latency_s,0.0
baseline__upstream_delay__r5,baseline,upstream_delay,5,13788228,mttr_s,280.311318
baseline__upstream_delay__r5,baseline,upstream_delay,5,13788228,cost_units,157.500000164864
baseline__upstream_delay__r5,baseline,upstream_delay,5,13788228,manual_interventions,1.0
baseline__upstream_delay__r5,baseline,upstream_delay,5,13788228,llm_tokens,0.0
baseline__upstream_delay__r5,baseline,upstream_delay,5,13788228,freshness_s,280.311318
baseline__upstream_delay__r5,baseline,upstream_delay,5,13788228,decision_correct,0.0
baseline__upstream_delay__r5,baseline,upstream_delay,5,13788228,wall_clock_s,131.3533332910156
baseline__upstream_delay__r5,baseline,upstream_delay,5,13788228,api_tokens,0.0
baseline__upstream_delay__r5,baseline,upstream_delay,5,13788228,llm_calls,0.0
baseline__upstream_delay__r5,baseline,upstream_delay,5,13788228,llm_cache_hits,0.0
baseline__upstream_delay__r5,baseline,upstream_delay,5,13788228,llm_degraded,0.0
baseline__upstream_delay__r5,baseline,upstream_delay,5,13788228,llm_invalid,0.0
baseline__upstream_delay__r5,baseline,upstream_delay,5,13788228,llm_latency_s,0.0
baseline__upstream_delay__r6,baseline,upstream_delay,6,4228933329,mttr_s,448.642423
baseline__upstream_delay__r6,baseline,upstream_delay,6,4228933329,cost_units,157.500000164864
baseline__upstream_delay__r6,baseline,upstream_delay,6,4228933329,manual_interventions,1.0
baseline__upstream_delay__r6,baseline,upstream_delay,6,4228933329,llm_tokens,0.0
baseline__upstream_delay__r6,baseline,upstream_delay,6,4228933329,freshness_s,448.642423
baseline__upstream_delay__r6,baseline,upstream_delay,6,4228933329,decision_correct,0.0
baseline__upstream_delay__r6,baseline,upstream_delay,6,4228933329,wall_clock_s,130.02936445901287
baseline__upstream_delay__r6,baseline,upstream_delay,6,4228933329,api_tokens,0.0
baseline__upstream_delay__r6,baseline,upstream_delay,6,4228933329,llm_calls,0.0
baseline__upstream_delay__r6,baseline,upstream_delay,6,4228933329,llm_cache_hits,0.0
baseline__upstream_delay__r6,baseline,upstream_delay,6,4228933329,llm_degraded,0.0
baseline__upstream_delay__r6,baseline,upstream_delay,6,4228933329,llm_invalid,0.0
baseline__upstream_delay__r6,baseline,upstream_delay,6,4228933329,llm_latency_s,0.0
baseline__upstream_delay__r7,baseline,upstream_delay,7,3988453933,mttr_s,275.872172
baseline__upstream_delay__r7,baseline,upstream_delay,7,3988453933,cost_units,157.500000164864
baseline__upstream_delay__r7,baseline,upstream_delay,7,3988453933,manual_interventions,1.0
baseline__upstream_delay__r7,baseline,upstream_delay,7,3988453933,llm_tokens,0.0
baseline__upstream_delay__r7,baseline,upstream_delay,7,3988453933,freshness_s,275.872172
baseline__upstream_delay__r7,baseline,upstream_delay,7,3988453933,decision_correct,0.0
baseline__upstream_delay__r7,baseline,upstream_delay,7,3988453933,wall_clock_s,130.24074704098166
baseline__upstream_delay__r7,baseline,upstream_delay,7,3988453933,api_tokens,0.0
baseline__upstream_delay__r7,baseline,upstream_delay,7,3988453933,llm_calls,0.0
baseline__upstream_delay__r7,baseline,upstream_delay,7,3988453933,llm_cache_hits,0.0
baseline__upstream_delay__r7,baseline,upstream_delay,7,3988453933,llm_degraded,0.0
baseline__upstream_delay__r7,baseline,upstream_delay,7,3988453933,llm_invalid,0.0
baseline__upstream_delay__r7,baseline,upstream_delay,7,3988453933,llm_latency_s,0.0
baseline__upstream_delay__r8,baseline,upstream_delay,8,3535591058,mttr_s,535.277361
baseline__upstream_delay__r8,baseline,upstream_delay,8,3535591058,cost_units,157.500000164864
baseline__upstream_delay__r8,baseline,upstream_delay,8,3535591058,manual_interventions,1.0
baseline__upstream_delay__r8,baseline,upstream_delay,8,3535591058,llm_tokens,0.0
baseline__upstream_delay__r8,baseline,upstream_delay,8,3535591058,freshness_s,535.277361
baseline__upstream_delay__r8,baseline,upstream_delay,8,3535591058,decision_correct,0.0
baseline__upstream_delay__r8,baseline,upstream_delay,8,3535591058,wall_clock_s,130.46695637499215
baseline__upstream_delay__r8,baseline,upstream_delay,8,3535591058,api_tokens,0.0
baseline__upstream_delay__r8,baseline,upstream_delay,8,3535591058,llm_calls,0.0
baseline__upstream_delay__r8,baseline,upstream_delay,8,3535591058,llm_cache_hits,0.0
baseline__upstream_delay__r8,baseline,upstream_delay,8,3535591058,llm_degraded,0.0
baseline__upstream_delay__r8,baseline,upstream_delay,8,3535591058,llm_invalid,0.0
baseline__upstream_delay__r8,baseline,upstream_delay,8,3535591058,llm_latency_s,0.0
baseline__upstream_delay__r9,baseline,upstream_delay,9,2548575349,mttr_s,373.413443
baseline__upstream_delay__r9,baseline,upstream_delay,9,2548575349,cost_units,157.500000164864
baseline__upstream_delay__r9,baseline,upstream_delay,9,2548575349,manual_interventions,1.0
baseline__upstream_delay__r9,baseline,upstream_delay,9,2548575349,llm_tokens,0.0
baseline__upstream_delay__r9,baseline,upstream_delay,9,2548575349,freshness_s,373.413443
baseline__upstream_delay__r9,baseline,upstream_delay,9,2548575349,decision_correct,0.0
baseline__upstream_delay__r9,baseline,upstream_delay,9,2548575349,wall_clock_s,130.51957370800665
baseline__upstream_delay__r9,baseline,upstream_delay,9,2548575349,api_tokens,0.0
baseline__upstream_delay__r9,baseline,upstream_delay,9,2548575349,llm_calls,0.0
baseline__upstream_delay__r9,baseline,upstream_delay,9,2548575349,llm_cache_hits,0.0
baseline__upstream_delay__r9,baseline,upstream_delay,9,2548575349,llm_degraded,0.0
baseline__upstream_delay__r9,baseline,upstream_delay,9,2548575349,llm_invalid,0.0
baseline__upstream_delay__r9,baseline,upstream_delay,9,2548575349,llm_latency_s,0.0
baseline__upstream_delay__r10,baseline,upstream_delay,10,3237889338,mttr_s,237.126542
baseline__upstream_delay__r10,baseline,upstream_delay,10,3237889338,cost_units,157.500000164864
baseline__upstream_delay__r10,baseline,upstream_delay,10,3237889338,manual_interventions,1.0
baseline__upstream_delay__r10,baseline,upstream_delay,10,3237889338,llm_tokens,0.0
baseline__upstream_delay__r10,baseline,upstream_delay,10,3237889338,freshness_s,237.126542
baseline__upstream_delay__r10,baseline,upstream_delay,10,3237889338,decision_correct,0.0
baseline__upstream_delay__r10,baseline,upstream_delay,10,3237889338,wall_clock_s,130.19480399999884
baseline__upstream_delay__r10,baseline,upstream_delay,10,3237889338,api_tokens,0.0
baseline__upstream_delay__r10,baseline,upstream_delay,10,3237889338,llm_calls,0.0
baseline__upstream_delay__r10,baseline,upstream_delay,10,3237889338,llm_cache_hits,0.0
baseline__upstream_delay__r10,baseline,upstream_delay,10,3237889338,llm_degraded,0.0
baseline__upstream_delay__r10,baseline,upstream_delay,10,3237889338,llm_invalid,0.0
baseline__upstream_delay__r10,baseline,upstream_delay,10,3237889338,llm_latency_s,0.0
baseline__upstream_delay__r11,baseline,upstream_delay,11,1143446411,mttr_s,219.430807
baseline__upstream_delay__r11,baseline,upstream_delay,11,1143446411,cost_units,157.500000164864
baseline__upstream_delay__r11,baseline,upstream_delay,11,1143446411,manual_interventions,1.0
baseline__upstream_delay__r11,baseline,upstream_delay,11,1143446411,llm_tokens,0.0
baseline__upstream_delay__r11,baseline,upstream_delay,11,1143446411,freshness_s,219.430807
baseline__upstream_delay__r11,baseline,upstream_delay,11,1143446411,decision_correct,0.0
baseline__upstream_delay__r11,baseline,upstream_delay,11,1143446411,wall_clock_s,130.72093683399726
baseline__upstream_delay__r11,baseline,upstream_delay,11,1143446411,api_tokens,0.0
baseline__upstream_delay__r11,baseline,upstream_delay,11,1143446411,llm_calls,0.0
baseline__upstream_delay__r11,baseline,upstream_delay,11,1143446411,llm_cache_hits,0.0
baseline__upstream_delay__r11,baseline,upstream_delay,11,1143446411,llm_degraded,0.0
baseline__upstream_delay__r11,baseline,upstream_delay,11,1143446411,llm_invalid,0.0
baseline__upstream_delay__r11,baseline,upstream_delay,11,1143446411,llm_latency_s,0.0
baseline__upstream_delay__r12,baseline,upstream_delay,12,3282973445,mttr_s,452.924629
baseline__upstream_delay__r12,baseline,upstream_delay,12,3282973445,cost_units,157.500000164864
baseline__upstream_delay__r12,baseline,upstream_delay,12,3282973445,manual_interventions,1.0
baseline__upstream_delay__r12,baseline,upstream_delay,12,3282973445,llm_tokens,0.0
baseline__upstream_delay__r12,baseline,upstream_delay,12,3282973445,freshness_s,452.924629
baseline__upstream_delay__r12,baseline,upstream_delay,12,3282973445,decision_correct,0.0
baseline__upstream_delay__r12,baseline,upstream_delay,12,3282973445,wall_clock_s,130.5244650419918
baseline__upstream_delay__r12,baseline,upstream_delay,12,3282973445,api_tokens,0.0
baseline__upstream_delay__r12,baseline,upstream_delay,12,3282973445,llm_calls,0.0
baseline__upstream_delay__r12,baseline,upstream_delay,12,3282973445,llm_cache_hits,0.0
baseline__upstream_delay__r12,baseline,upstream_delay,12,3282973445,llm_degraded,0.0
baseline__upstream_delay__r12,baseline,upstream_delay,12,3282973445,llm_invalid,0.0
baseline__upstream_delay__r12,baseline,upstream_delay,12,3282973445,llm_latency_s,0.0
baseline__upstream_delay__r13,baseline,upstream_delay,13,575424856,mttr_s,636.532531
baseline__upstream_delay__r13,baseline,upstream_delay,13,575424856,cost_units,157.500000164864
baseline__upstream_delay__r13,baseline,upstream_delay,13,575424856,manual_interventions,1.0
baseline__upstream_delay__r13,baseline,upstream_delay,13,575424856,llm_tokens,0.0
baseline__upstream_delay__r13,baseline,upstream_delay,13,575424856,freshness_s,636.532531
baseline__upstream_delay__r13,baseline,upstream_delay,13,575424856,decision_correct,0.0
baseline__upstream_delay__r13,baseline,upstream_delay,13,575424856,wall_clock_s,130.67058895900846
baseline__upstream_delay__r13,baseline,upstream_delay,13,575424856,api_tokens,0.0
baseline__upstream_delay__r13,baseline,upstream_delay,13,575424856,llm_calls,0.0
baseline__upstream_delay__r13,baseline,upstream_delay,13,575424856,llm_cache_hits,0.0
baseline__upstream_delay__r13,baseline,upstream_delay,13,575424856,llm_degraded,0.0
baseline__upstream_delay__r13,baseline,upstream_delay,13,575424856,llm_invalid,0.0
baseline__upstream_delay__r13,baseline,upstream_delay,13,575424856,llm_latency_s,0.0
baseline__upstream_delay__r14,baseline,upstream_delay,14,2659554923,mttr_s,178.420296
baseline__upstream_delay__r14,baseline,upstream_delay,14,2659554923,cost_units,157.500000164864
baseline__upstream_delay__r14,baseline,upstream_delay,14,2659554923,manual_interventions,1.0
baseline__upstream_delay__r14,baseline,upstream_delay,14,2659554923,llm_tokens,0.0
baseline__upstream_delay__r14,baseline,upstream_delay,14,2659554923,freshness_s,178.420296
baseline__upstream_delay__r14,baseline,upstream_delay,14,2659554923,decision_correct,0.0
baseline__upstream_delay__r14,baseline,upstream_delay,14,2659554923,wall_clock_s,130.54888858398772
baseline__upstream_delay__r14,baseline,upstream_delay,14,2659554923,api_tokens,0.0
baseline__upstream_delay__r14,baseline,upstream_delay,14,2659554923,llm_calls,0.0
baseline__upstream_delay__r14,baseline,upstream_delay,14,2659554923,llm_cache_hits,0.0
baseline__upstream_delay__r14,baseline,upstream_delay,14,2659554923,llm_degraded,0.0
baseline__upstream_delay__r14,baseline,upstream_delay,14,2659554923,llm_invalid,0.0
baseline__upstream_delay__r14,baseline,upstream_delay,14,2659554923,llm_latency_s,0.0
baseline__upstream_delay__r15,baseline,upstream_delay,15,1279040994,mttr_s,940.120898
baseline__upstream_delay__r15,baseline,upstream_delay,15,1279040994,cost_units,157.500000164864
baseline__upstream_delay__r15,baseline,upstream_delay,15,1279040994,manual_interventions,1.0
baseline__upstream_delay__r15,baseline,upstream_delay,15,1279040994,llm_tokens,0.0
baseline__upstream_delay__r15,baseline,upstream_delay,15,1279040994,freshness_s,940.120898
baseline__upstream_delay__r15,baseline,upstream_delay,15,1279040994,decision_correct,0.0
baseline__upstream_delay__r15,baseline,upstream_delay,15,1279040994,wall_clock_s,130.04527216701536
baseline__upstream_delay__r15,baseline,upstream_delay,15,1279040994,api_tokens,0.0
baseline__upstream_delay__r15,baseline,upstream_delay,15,1279040994,llm_calls,0.0
baseline__upstream_delay__r15,baseline,upstream_delay,15,1279040994,llm_cache_hits,0.0
baseline__upstream_delay__r15,baseline,upstream_delay,15,1279040994,llm_degraded,0.0
baseline__upstream_delay__r15,baseline,upstream_delay,15,1279040994,llm_invalid,0.0
baseline__upstream_delay__r15,baseline,upstream_delay,15,1279040994,llm_latency_s,0.0
baseline__upstream_delay__r16,baseline,upstream_delay,16,655923644,mttr_s,507.289153
baseline__upstream_delay__r16,baseline,upstream_delay,16,655923644,cost_units,157.500000164864
baseline__upstream_delay__r16,baseline,upstream_delay,16,655923644,manual_interventions,1.0
baseline__upstream_delay__r16,baseline,upstream_delay,16,655923644,llm_tokens,0.0
baseline__upstream_delay__r16,baseline,upstream_delay,16,655923644,freshness_s,507.289153
baseline__upstream_delay__r16,baseline,upstream_delay,16,655923644,decision_correct,0.0
baseline__upstream_delay__r16,baseline,upstream_delay,16,655923644,wall_clock_s,129.98302629200043
baseline__upstream_delay__r16,baseline,upstream_delay,16,655923644,api_tokens,0.0
baseline__upstream_delay__r16,baseline,upstream_delay,16,655923644,llm_calls,0.0
baseline__upstream_delay__r16,baseline,upstream_delay,16,655923644,llm_cache_hits,0.0
baseline__upstream_delay__r16,baseline,upstream_delay,16,655923644,llm_degraded,0.0
baseline__upstream_delay__r16,baseline,upstream_delay,16,655923644,llm_invalid,0.0
baseline__upstream_delay__r16,baseline,upstream_delay,16,655923644,llm_latency_s,0.0
baseline__upstream_delay__r17,baseline,upstream_delay,17,1975640276,mttr_s,560.789393
baseline__upstream_delay__r17,baseline,upstream_delay,17,1975640276,cost_units,157.500000164864
baseline__upstream_delay__r17,baseline,upstream_delay,17,1975640276,manual_interventions,1.0
baseline__upstream_delay__r17,baseline,upstream_delay,17,1975640276,llm_tokens,0.0
baseline__upstream_delay__r17,baseline,upstream_delay,17,1975640276,freshness_s,560.789393
baseline__upstream_delay__r17,baseline,upstream_delay,17,1975640276,decision_correct,0.0
baseline__upstream_delay__r17,baseline,upstream_delay,17,1975640276,wall_clock_s,130.33039062499302
baseline__upstream_delay__r17,baseline,upstream_delay,17,1975640276,api_tokens,0.0
baseline__upstream_delay__r17,baseline,upstream_delay,17,1975640276,llm_calls,0.0
baseline__upstream_delay__r17,baseline,upstream_delay,17,1975640276,llm_cache_hits,0.0
baseline__upstream_delay__r17,baseline,upstream_delay,17,1975640276,llm_degraded,0.0
baseline__upstream_delay__r17,baseline,upstream_delay,17,1975640276,llm_invalid,0.0
baseline__upstream_delay__r17,baseline,upstream_delay,17,1975640276,llm_latency_s,0.0
baseline__upstream_delay__r18,baseline,upstream_delay,18,3030150839,mttr_s,283.236129
baseline__upstream_delay__r18,baseline,upstream_delay,18,3030150839,cost_units,157.500000164864
baseline__upstream_delay__r18,baseline,upstream_delay,18,3030150839,manual_interventions,1.0
baseline__upstream_delay__r18,baseline,upstream_delay,18,3030150839,llm_tokens,0.0
baseline__upstream_delay__r18,baseline,upstream_delay,18,3030150839,freshness_s,283.236129
baseline__upstream_delay__r18,baseline,upstream_delay,18,3030150839,decision_correct,0.0
baseline__upstream_delay__r18,baseline,upstream_delay,18,3030150839,wall_clock_s,130.40955108299386
baseline__upstream_delay__r18,baseline,upstream_delay,18,3030150839,api_tokens,0.0
baseline__upstream_delay__r18,baseline,upstream_delay,18,3030150839,llm_calls,0.0
baseline__upstream_delay__r18,baseline,upstream_delay,18,3030150839,llm_cache_hits,0.0
baseline__upstream_delay__r18,baseline,upstream_delay,18,3030150839,llm_degraded,0.0
baseline__upstream_delay__r18,baseline,upstream_delay,18,3030150839,llm_invalid,0.0
baseline__upstream_delay__r18,baseline,upstream_delay,18,3030150839,llm_latency_s,0.0
baseline__upstream_delay__r19,baseline,upstream_delay,19,4027236003,mttr_s,257.605147
baseline__upstream_delay__r19,baseline,upstream_delay,19,4027236003,cost_units,157.500000164864
baseline__upstream_delay__r19,baseline,upstream_delay,19,4027236003,manual_interventions,1.0
baseline__upstream_delay__r19,baseline,upstream_delay,19,4027236003,llm_tokens,0.0
baseline__upstream_delay__r19,baseline,upstream_delay,19,4027236003,freshness_s,257.605147
baseline__upstream_delay__r19,baseline,upstream_delay,19,4027236003,decision_correct,0.0
baseline__upstream_delay__r19,baseline,upstream_delay,19,4027236003,wall_clock_s,130.7369982499804
baseline__upstream_delay__r19,baseline,upstream_delay,19,4027236003,api_tokens,0.0
baseline__upstream_delay__r19,baseline,upstream_delay,19,4027236003,llm_calls,0.0
baseline__upstream_delay__r19,baseline,upstream_delay,19,4027236003,llm_cache_hits,0.0
baseline__upstream_delay__r19,baseline,upstream_delay,19,4027236003,llm_degraded,0.0
baseline__upstream_delay__r19,baseline,upstream_delay,19,4027236003,llm_invalid,0.0
baseline__upstream_delay__r19,baseline,upstream_delay,19,4027236003,llm_latency_s,0.0
baseline__resource_contention__r0,baseline,resource_contention,0,1199827512,mttr_s,231.839256
baseline__resource_contention__r0,baseline,resource_contention,0,1199827512,cost_units,607.5000021432322
baseline__resource_contention__r0,baseline,resource_contention,0,1199827512,manual_interventions,1.0
baseline__resource_contention__r0,baseline,resource_contention,0,1199827512,llm_tokens,0.0
baseline__resource_contention__r0,baseline,resource_contention,0,1199827512,freshness_s,0.0
baseline__resource_contention__r0,baseline,resource_contention,0,1199827512,decision_correct,0.0
baseline__resource_contention__r0,baseline,resource_contention,0,1199827512,wall_clock_s,310.94374037499074
baseline__resource_contention__r0,baseline,resource_contention,0,1199827512,api_tokens,0.0
baseline__resource_contention__r0,baseline,resource_contention,0,1199827512,llm_calls,0.0
baseline__resource_contention__r0,baseline,resource_contention,0,1199827512,llm_cache_hits,0.0
baseline__resource_contention__r0,baseline,resource_contention,0,1199827512,llm_degraded,0.0
baseline__resource_contention__r0,baseline,resource_contention,0,1199827512,llm_invalid,0.0
baseline__resource_contention__r0,baseline,resource_contention,0,1199827512,llm_latency_s,0.0
baseline__resource_contention__r1,baseline,resource_contention,1,3831704375,mttr_s,340.907191
baseline__resource_contention__r1,baseline,resource_contention,1,3831704375,cost_units,607.5000021432322
baseline__resource_contention__r1,baseline,resource_contention,1,3831704375,manual_interventions,1.0
baseline__resource_contention__r1,baseline,resource_contention,1,3831704375,llm_tokens,0.0
baseline__resource_contention__r1,baseline,resource_contention,1,3831704375,freshness_s,0.0
baseline__resource_contention__r1,baseline,resource_contention,1,3831704375,decision_correct,0.0
baseline__resource_contention__r1,baseline,resource_contention,1,3831704375,wall_clock_s,311.2496738330228
baseline__resource_contention__r1,baseline,resource_contention,1,3831704375,api_tokens,0.0
baseline__resource_contention__r1,baseline,resource_contention,1,3831704375,llm_calls,0.0
baseline__resource_contention__r1,baseline,resource_contention,1,3831704375,llm_cache_hits,0.0
baseline__resource_contention__r1,baseline,resource_contention,1,3831704375,llm_degraded,0.0
baseline__resource_contention__r1,baseline,resource_contention,1,3831704375,llm_invalid,0.0
baseline__resource_contention__r1,baseline,resource_contention,1,3831704375,llm_latency_s,0.0
baseline__resource_contention__r2,baseline,resource_contention,2,1834146410,mttr_s,380.112624
baseline__resource_contention__r2,baseline,resource_contention,2,1834146410,cost_units,607.5000021432322
baseline__resource_contention__r2,baseline,resource_contention,2,1834146410,manual_interventions,1.0
baseline__resource_contention__r2,baseline,resource_contention,2,1834146410,llm_tokens,0.0
baseline__resource_contention__r2,baseline,resource_contention,2,1834146410,freshness_s,0.0
baseline__resource_contention__r2,baseline,resource_contention,2,1834146410,decision_correct,0.0
baseline__resource_contention__r2,baseline,resource_contention,2,1834146410,wall_clock_s,311.4479864589812
baseline__resource_contention__r2,baseline,resource_contention,2,1834146410,api_tokens,0.0
baseline__resource_contention__r2,baseline,resource_contention,2,1834146410,llm_calls,0.0
baseline__resource_contention__r2,baseline,resource_contention,2,1834146410,llm_cache_hits,0.0
baseline__resource_contention__r2,baseline,resource_contention,2,1834146410,llm_degraded,0.0
baseline__resource_contention__r2,baseline,resource_contention,2,1834146410,llm_invalid,0.0
baseline__resource_contention__r2,baseline,resource_contention,2,1834146410,llm_latency_s,0.0
baseline__resource_contention__r3,baseline,resource_contention,3,2772307714,mttr_s,443.075061
baseline__resource_contention__r3,baseline,resource_contention,3,2772307714,cost_units,607.5000021432322
baseline__resource_contention__r3,baseline,resource_contention,3,2772307714,manual_interventions,1.0
baseline__resource_contention__r3,baseline,resource_contention,3,2772307714,llm_tokens,0.0
baseline__resource_contention__r3,baseline,resource_contention,3,2772307714,freshness_s,0.0
baseline__resource_contention__r3,baseline,resource_contention,3,2772307714,decision_correct,0.0
baseline__resource_contention__r3,baseline,resource_contention,3,2772307714,wall_clock_s,310.1531193749979
baseline__resource_contention__r3,baseline,resource_contention,3,2772307714,api_tokens,0.0
baseline__resource_contention__r3,baseline,resource_contention,3,2772307714,llm_calls,0.0
baseline__resource_contention__r3,baseline,resource_contention,3,2772307714,llm_cache_hits,0.0
baseline__resource_contention__r3,baseline,resource_contention,3,2772307714,llm_degraded,0.0
baseline__resource_contention__r3,baseline,resource_contention,3,2772307714,llm_invalid,0.0
baseline__resource_contention__r3,baseline,resource_contention,3,2772307714,llm_latency_s,0.0
baseline__resource_contention__r4,baseline,resource_contention,4,4060725460,mttr_s,409.216719
baseline__resource_contention__r4,baseline,resource_contention,4,4060725460,cost_units,607.5000021432322
baseline__resource_contention__r4,baseline,resource_contention,4,4060725460,manual_interventions,1.0
baseline__resource_contention__r4,baseline,resource_contention,4,4060725460,llm_tokens,0.0
baseline__resource_contention__r4,baseline,resource_contention,4,4060725460,freshness_s,0.0
baseline__resource_contention__r4,baseline,resource_contention,4,4060725460,decision_correct,0.0
baseline__resource_contention__r4,baseline,resource_contention,4,4060725460,wall_clock_s,310.1991949590156
baseline__resource_contention__r4,baseline,resource_contention,4,4060725460,api_tokens,0.0
baseline__resource_contention__r4,baseline,resource_contention,4,4060725460,llm_calls,0.0
baseline__resource_contention__r4,baseline,resource_contention,4,4060725460,llm_cache_hits,0.0
baseline__resource_contention__r4,baseline,resource_contention,4,4060725460,llm_degraded,0.0
baseline__resource_contention__r4,baseline,resource_contention,4,4060725460,llm_invalid,0.0
baseline__resource_contention__r4,baseline,resource_contention,4,4060725460,llm_latency_s,0.0
baseline__resource_contention__r5,baseline,resource_contention,5,1289853257,mttr_s,178.319422
baseline__resource_contention__r5,baseline,resource_contention,5,1289853257,cost_units,607.5000021432322
baseline__resource_contention__r5,baseline,resource_contention,5,1289853257,manual_interventions,1.0
baseline__resource_contention__r5,baseline,resource_contention,5,1289853257,llm_tokens,0.0
baseline__resource_contention__r5,baseline,resource_contention,5,1289853257,freshness_s,0.0
baseline__resource_contention__r5,baseline,resource_contention,5,1289853257,decision_correct,0.0
baseline__resource_contention__r5,baseline,resource_contention,5,1289853257,wall_clock_s,310.0167602500005
baseline__resource_contention__r5,baseline,resource_contention,5,1289853257,api_tokens,0.0
baseline__resource_contention__r5,baseline,resource_contention,5,1289853257,llm_calls,0.0
baseline__resource_contention__r5,baseline,resource_contention,5,1289853257,llm_cache_hits,0.0
baseline__resource_contention__r5,baseline,resource_contention,5,1289853257,llm_degraded,0.0
baseline__resource_contention__r5,baseline,resource_contention,5,1289853257,llm_invalid,0.0
baseline__resource_contention__r5,baseline,resource_contention,5,1289853257,llm_latency_s,0.0
baseline__resource_contention__r6,baseline,resource_contention,6,1022542840,mttr_s,773.896578
baseline__resource_contention__r6,baseline,resource_contention,6,1022542840,cost_units,607.5000021432322
baseline__resource_contention__r6,baseline,resource_contention,6,1022542840,manual_interventions,1.0
baseline__resource_contention__r6,baseline,resource_contention,6,1022542840,llm_tokens,0.0
baseline__resource_contention__r6,baseline,resource_contention,6,1022542840,freshness_s,0.0
baseline__resource_contention__r6,baseline,resource_contention,6,1022542840,decision_correct,0.0
baseline__resource_contention__r6,baseline,resource_contention,6,1022542840,wall_clock_s,310.7652897499793
baseline__resource_contention__r6,baseline,resource_contention,6,1022542840,api_tokens,0.0
baseline__resource_contention__r6,baseline,resource_contention,6,1022542840,llm_calls,0.0
baseline__resource_contention__r6,baseline,resource_contention,6,1022542840,llm_cache_hits,0.0
baseline__resource_contention__r6,baseline,resource_contention,6,1022542840,llm_degraded,0.0
baseline__resource_contention__r6,baseline,resource_contention,6,1022542840,llm_invalid,0.0
baseline__resource_contention__r6,baseline,resource_contention,6,1022542840,llm_latency_s,0.0
baseline__resource_contention__r7,baseline,resource_contention,7,1296416084,mttr_s,392.165991
baseline__resource_contention__r7,baseline,resource_contention,7,1296416084,cost_units,607.5000021432322
baseline__resource_contention__r7,baseline,resource_contention,7,1296416084,manual_interventions,1.0
baseline__resource_contention__r7,baseline,resource_contention,7,1296416084,llm_tokens,0.0
baseline__resource_contention__r7,baseline,resource_contention,7,1296416084,freshness_s,0.0
baseline__resource_contention__r7,baseline,resource_contention,7,1296416084,decision_correct,0.0
baseline__resource_contention__r7,baseline,resource_contention,7,1296416084,wall_clock_s,310.6524296250136
baseline__resource_contention__r7,baseline,resource_contention,7,1296416084,api_tokens,0.0
baseline__resource_contention__r7,baseline,resource_contention,7,1296416084,llm_calls,0.0
baseline__resource_contention__r7,baseline,resource_contention,7,1296416084,llm_cache_hits,0.0
baseline__resource_contention__r7,baseline,resource_contention,7,1296416084,llm_degraded,0.0
baseline__resource_contention__r7,baseline,resource_contention,7,1296416084,llm_invalid,0.0
baseline__resource_contention__r7,baseline,resource_contention,7,1296416084,llm_latency_s,0.0
baseline__resource_contention__r8,baseline,resource_contention,8,2843305504,mttr_s,622.846085
baseline__resource_contention__r8,baseline,resource_contention,8,2843305504,cost_units,607.5000021432322
baseline__resource_contention__r8,baseline,resource_contention,8,2843305504,manual_interventions,1.0
baseline__resource_contention__r8,baseline,resource_contention,8,2843305504,llm_tokens,0.0
baseline__resource_contention__r8,baseline,resource_contention,8,2843305504,freshness_s,0.0
baseline__resource_contention__r8,baseline,resource_contention,8,2843305504,decision_correct,0.0
baseline__resource_contention__r8,baseline,resource_contention,8,2843305504,wall_clock_s,310.8182984160085
baseline__resource_contention__r8,baseline,resource_contention,8,2843305504,api_tokens,0.0
baseline__resource_contention__r8,baseline,resource_contention,8,2843305504,llm_calls,0.0
baseline__resource_contention__r8,baseline,resource_contention,8,2843305504,llm_cache_hits,0.0
baseline__resource_contention__r8,baseline,resource_contention,8,2843305504,llm_degraded,0.0
baseline__resource_contention__r8,baseline,resource_contention,8,2843305504,llm_invalid,0.0
baseline__resource_contention__r8,baseline,resource_contention,8,2843305504,llm_latency_s,0.0
baseline__resource_contention__r9,baseline,resource_contention,9,4065977367,mttr_s,138.579495
baseline__resource_contention__r9,baseline,resource_contention,9,4065977367,cost_units,607.5000021432322
baseline__resource_contention__r9,baseline,resource_contention,9,4065977367,manual_interventions,1.0
baseline__resource_contention__r9,baseline,resource_contention,9,4065977367,llm_tokens,0.0
baseline__resource_contention__r9,baseline,resource_contention,9,4065977367,freshness_s,0.0
baseline__resource_contention__r9,baseline,resource_contention,9,4065977367,decision_correct,0.0
baseline__resource_contention__r9,baseline,resource_contention,9,4065977367,wall_clock_s,310.69920899998397
baseline__resource_contention__r9,baseline,resource_contention,9,4065977367,api_tokens,0.0
baseline__resource_contention__r9,baseline,resource_contention,9,4065977367,llm_calls,0.0
baseline__resource_contention__r9,baseline,resource_contention,9,4065977367,llm_cache_hits,0.0
baseline__resource_contention__r9,baseline,resource_contention,9,4065977367,llm_degraded,0.0
baseline__resource_contention__r9,baseline,resource_contention,9,4065977367,llm_invalid,0.0
baseline__resource_contention__r9,baseline,resource_contention,9,4065977367,llm_latency_s,0.0
baseline__resource_contention__r10,baseline,resource_contention,10,834118681,mttr_s,402.688233
baseline__resource_contention__r10,baseline,resource_contention,10,834118681,cost_units,607.5000021432322
baseline__resource_contention__r10,baseline,resource_contention,10,834118681,manual_interventions,1.0
baseline__resource_contention__r10,baseline,resource_contention,10,834118681,llm_tokens,0.0
baseline__resource_contention__r10,baseline,resource_contention,10,834118681,freshness_s,0.0
baseline__resource_contention__r10,baseline,resource_contention,10,834118681,decision_correct,0.0
baseline__resource_contention__r10,baseline,resource_contention,10,834118681,wall_clock_s,309.96901645799517
baseline__resource_contention__r10,baseline,resource_contention,10,834118681,api_tokens,0.0
baseline__resource_contention__r10,baseline,resource_contention,10,834118681,llm_calls,0.0
baseline__resource_contention__r10,baseline,resource_contention,10,834118681,llm_cache_hits,0.0
baseline__resource_contention__r10,baseline,resource_contention,10,834118681,llm_degraded,0.0
baseline__resource_contention__r10,baseline,resource_contention,10,834118681,llm_invalid,0.0
baseline__resource_contention__r10,baseline,resource_contention,10,834118681,llm_latency_s,0.0
baseline__resource_contention__r11,baseline,resource_contention,11,3510646816,mttr_s,200.843751
baseline__resource_contention__r11,baseline,resource_contention,11,3510646816,cost_units,607.5000021432322
baseline__resource_contention__r11,baseline,resource_contention,11,3510646816,manual_interventions,1.0
baseline__resource_contention__r11,baseline,resource_contention,11,3510646816,llm_tokens,0.0
baseline__resource_contention__r11,baseline,resource_contention,11,3510646816,freshness_s,0.0
baseline__resource_contention__r11,baseline,resource_contention,11,3510646816,decision_correct,0.0
baseline__resource_contention__r11,baseline,resource_contention,11,3510646816,wall_clock_s,310.1366704159882
baseline__resource_contention__r11,baseline,resource_contention,11,3510646816,api_tokens,0.0
baseline__resource_contention__r11,baseline,resource_contention,11,3510646816,llm_calls,0.0
baseline__resource_contention__r11,baseline,resource_contention,11,3510646816,llm_cache_hits,0.0
baseline__resource_contention__r11,baseline,resource_contention,11,3510646816,llm_degraded,0.0
baseline__resource_contention__r11,baseline,resource_contention,11,3510646816,llm_invalid,0.0
baseline__resource_contention__r11,baseline,resource_contention,11,3510646816,llm_latency_s,0.0
baseline__resource_contention__r12,baseline,resource_contention,12,1944290830,mttr_s,482.476786
baseline__resource_contention__r12,baseline,resource_contention,12,1944290830,cost_units,607.5000021432322
baseline__resource_contention__r12,baseline,resource_contention,12,1944290830,manual_interventions,1.0
baseline__resource_contention__r12,baseline,resource_contention,12,1944290830,llm_tokens,0.0
baseline__resource_contention__r12,baseline,resource_contention,12,1944290830,freshness_s,0.0
baseline__resource_contention__r12,baseline,resource_contention,12,1944290830,decision_correct,0.0
baseline__resource_contention__r12,baseline,resource_contention,12,1944290830,wall_clock_s,310.4782413750072
baseline__resource_contention__r12,baseline,resource_contention,12,1944290830,api_tokens,0.0
baseline__resource_contention__r12,baseline,resource_contention,12,1944290830,llm_calls,0.0
baseline__resource_contention__r12,baseline,resource_contention,12,1944290830,llm_cache_hits,0.0
baseline__resource_contention__r12,baseline,resource_contention,12,1944290830,llm_degraded,0.0
baseline__resource_contention__r12,baseline,resource_contention,12,1944290830,llm_invalid,0.0
baseline__resource_contention__r12,baseline,resource_contention,12,1944290830,llm_latency_s,0.0
baseline__resource_contention__r13,baseline,resource_contention,13,289070887,mttr_s,512.979879
baseline__resource_contention__r13,baseline,resource_contention,13,289070887,cost_units,607.5000021432322
baseline__resource_contention__r13,baseline,resource_contention,13,289070887,manual_interventions,1.0
baseline__resource_contention__r13,baseline,resource_contention,13,289070887,llm_tokens,0.0
baseline__resource_contention__r13,baseline,resource_contention,13,289070887,freshness_s,0.0
baseline__resource_contention__r13,baseline,resource_contention,13,289070887,decision_correct,0.0
baseline__resource_contention__r13,baseline,resource_contention,13,289070887,wall_clock_s,310.32606491600745
baseline__resource_contention__r13,baseline,resource_contention,13,289070887,api_tokens,0.0
baseline__resource_contention__r13,baseline,resource_contention,13,289070887,llm_calls,0.0
baseline__resource_contention__r13,baseline,resource_contention,13,289070887,llm_cache_hits,0.0
baseline__resource_contention__r13,baseline,resource_contention,13,289070887,llm_degraded,0.0
baseline__resource_contention__r13,baseline,resource_contention,13,289070887,llm_invalid,0.0
baseline__resource_contention__r13,baseline,resource_contention,13,289070887,llm_latency_s,0.0
baseline__resource_contention__r14,baseline,resource_contention,14,373885050,mttr_s,175.721846
baseline__resource_contention__r14,baseline,resource_contention,14,373885050,cost_units,607.5000021432322
baseline__resource_contention__r14,baseline,resource_contention,14,373885050,manual_interventions,1.0
baseline__resource_contention__r14,baseline,resource_contention,14,373885050,llm_tokens,0.0
baseline__resource_contention__r14,baseline,resource_contention,14,373885050,freshness_s,0.0
baseline__resource_contention__r14,baseline,resource_contention,14,373885050,decision_correct,0.0
baseline__resource_contention__r14,baseline,resource_contention,14,373885050,wall_clock_s,310.31855349999387
baseline__resource_contention__r14,baseline,resource_contention,14,373885050,api_tokens,0.0
baseline__resource_contention__r14,baseline,resource_contention,14,373885050,llm_calls,0.0
baseline__resource_contention__r14,baseline,resource_contention,14,373885050,llm_cache_hits,0.0
baseline__resource_contention__r14,baseline,resource_contention,14,373885050,llm_degraded,0.0
baseline__resource_contention__r14,baseline,resource_contention,14,373885050,llm_invalid,0.0
baseline__resource_contention__r14,baseline,resource_contention,14,373885050,llm_latency_s,0.0
baseline__resource_contention__r15,baseline,resource_contention,15,714904492,mttr_s,345.9473
baseline__resource_contention__r15,baseline,resource_contention,15,714904492,cost_units,607.5000021432322
baseline__resource_contention__r15,baseline,resource_contention,15,714904492,manual_interventions,1.0
baseline__resource_contention__r15,baseline,resource_contention,15,714904492,llm_tokens,0.0
baseline__resource_contention__r15,baseline,resource_contention,15,714904492,freshness_s,0.0
baseline__resource_contention__r15,baseline,resource_contention,15,714904492,decision_correct,0.0
baseline__resource_contention__r15,baseline,resource_contention,15,714904492,wall_clock_s,310.7219800419989
baseline__resource_contention__r15,baseline,resource_contention,15,714904492,api_tokens,0.0
baseline__resource_contention__r15,baseline,resource_contention,15,714904492,llm_calls,0.0
baseline__resource_contention__r15,baseline,resource_contention,15,714904492,llm_cache_hits,0.0
baseline__resource_contention__r15,baseline,resource_contention,15,714904492,llm_degraded,0.0
baseline__resource_contention__r15,baseline,resource_contention,15,714904492,llm_invalid,0.0
baseline__resource_contention__r15,baseline,resource_contention,15,714904492,llm_latency_s,0.0
baseline__resource_contention__r16,baseline,resource_contention,16,4141962077,mttr_s,452.13683
baseline__resource_contention__r16,baseline,resource_contention,16,4141962077,cost_units,607.5000021432322
baseline__resource_contention__r16,baseline,resource_contention,16,4141962077,manual_interventions,1.0
baseline__resource_contention__r16,baseline,resource_contention,16,4141962077,llm_tokens,0.0
baseline__resource_contention__r16,baseline,resource_contention,16,4141962077,freshness_s,0.0
baseline__resource_contention__r16,baseline,resource_contention,16,4141962077,decision_correct,0.0
baseline__resource_contention__r16,baseline,resource_contention,16,4141962077,wall_clock_s,310.81651475001127
baseline__resource_contention__r16,baseline,resource_contention,16,4141962077,api_tokens,0.0
baseline__resource_contention__r16,baseline,resource_contention,16,4141962077,llm_calls,0.0
baseline__resource_contention__r16,baseline,resource_contention,16,4141962077,llm_cache_hits,0.0
baseline__resource_contention__r16,baseline,resource_contention,16,4141962077,llm_degraded,0.0
baseline__resource_contention__r16,baseline,resource_contention,16,4141962077,llm_invalid,0.0
baseline__resource_contention__r16,baseline,resource_contention,16,4141962077,llm_latency_s,0.0
baseline__resource_contention__r17,baseline,resource_contention,17,2845888382,mttr_s,948.830283
baseline__resource_contention__r17,baseline,resource_contention,17,2845888382,cost_units,607.5000021432322
baseline__resource_contention__r17,baseline,resource_contention,17,2845888382,manual_interventions,1.0
baseline__resource_contention__r17,baseline,resource_contention,17,2845888382,llm_tokens,0.0
baseline__resource_contention__r17,baseline,resource_contention,17,2845888382,freshness_s,0.0
baseline__resource_contention__r17,baseline,resource_contention,17,2845888382,decision_correct,0.0
baseline__resource_contention__r17,baseline,resource_contention,17,2845888382,wall_clock_s,310.6874482079875
baseline__resource_contention__r17,baseline,resource_contention,17,2845888382,api_tokens,0.0
baseline__resource_contention__r17,baseline,resource_contention,17,2845888382,llm_calls,0.0
baseline__resource_contention__r17,baseline,resource_contention,17,2845888382,llm_cache_hits,0.0
baseline__resource_contention__r17,baseline,resource_contention,17,2845888382,llm_degraded,0.0
baseline__resource_contention__r17,baseline,resource_contention,17,2845888382,llm_invalid,0.0
baseline__resource_contention__r17,baseline,resource_contention,17,2845888382,llm_latency_s,0.0
baseline__resource_contention__r18,baseline,resource_contention,18,3363749393,mttr_s,321.242103
baseline__resource_contention__r18,baseline,resource_contention,18,3363749393,cost_units,607.5000021432322
baseline__resource_contention__r18,baseline,resource_contention,18,3363749393,manual_interventions,1.0
baseline__resource_contention__r18,baseline,resource_contention,18,3363749393,llm_tokens,0.0
baseline__resource_contention__r18,baseline,resource_contention,18,3363749393,freshness_s,0.0
baseline__resource_contention__r18,baseline,resource_contention,18,3363749393,decision_correct,0.0
baseline__resource_contention__r18,baseline,resource_contention,18,3363749393,wall_clock_s,310.7331246669928
baseline__resource_contention__r18,baseline,resource_contention,18,3363749393,api_tokens,0.0
baseline__resource_contention__r18,baseline,resource_contention,18,3363749393,llm_calls,0.0
baseline__resource_contention__r18,baseline,resource_contention,18,3363749393,llm_cache_hits,0.0
baseline__resource_contention__r18,baseline,resource_contention,18,3363749393,llm_degraded,0.0
baseline__resource_contention__r18,baseline,resource_contention,18,3363749393,llm_invalid,0.0
baseline__resource_contention__r18,baseline,resource_contention,18,3363749393,llm_latency_s,0.0
baseline__resource_contention__r19,baseline,resource_contention,19,842213240,mttr_s,266.086378
baseline__resource_contention__r19,baseline,resource_contention,19,842213240,cost_units,607.5000021432322
baseline__resource_contention__r19,baseline,resource_contention,19,842213240,manual_interventions,1.0
baseline__resource_contention__r19,baseline,resource_contention,19,842213240,llm_tokens,0.0
baseline__resource_contention__r19,baseline,resource_contention,19,842213240,freshness_s,0.0
baseline__resource_contention__r19,baseline,resource_contention,19,842213240,decision_correct,0.0
baseline__resource_contention__r19,baseline,resource_contention,19,842213240,wall_clock_s,310.51121799999964
baseline__resource_contention__r19,baseline,resource_contention,19,842213240,api_tokens,0.0
baseline__resource_contention__r19,baseline,resource_contention,19,842213240,llm_calls,0.0
baseline__resource_contention__r19,baseline,resource_contention,19,842213240,llm_cache_hits,0.0
baseline__resource_contention__r19,baseline,resource_contention,19,842213240,llm_degraded,0.0
baseline__resource_contention__r19,baseline,resource_contention,19,842213240,llm_invalid,0.0
baseline__resource_contention__r19,baseline,resource_contention,19,842213240,llm_latency_s,0.0
baseline__ingress_burst__r0,baseline,ingress_burst,0,3623909795,mttr_s,360.970265
baseline__ingress_burst__r0,baseline,ingress_burst,0,3623909795,cost_units,157.500000164864
baseline__ingress_burst__r0,baseline,ingress_burst,0,3623909795,manual_interventions,1.0
baseline__ingress_burst__r0,baseline,ingress_burst,0,3623909795,llm_tokens,0.0
baseline__ingress_burst__r0,baseline,ingress_burst,0,3623909795,freshness_s,360.970265
baseline__ingress_burst__r0,baseline,ingress_burst,0,3623909795,decision_correct,0.0
baseline__ingress_burst__r0,baseline,ingress_burst,0,3623909795,wall_clock_s,130.35833208399708
baseline__ingress_burst__r0,baseline,ingress_burst,0,3623909795,api_tokens,0.0
baseline__ingress_burst__r0,baseline,ingress_burst,0,3623909795,llm_calls,0.0
baseline__ingress_burst__r0,baseline,ingress_burst,0,3623909795,llm_cache_hits,0.0
baseline__ingress_burst__r0,baseline,ingress_burst,0,3623909795,llm_degraded,0.0
baseline__ingress_burst__r0,baseline,ingress_burst,0,3623909795,llm_invalid,0.0
baseline__ingress_burst__r0,baseline,ingress_burst,0,3623909795,llm_latency_s,0.0
baseline__ingress_burst__r1,baseline,ingress_burst,1,904770841,mttr_s,272.893572
baseline__ingress_burst__r1,baseline,ingress_burst,1,904770841,cost_units,157.500000164864
baseline__ingress_burst__r1,baseline,ingress_burst,1,904770841,manual_interventions,1.0
baseline__ingress_burst__r1,baseline,ingress_burst,1,904770841,llm_tokens,0.0
baseline__ingress_burst__r1,baseline,ingress_burst,1,904770841,freshness_s,272.893572
baseline__ingress_burst__r1,baseline,ingress_burst,1,904770841,decision_correct,0.0
baseline__ingress_burst__r1,baseline,ingress_burst,1,904770841,wall_clock_s,130.31450358298025
baseline__ingress_burst__r1,baseline,ingress_burst,1,904770841,api_tokens,0.0
baseline__ingress_burst__r1,baseline,ingress_burst,1,904770841,llm_calls,0.0
baseline__ingress_burst__r1,baseline,ingress_burst,1,904770841,llm_cache_hits,0.0
baseline__ingress_burst__r1,baseline,ingress_burst,1,904770841,llm_degraded,0.0
baseline__ingress_burst__r1,baseline,ingress_burst,1,904770841,llm_invalid,0.0
baseline__ingress_burst__r1,baseline,ingress_burst,1,904770841,llm_latency_s,0.0
baseline__ingress_burst__r2,baseline,ingress_burst,2,2125342801,mttr_s,203.825854
baseline__ingress_burst__r2,baseline,ingress_burst,2,2125342801,cost_units,157.500000164864
baseline__ingress_burst__r2,baseline,ingress_burst,2,2125342801,manual_interventions,1.0
baseline__ingress_burst__r2,baseline,ingress_burst,2,2125342801,llm_tokens,0.0
baseline__ingress_burst__r2,baseline,ingress_burst,2,2125342801,freshness_s,203.825854
baseline__ingress_burst__r2,baseline,ingress_burst,2,2125342801,decision_correct,0.0
baseline__ingress_burst__r2,baseline,ingress_burst,2,2125342801,wall_clock_s,130.44106466599624
baseline__ingress_burst__r2,baseline,ingress_burst,2,2125342801,api_tokens,0.0
baseline__ingress_burst__r2,baseline,ingress_burst,2,2125342801,llm_calls,0.0
baseline__ingress_burst__r2,baseline,ingress_burst,2,2125342801,llm_cache_hits,0.0
baseline__ingress_burst__r2,baseline,ingress_burst,2,2125342801,llm_degraded,0.0
baseline__ingress_burst__r2,baseline,ingress_burst,2,2125342801,llm_invalid,0.0
baseline__ingress_burst__r2,baseline,ingress_burst,2,2125342801,llm_latency_s,0.0
baseline__ingress_burst__r3,baseline,ingress_burst,3,2988000338,mttr_s,342.037799
baseline__ingress_burst__r3,baseline,ingress_burst,3,2988000338,cost_units,157.500000164864
baseline__ingress_burst__r3,baseline,ingress_burst,3,2988000338,manual_interventions,1.0
baseline__ingress_burst__r3,baseline,ingress_burst,3,2988000338,llm_tokens,0.0
baseline__ingress_burst__r3,baseline,ingress_burst,3,2988000338,freshness_s,342.037799
baseline__ingress_burst__r3,baseline,ingress_burst,3,2988000338,decision_correct,0.0
baseline__ingress_burst__r3,baseline,ingress_burst,3,2988000338,wall_clock_s,129.47550279198913
baseline__ingress_burst__r3,baseline,ingress_burst,3,2988000338,api_tokens,0.0
baseline__ingress_burst__r3,baseline,ingress_burst,3,2988000338,llm_calls,0.0
baseline__ingress_burst__r3,baseline,ingress_burst,3,2988000338,llm_cache_hits,0.0
baseline__ingress_burst__r3,baseline,ingress_burst,3,2988000338,llm_degraded,0.0
baseline__ingress_burst__r3,baseline,ingress_burst,3,2988000338,llm_invalid,0.0
baseline__ingress_burst__r3,baseline,ingress_burst,3,2988000338,llm_latency_s,0.0
baseline__ingress_burst__r4,baseline,ingress_burst,4,2145080593,mttr_s,263.327501
baseline__ingress_burst__r4,baseline,ingress_burst,4,2145080593,cost_units,157.500000164864
baseline__ingress_burst__r4,baseline,ingress_burst,4,2145080593,manual_interventions,1.0
baseline__ingress_burst__r4,baseline,ingress_burst,4,2145080593,llm_tokens,0.0
baseline__ingress_burst__r4,baseline,ingress_burst,4,2145080593,freshness_s,263.327501
baseline__ingress_burst__r4,baseline,ingress_burst,4,2145080593,decision_correct,0.0
baseline__ingress_burst__r4,baseline,ingress_burst,4,2145080593,wall_clock_s,130.48418087500613
baseline__ingress_burst__r4,baseline,ingress_burst,4,2145080593,api_tokens,0.0
baseline__ingress_burst__r4,baseline,ingress_burst,4,2145080593,llm_calls,0.0
baseline__ingress_burst__r4,baseline,ingress_burst,4,2145080593,llm_cache_hits,0.0
baseline__ingress_burst__r4,baseline,ingress_burst,4,2145080593,llm_degraded,0.0
baseline__ingress_burst__r4,baseline,ingress_burst,4,2145080593,llm_invalid,0.0
baseline__ingress_burst__r4,baseline,ingress_burst,4,2145080593,llm_latency_s,0.0
baseline__ingress_burst__r5,baseline,ingress_burst,5,2765306228,mttr_s,1488.784559
baseline__ingress_burst__r5,baseline,ingress_burst,5,2765306228,cost_units,157.500000164864
baseline__ingress_burst__r5,baseline,ingress_burst,5,2765306228,manual_interventions,1.0
baseline__ingress_burst__r5,baseline,ingress_burst,5,2765306228,llm_tokens,0.0
baseline__ingress_burst__r5,baseline,ingress_burst,5,2765306228,freshness_s,1488.784559
baseline__ingress_burst__r5,baseline,ingress_burst,5,2765306228,decision_correct,0.0
baseline__ingress_burst__r5,baseline,ingress_burst,5,2765306228,wall_clock_s,130.56884995798464
baseline__ingress_burst__r5,baseline,ingress_burst,5,2765306228,api_tokens,0.0
baseline__ingress_burst__r5,baseline,ingress_burst,5,2765306228,llm_calls,0.0
baseline__ingress_burst__r5,baseline,ingress_burst,5,2765306228,llm_cache_hits,0.0
baseline__ingress_burst__r5,baseline,ingress_burst,5,2765306228,llm_degraded,0.0
baseline__ingress_burst__r5,baseline,ingress_burst,5,2765306228,llm_invalid,0.0
baseline__ingress_burst__r5,baseline,ingress_burst,5,2765306228,llm_latency_s,0.0
baseline__ingress_burst__r6,baseline,ingress_burst,6,1981308795,mttr_s,276.97288
baseline__ingress_burst__r6,baseline,ingress_burst,6,1981308795,cost_units,157.500000164864
baseline__ingress_burst__r6,baseline,ingress_burst,6,1981308795,manual_interventions,1.0
baseline__ingress_burst__r6,baseline,ingress_burst,6,1981308795,llm_tokens,0.0
baseline__ingress_burst__r6,baseline,ingress_burst,6,1981308795,freshness_s,276.97288
baseline__ingress_burst__r6,baseline,ingress_burst,6,1981308795,decision_correct,0.0
baseline__ingress_burst__r6,baseline,ingress_burst,6,1981308795,wall_clock_s,130.38046499999473
baseline__ingress_burst__r6,baseline,ingress_burst,6,1981308795,api_tokens,0.0
baseline__ingress_burst__r6,baseline,ingress_burst,6,1981308795,llm_calls,0.0
baseline__ingress_burst__r6,baseline,ingress_burst,6,1981308795,llm_cache_hits,0.0
baseline__ingress_burst__r6,baseline,ingress_burst,6,1981308795,llm_degraded,0.0
baseline__ingress_burst__r6,baseline,ingress_burst,6,1981308795,llm_invalid,0.0
baseline__ingress_burst__r6,baseline,ingress_burst,6,1981308795,llm_latency_s,0.0
baseline__ingress_burst__r7,baseline,ingress_burst,7,1233354315,mttr_s,256.529141
baseline__ingress_burst__r7,baseline,ingress_burst,7,1233354315,cost_units,157.500000164864
baseline__ingress_burst__r7,baseline,ingress_burst,7,1233354315,manual_interventions,1.0
baseline__ingress_burst__r7,baseline,ingress_burst,7,1233354315,llm_tokens,0.0
baseline__ingress_burst__r7,baseline,ingress_burst,7,1233354315,freshness_s,256.529141
baseline__ingress_burst__r7,baseline,ingress_burst,7,1233354315,decision_correct,0.0
baseline__ingress_burst__r7,baseline,ingress_burst,7,1233354315,wall_clock_s,130.50457950000418
baseline__ingress_burst__r7,baseline,ingress_burst,7,1233354315,api_tokens,0.0
baseline__ingress_burst__r7,baseline,ingress_burst,7,1233354315,llm_calls,0.0
baseline__ingress_burst__r7,baseline,ingress_burst,7,1233354315,llm_cache_hits,0.0
baseline__ingress_burst__r7,baseline,ingress_burst,7,1233354315,llm_degraded,0.0
baseline__ingress_burst__r7,baseline,ingress_burst,7,1233354315,llm_invalid,0.0
baseline__ingress_burst__r7,baseline,ingress_burst,7,1233354315,llm_latency_s,0.0
baseline__ingress_burst__r8,baseline,ingress_burst,8,2702673484,mttr_s,706.949682
baseline__ingress_burst__r8,baseline,ingress_burst,8,2702673484,cost_units,157.500000164864
baseline__ingress_burst__r8,baseline,ingress_burst,8,2702673484,manual_interventions,1.0
baseline__ingress_burst__r8,baseline,ingress_burst,8,2702673484,llm_tokens,0.0
baseline__ingress_burst__r8,baseline,ingress_burst,8,2702673484,freshness_s,706.949682
baseline__ingress_burst__r8,baseline,ingress_burst,8,2702673484,decision_correct,0.0
baseline__ingress_burst__r8,baseline,ingress_burst,8,2702673484,wall_clock_s,130.43595120799728
baseline__ingress_burst__r8,baseline,ingress_burst,8,2702673484,api_tokens,0.0
baseline__ingress_burst__r8,baseline,ingress_burst,8,2702673484,llm_calls,0.0
baseline__ingress_burst__r8,baseline,ingress_burst,8,2702673484,llm_cache_hits,0.0
baseline__ingress_burst__r8,baseline,ingress_burst,8,2702673484,llm_degraded,0.0
baseline__ingress_burst__r8,baseline,ingress_burst,8,2702673484,llm_invalid,0.0
baseline__ingress_burst__r8,baseline,ingress_burst,8,2702673484,llm_latency_s,0.0
baseline__ingress_burst__r9,baseline,ingress_burst,9,840324379,mttr_s,196.877674
baseline__ingress_burst__r9,baseline,ingress_burst,9,840324379,cost_units,157.500000164864
baseline__ingress_burst__r9,baseline,ingress_burst,9,840324379,manual_interventions,1.0
baseline__ingress_burst__r9,baseline,ingress_burst,9,840324379,llm_tokens,0.0
baseline__ingress_burst__r9,baseline,ingress_burst,9,840324379,freshness_s,196.877674
baseline__ingress_burst__r9,baseline,ingress_burst,9,840324379,decision_correct,0.0
baseline__ingress_burst__r9,baseline,ingress_burst,9,840324379,wall_clock_s,129.93119075000868
baseline__ingress_burst__r9,baseline,ingress_burst,9,840324379,api_tokens,0.0
baseline__ingress_burst__r9,baseline,ingress_burst,9,840324379,llm_calls,0.0
baseline__ingress_burst__r9,baseline,ingress_burst,9,840324379,llm_cache_hits,0.0
baseline__ingress_burst__r9,baseline,ingress_burst,9,840324379,llm_degraded,0.0
baseline__ingress_burst__r9,baseline,ingress_burst,9,840324379,llm_invalid,0.0
baseline__ingress_burst__r9,baseline,ingress_burst,9,840324379,llm_latency_s,0.0
baseline__ingress_burst__r10,baseline,ingress_burst,10,899711726,mttr_s,323.68983
baseline__ingress_burst__r10,baseline,ingress_burst,10,899711726,cost_units,157.500000164864
baseline__ingress_burst__r10,baseline,ingress_burst,10,899711726,manual_interventions,1.0
baseline__ingress_burst__r10,baseline,ingress_burst,10,899711726,llm_tokens,0.0
baseline__ingress_burst__r10,baseline,ingress_burst,10,899711726,freshness_s,323.68983
baseline__ingress_burst__r10,baseline,ingress_burst,10,899711726,decision_correct,0.0
baseline__ingress_burst__r10,baseline,ingress_burst,10,899711726,wall_clock_s,130.42291287498665
baseline__ingress_burst__r10,baseline,ingress_burst,10,899711726,api_tokens,0.0
baseline__ingress_burst__r10,baseline,ingress_burst,10,899711726,llm_calls,0.0
baseline__ingress_burst__r10,baseline,ingress_burst,10,899711726,llm_cache_hits,0.0
baseline__ingress_burst__r10,baseline,ingress_burst,10,899711726,llm_degraded,0.0
baseline__ingress_burst__r10,baseline,ingress_burst,10,899711726,llm_invalid,0.0
baseline__ingress_burst__r10,baseline,ingress_burst,10,899711726,llm_latency_s,0.0
baseline__ingress_burst__r11,baseline,ingress_burst,11,2740851888,mttr_s,526.918788
baseline__ingress_burst__r11,baseline,ingress_burst,11,2740851888,cost_units,157.500000164864
baseline__ingress_burst__r11,baseline,ingress_burst,11,2740851888,manual_interventions,1.0
baseline__ingress_burst__r11,baseline,ingress_burst,11,2740851888,llm_tokens,0.0
baseline__ingress_burst__r11,baseline,ingress_burst,11,2740851888,freshness_s,526.918788
baseline__ingress_burst__r11,baseline,ingress_burst,11,2740851888,decision_correct,0.0
baseline__ingress_burst__r11,baseline,ingress_burst,11,2740851888,wall_clock_s,130.3666602500016
baseline__ingress_burst__r11,baseline,ingress_burst,11,2740851888,api_tokens,0.0
baseline__ingress_burst__r11,baseline,ingress_burst,11,2740851888,llm_calls,0.0
baseline__ingress_burst__r11,baseline,ingress_burst,11,2740851888,llm_cache_hits,0.0
baseline__ingress_burst__r11,baseline,ingress_burst,11,2740851888,llm_degraded,0.0
baseline__ingress_burst__r11,baseline,ingress_burst,11,2740851888,llm_invalid,0.0
baseline__ingress_burst__r11,baseline,ingress_burst,11,2740851888,llm_latency_s,0.0
baseline__ingress_burst__r12,baseline,ingress_burst,12,2969007380,mttr_s,78.394125
baseline__ingress_burst__r12,baseline,ingress_burst,12,2969007380,cost_units,157.500000164864
baseline__ingress_burst__r12,baseline,ingress_burst,12,2969007380,manual_interventions,1.0
baseline__ingress_burst__r12,baseline,ingress_burst,12,2969007380,llm_tokens,0.0
baseline__ingress_burst__r12,baseline,ingress_burst,12,2969007380,freshness_s,78.394125
baseline__ingress_burst__r12,baseline,ingress_burst,12,2969007380,decision_correct,0.0
baseline__ingress_burst__r12,baseline,ingress_burst,12,2969007380,wall_clock_s,129.26365483397967
baseline__ingress_burst__r12,baseline,ingress_burst,12,2969007380,api_tokens,0.0
baseline__ingress_burst__r12,baseline,ingress_burst,12,2969007380,llm_calls,0.0
baseline__ingress_burst__r12,baseline,ingress_burst,12,2969007380,llm_cache_hits,0.0
baseline__ingress_burst__r12,baseline,ingress_burst,12,2969007380,llm_degraded,0.0
baseline__ingress_burst__r12,baseline,ingress_burst,12,2969007380,llm_invalid,0.0
baseline__ingress_burst__r12,baseline,ingress_burst,12,2969007380,llm_latency_s,0.0
baseline__ingress_burst__r13,baseline,ingress_burst,13,3738856307,mttr_s,489.455334
baseline__ingress_burst__r13,baseline,ingress_burst,13,3738856307,cost_units,157.500000164864
baseline__ingress_burst__r13,baseline,ingress_burst,13,3738856307,manual_interventions,1.0
baseline__ingress_burst__r13,baseline,ingress_burst,13,3738856307,llm_tokens,0.0
baseline__ingress_burst__r13,baseline,ingress_burst,13,3738856307,freshness_s,489.455334
baseline__ingress_burst__r13,baseline,ingress_burst,13,3738856307,decision_correct,0.0
baseline__ingress_burst__r13,baseline,ingress_burst,13,3738856307,wall_clock_s,129.44637804100057
baseline__ingress_burst__r13,baseline,ingress_burst,13,3738856307,api_tokens,0.0
baseline__ingress_burst__r13,baseline,ingress_burst,13,3738856307,llm_calls,0.0
baseline__ingress_burst__r13,baseline,ingress_burst,13,3738856307,llm_cache_hits,0.0
baseline__ingress_burst__r13,baseline,ingress_burst,13,3738856307,llm_degraded,0.0
baseline__ingress_burst__r13,baseline,ingress_burst,13,3738856307,llm_invalid,0.0
baseline__ingress_burst__r13,baseline,ingress_burst,13,3738856307,llm_latency_s,0.0
baseline__ingress_burst__r14,baseline,ingress_burst,14,1634608800,mttr_s,386.038587
baseline__ingress_burst__r14,baseline,ingress_burst,14,1634608800,cost_units,157.500000164864
baseline__ingress_burst__r14,baseline,ingress_burst,14,1634608800,manual_interventions,1.0
baseline__ingress_burst__r14,baseline,ingress_burst,14,1634608800,llm_tokens,0.0
baseline__ingress_burst__r14,baseline,ingress_burst,14,1634608800,freshness_s,386.038587
baseline__ingress_burst__r14,baseline,ingress_burst,14,1634608800,decision_correct,0.0
baseline__ingress_burst__r14,baseline,ingress_burst,14,1634608800,wall_clock_s,129.4181467500166
baseline__ingress_burst__r14,baseline,ingress_burst,14,1634608800,api_tokens,0.0
baseline__ingress_burst__r14,baseline,ingress_burst,14,1634608800,llm_calls,0.0
baseline__ingress_burst__r14,baseline,ingress_burst,14,1634608800,llm_cache_hits,0.0
baseline__ingress_burst__r14,baseline,ingress_burst,14,1634608800,llm_degraded,0.0
baseline__ingress_burst__r14,baseline,ingress_burst,14,1634608800,llm_invalid,0.0
baseline__ingress_burst__r14,baseline,ingress_burst,14,1634608800,llm_latency_s,0.0
baseline__ingress_burst__r15,baseline,ingress_burst,15,891972389,mttr_s,269.786901
baseline__ingress_burst__r15,baseline,ingress_burst,15,891972389,cost_units,157.500000164864
baseline__ingress_burst__r15,baseline,ingress_burst,15,891972389,manual_interventions,1.0
baseline__ingress_burst__r15,baseline,ingress_burst,15,891972389,llm_tokens,0.0
baseline__ingress_burst__r15,baseline,ingress_burst,15,891972389,freshness_s,269.786901
baseline__ingress_burst__r15,baseline,ingress_burst,15,891972389,decision_correct,0.0
baseline__ingress_burst__r15,baseline,ingress_burst,15,891972389,wall_clock_s,129.47748025000328
baseline__ingress_burst__r15,baseline,ingress_burst,15,891972389,api_tokens,0.0
baseline__ingress_burst__r15,baseline,ingress_burst,15,891972389,llm_calls,0.0
baseline__ingress_burst__r15,baseline,ingress_burst,15,891972389,llm_cache_hits,0.0
baseline__ingress_burst__r15,baseline,ingress_burst,15,891972389,llm_degraded,0.0
baseline__ingress_burst__r15,baseline,ingress_burst,15,891972389,llm_invalid,0.0
baseline__ingress_burst__r15,baseline,ingress_burst,15,891972389,llm_latency_s,0.0
baseline__ingress_burst__r16,baseline,ingress_burst,16,2683959167,mttr_s,473.424257
baseline__ingress_burst__r16,baseline,ingress_burst,16,2683959167,cost_units,157.500000164864
baseline__ingress_burst__r16,baseline,ingress_burst,16,2683959167,manual_interventions,1.0
baseline__ingress_burst__r16,baseline,ingress_burst,16,2683959167,llm_tokens,0.0
baseline__ingress_burst__r16,baseline,ingress_burst,16,2683959167,freshness_s,473.424257
baseline__ingress_burst__r16,baseline,ingress_burst,16,2683959167,decision_correct,0.0
baseline__ingress_burst__r16,baseline,ingress_burst,16,2683959167,wall_clock_s,129.51373145799153
baseline__ingress_burst__r16,baseline,ingress_burst,16,2683959167,api_tokens,0.0
baseline__ingress_burst__r16,baseline,ingress_burst,16,2683959167,llm_calls,0.0
baseline__ingress_burst__r16,baseline,ingress_burst,16,2683959167,llm_cache_hits,0.0
baseline__ingress_burst__r16,baseline,ingress_burst,16,2683959167,llm_degraded,0.0
baseline__ingress_burst__r16,baseline,ingress_burst,16,2683959167,llm_invalid,0.0
baseline__ingress_burst__r16,baseline,ingress_burst,16,2683959167,llm_latency_s,0.0
baseline__ingress_burst__r17,baseline,ingress_burst,17,3789374251,mttr_s,645.328149
baseline__ingress_burst__r17,baseline,ingress_burst,17,3789374251,cost_units,157.500000164864
baseline__ingress_burst__r17,baseline,ingress_burst,17,3789374251,manual_interventions,1.0
baseline__ingress_burst__r17,baseline,ingress_burst,17,3789374251,llm_tokens,0.0
baseline__ingress_burst__r17,baseline,ingress_burst,17,3789374251,freshness_s,645.328149
baseline__ingress_burst__r17,baseline,ingress_burst,17,3789374251,decision_correct,0.0
baseline__ingress_burst__r17,baseline,ingress_burst,17,3789374251,wall_clock_s,129.43779949998134
baseline__ingress_burst__r17,baseline,ingress_burst,17,3789374251,api_tokens,0.0
baseline__ingress_burst__r17,baseline,ingress_burst,17,3789374251,llm_calls,0.0
baseline__ingress_burst__r17,baseline,ingress_burst,17,3789374251,llm_cache_hits,0.0
baseline__ingress_burst__r17,baseline,ingress_burst,17,3789374251,llm_degraded,0.0
baseline__ingress_burst__r17,baseline,ingress_burst,17,3789374251,llm_invalid,0.0
baseline__ingress_burst__r17,baseline,ingress_burst,17,3789374251,llm_latency_s,0.0
baseline__ingress_burst__r18,baseline,ingress_burst,18,3357727614,mttr_s,613.651561
baseline__ingress_burst__r18,baseline,ingress_burst,18,3357727614,cost_units,157.500000164864
baseline__ingress_burst__r18,baseline,ingress_burst,18,3357727614,manual_interventions,1.0
baseline__ingress_burst__r18,baseline,ingress_burst,18,3357727614,llm_tokens,0.0
baseline__ingress_burst__r18,baseline,ingress_burst,18,3357727614,freshness_s,613.651561
baseline__ingress_burst__r18,baseline,ingress_burst,18,3357727614,decision_correct,0.0
baseline__ingress_burst__r18,baseline,ingress_burst,18,3357727614,wall_clock_s,129.46976479198202
baseline__ingress_burst__r18,baseline,ingress_burst,18,3357727614,api_tokens,0.0
baseline__ingress_burst__r18,baseline,ingress_burst,18,3357727614,llm_calls,0.0
baseline__ingress_burst__r18,baseline,ingress_burst,18,3357727614,llm_cache_hits,0.0
baseline__ingress_burst__r18,baseline,ingress_burst,18,3357727614,llm_degraded,0.0
baseline__ingress_burst__r18,baseline,ingress_burst,18,3357727614,llm_invalid,0.0
baseline__ingress_burst__r18,baseline,ingress_burst,18,3357727614,llm_latency_s,0.0
baseline__ingress_burst__r19,baseline,ingress_burst,19,1201685390,mttr_s,396.778074
baseline__ingress_burst__r19,baseline,ingress_burst,19,1201685390,cost_units,157.500000164864
baseline__ingress_burst__r19,baseline,ingress_burst,19,1201685390,manual_interventions,1.0
baseline__ingress_burst__r19,baseline,ingress_burst,19,1201685390,llm_tokens,0.0
baseline__ingress_burst__r19,baseline,ingress_burst,19,1201685390,freshness_s,396.778074
baseline__ingress_burst__r19,baseline,ingress_burst,19,1201685390,decision_correct,0.0
baseline__ingress_burst__r19,baseline,ingress_burst,19,1201685390,wall_clock_s,129.50183616700815
baseline__ingress_burst__r19,baseline,ingress_burst,19,1201685390,api_tokens,0.0
baseline__ingress_burst__r19,baseline,ingress_burst,19,1201685390,llm_calls,0.0
baseline__ingress_burst__r19,baseline,ingress_burst,19,1201685390,llm_cache_hits,0.0
baseline__ingress_burst__r19,baseline,ingress_burst,19,1201685390,llm_degraded,0.0
baseline__ingress_burst__r19,baseline,ingress_burst,19,1201685390,llm_invalid,0.0
baseline__ingress_burst__r19,baseline,ingress_burst,19,1201685390,llm_latency_s,0.0
rule_based__schema_drift__r0,rule_based,schema_drift,0,2019374913,mttr_s,334.907188
rule_based__schema_drift__r0,rule_based,schema_drift,0,2019374913,cost_units,157.500000164864
rule_based__schema_drift__r0,rule_based,schema_drift,0,2019374913,manual_interventions,1.0
rule_based__schema_drift__r0,rule_based,schema_drift,0,2019374913,llm_tokens,0.0
rule_based__schema_drift__r0,rule_based,schema_drift,0,2019374913,freshness_s,0.0
rule_based__schema_drift__r0,rule_based,schema_drift,0,2019374913,decision_correct,0.0
rule_based__schema_drift__r0,rule_based,schema_drift,0,2019374913,wall_clock_s,129.46186533299624
rule_based__schema_drift__r0,rule_based,schema_drift,0,2019374913,api_tokens,0.0
rule_based__schema_drift__r0,rule_based,schema_drift,0,2019374913,llm_calls,0.0
rule_based__schema_drift__r0,rule_based,schema_drift,0,2019374913,llm_cache_hits,0.0
rule_based__schema_drift__r0,rule_based,schema_drift,0,2019374913,llm_degraded,0.0
rule_based__schema_drift__r0,rule_based,schema_drift,0,2019374913,llm_invalid,0.0
rule_based__schema_drift__r0,rule_based,schema_drift,0,2019374913,llm_latency_s,0.0
rule_based__schema_drift__r1,rule_based,schema_drift,1,3249355095,mttr_s,186.978522
rule_based__schema_drift__r1,rule_based,schema_drift,1,3249355095,cost_units,157.500000164864
rule_based__schema_drift__r1,rule_based,schema_drift,1,3249355095,manual_interventions,1.0
rule_based__schema_drift__r1,rule_based,schema_drift,1,3249355095,llm_tokens,0.0
rule_based__schema_drift__r1,rule_based,schema_drift,1,3249355095,freshness_s,0.0
rule_based__schema_drift__r1,rule_based,schema_drift,1,3249355095,decision_correct,0.0
rule_based__schema_drift__r1,rule_based,schema_drift,1,3249355095,wall_clock_s,129.52024404198164
rule_based__schema_drift__r1,rule_based,schema_drift,1,3249355095,api_tokens,0.0
rule_based__schema_drift__r1,rule_based,schema_drift,1,3249355095,llm_calls,0.0
rule_based__schema_drift__r1,rule_based,schema_drift,1,3249355095,llm_cache_hits,0.0
rule_based__schema_drift__r1,rule_based,schema_drift,1,3249355095,llm_degraded,0.0
rule_based__schema_drift__r1,rule_based,schema_drift,1,3249355095,llm_invalid,0.0
rule_based__schema_drift__r1,rule_based,schema_drift,1,3249355095,llm_latency_s,0.0
rule_based__schema_drift__r2,rule_based,schema_drift,2,2974784487,mttr_s,466.093961
rule_based__schema_drift__r2,rule_based,schema_drift,2,2974784487,cost_units,157.500000164864
rule_based__schema_drift__r2,rule_based,schema_drift,2,2974784487,manual_interventions,1.0
rule_based__schema_drift__r2,rule_based,schema_drift,2,2974784487,llm_tokens,0.0
rule_based__schema_drift__r2,rule_based,schema_drift,2,2974784487,freshness_s,0.0
rule_based__schema_drift__r2,rule_based,schema_drift,2,2974784487,decision_correct,0.0
rule_based__schema_drift__r2,rule_based,schema_drift,2,2974784487,wall_clock_s,129.403858708014
rule_based__schema_drift__r2,rule_based,schema_drift,2,2974784487,api_tokens,0.0
rule_based__schema_drift__r2,rule_based,schema_drift,2,2974784487,llm_calls,0.0
rule_based__schema_drift__r2,rule_based,schema_drift,2,2974784487,llm_cache_hits,0.0
rule_based__schema_drift__r2,rule_based,schema_drift,2,2974784487,llm_degraded,0.0
rule_based__schema_drift__r2,rule_based,schema_drift,2,2974784487,llm_invalid,0.0
rule_based__schema_drift__r2,rule_based,schema_drift,2,2974784487,llm_latency_s,0.0
rule_based__schema_drift__r3,rule_based,schema_drift,3,1159335296,mttr_s,373.950403
rule_based__schema_drift__r3,rule_based,schema_drift,3,1159335296,cost_units,157.500000164864
rule_based__schema_drift__r3,rule_based,schema_drift,3,1159335296,manual_interventions,1.0
rule_based__schema_drift__r3,rule_based,schema_drift,3,1159335296,llm_tokens,0.0
rule_based__schema_drift__r3,rule_based,schema_drift,3,1159335296,freshness_s,0.0
rule_based__schema_drift__r3,rule_based,schema_drift,3,1159335296,decision_correct,0.0
rule_based__schema_drift__r3,rule_based,schema_drift,3,1159335296,wall_clock_s,129.51757312499103
rule_based__schema_drift__r3,rule_based,schema_drift,3,1159335296,api_tokens,0.0
rule_based__schema_drift__r3,rule_based,schema_drift,3,1159335296,llm_calls,0.0
rule_based__schema_drift__r3,rule_based,schema_drift,3,1159335296,llm_cache_hits,0.0
rule_based__schema_drift__r3,rule_based,schema_drift,3,1159335296,llm_degraded,0.0
rule_based__schema_drift__r3,rule_based,schema_drift,3,1159335296,llm_invalid,0.0
rule_based__schema_drift__r3,rule_based,schema_drift,3,1159335296,llm_latency_s,0.0
rule_based__schema_drift__r4,rule_based,schema_drift,4,3049938943,mttr_s,355.697191
rule_based__schema_drift__r4,rule_based,schema_drift,4,3049938943,cost_units,157.500000164864
rule_based__schema_drift__r4,rule_based,schema_drift,4,3049938943,manual_interventions,1.0
rule_based__schema_drift__r4,rule_based,schema_drift,4,3049938943,llm_tokens,0.0
rule_based__schema_drift__r4,rule_based,schema_drift,4,3049938943,freshness_s,0.0
rule_based__schema_drift__r4,rule_based,schema_drift,4,3049938943,decision_correct,0.0
rule_based__schema_drift__r4,rule_based,schema_drift,4,3049938943,wall_clock_s,129.18158295800094
rule_based__schema_drift__r4,rule_based,schema_drift,4,3049938943,api_tokens,0.0
rule_based__schema_drift__r4,rule_based,schema_drift,4,3049938943,llm_calls,0.0
rule_based__schema_drift__r4,rule_based,schema_drift,4,3049938943,llm_cache_hits,0.0
rule_based__schema_drift__r4,rule_based,schema_drift,4,3049938943,llm_degraded,0.0
rule_based__schema_drift__r4,rule_based,schema_drift,4,3049938943,llm_invalid,0.0
rule_based__schema_drift__r4,rule_based,schema_drift,4,3049938943,llm_latency_s,0.0
rule_based__schema_drift__r5,rule_based,schema_drift,5,1567623173,mttr_s,417.851356
rule_based__schema_drift__r5,rule_based,schema_drift,5,1567623173,cost_units,157.500000164864
rule_based__schema_drift__r5,rule_based,schema_drift,5,1567623173,manual_interventions,1.0
rule_based__schema_drift__r5,rule_based,schema_drift,5,1567623173,llm_tokens,0.0
rule_based__schema_drift__r5,rule_based,schema_drift,5,1567623173,freshness_s,0.0
rule_based__schema_drift__r5,rule_based,schema_drift,5,1567623173,decision_correct,0.0
rule_based__schema_drift__r5,rule_based,schema_drift,5,1567623173,wall_clock_s,129.66549574999954
rule_based__schema_drift__r5,rule_based,schema_drift,5,1567623173,api_tokens,0.0
rule_based__schema_drift__r5,rule_based,schema_drift,5,1567623173,llm_calls,0.0
rule_based__schema_drift__r5,rule_based,schema_drift,5,1567623173,llm_cache_hits,0.0
rule_based__schema_drift__r5,rule_based,schema_drift,5,1567623173,llm_degraded,0.0
rule_based__schema_drift__r5,rule_based,schema_drift,5,1567623173,llm_invalid,0.0
rule_based__schema_drift__r5,rule_based,schema_drift,5,1567623173,llm_latency_s,0.0
rule_based__schema_drift__r6,rule_based,schema_drift,6,454927919,mttr_s,452.802519
rule_based__schema_drift__r6,rule_based,schema_drift,6,454927919,cost_units,157.500000164864
rule_based__schema_drift__r6,rule_based,schema_drift,6,454927919,manual_interventions,1.0
rule_based__schema_drift__r6,rule_based,schema_drift,6,454927919,llm_tokens,0.0
rule_based__schema_drift__r6,rule_based,schema_drift,6,454927919,freshness_s,0.0
rule_based__schema_drift__r6,rule_based,schema_drift,6,454927919,decision_correct,0.0
rule_based__schema_drift__r6,rule_based,schema_drift,6,454927919,wall_clock_s,129.6049695829861
rule_based__schema_drift__r6,rule_based,schema_drift,6,454927919,api_tokens,0.0
rule_based__schema_drift__r6,rule_based,schema_drift,6,454927919,llm_calls,0.0
rule_based__schema_drift__r6,rule_based,schema_drift,6,454927919,llm_cache_hits,0.0
rule_based__schema_drift__r6,rule_based,schema_drift,6,454927919,llm_degraded,0.0
rule_based__schema_drift__r6,rule_based,schema_drift,6,454927919,llm_invalid,0.0
rule_based__schema_drift__r6,rule_based,schema_drift,6,454927919,llm_latency_s,0.0
rule_based__schema_drift__r7,rule_based,schema_drift,7,2251082141,mttr_s,658.961434
rule_based__schema_drift__r7,rule_based,schema_drift,7,2251082141,cost_units,157.500000164864
rule_based__schema_drift__r7,rule_based,schema_drift,7,2251082141,manual_interventions,1.0
rule_based__schema_drift__r7,rule_based,schema_drift,7,2251082141,llm_tokens,0.0
rule_based__schema_drift__r7,rule_based,schema_drift,7,2251082141,freshness_s,0.0
rule_based__schema_drift__r7,rule_based,schema_drift,7,2251082141,decision_correct,0.0
rule_based__schema_drift__r7,rule_based,schema_drift,7,2251082141,wall_clock_s,129.38713283400284
rule_based__schema_drift__r7,rule_based,schema_drift,7,2251082141,api_tokens,0.0
rule_based__schema_drift__r7,rule_based,schema_drift,7,2251082141,llm_calls,0.0
rule_based__schema_drift__r7,rule_based,schema_drift,7,2251082141,llm_cache_hits,0.0
rule_based__schema_drift__r7,rule_based,schema_drift,7,2251082141,llm_degraded,0.0
rule_based__schema_drift__r7,rule_based,schema_drift,7,2251082141,llm_invalid,0.0
rule_based__schema_drift__r7,rule_based,schema_drift,7,2251082141,llm_latency_s,0.0
rule_based__schema_drift__r8,rule_based,schema_drift,8,705107275,mttr_s,447.514584
rule_based__schema_drift__r8,rule_based,schema_drift,8,705107275,cost_units,157.500000164864
rule_based__schema_drift__r8,rule_based,schema_drift,8,705107275,manual_interventions,1.0
rule_based__schema_drift__r8,rule_based,schema_drift,8,705107275,llm_tokens,0.0
rule_based__schema_drift__r8,rule_based,schema_drift,8,705107275,freshness_s,0.0
rule_based__schema_drift__r8,rule_based,schema_drift,8,705107275,decision_correct,0.0
rule_based__schema_drift__r8,rule_based,schema_drift,8,705107275,wall_clock_s,129.6316727079975
rule_based__schema_drift__r8,rule_based,schema_drift,8,705107275,api_tokens,0.0
rule_based__schema_drift__r8,rule_based,schema_drift,8,705107275,llm_calls,0.0
rule_based__schema_drift__r8,rule_based,schema_drift,8,705107275,llm_cache_hits,0.0
rule_based__schema_drift__r8,rule_based,schema_drift,8,705107275,llm_degraded,0.0
rule_based__schema_drift__r8,rule_based,schema_drift,8,705107275,llm_invalid,0.0
rule_based__schema_drift__r8,rule_based,schema_drift,8,705107275,llm_latency_s,0.0
rule_based__schema_drift__r9,rule_based,schema_drift,9,1685839839,mttr_s,489.178567
rule_based__schema_drift__r9,rule_based,schema_drift,9,1685839839,cost_units,157.500000164864
rule_based__schema_drift__r9,rule_based,schema_drift,9,1685839839,manual_interventions,1.0
rule_based__schema_drift__r9,rule_based,schema_drift,9,1685839839,llm_tokens,0.0
rule_based__schema_drift__r9,rule_based,schema_drift,9,1685839839,freshness_s,0.0
rule_based__schema_drift__r9,rule_based,schema_drift,9,1685839839,decision_correct,0.0
rule_based__schema_drift__r9,rule_based,schema_drift,9,1685839839,wall_clock_s,130.39395962501294
rule_based__schema_drift__r9,rule_based,schema_drift,9,1685839839,api_tokens,0.0
rule_based__schema_drift__r9,rule_based,schema_drift,9,1685839839,llm_calls,0.0
rule_based__schema_drift__r9,rule_based,schema_drift,9,1685839839,llm_cache_hits,0.0
rule_based__schema_drift__r9,rule_based,schema_drift,9,1685839839,llm_degraded,0.0
rule_based__schema_drift__r9,rule_based,schema_drift,9,1685839839,llm_invalid,0.0
rule_based__schema_drift__r9,rule_based,schema_drift,9,1685839839,llm_latency_s,0.0
rule_based__schema_drift__r10,rule_based,schema_drift,10,432656539,mttr_s,654.572244
rule_based__schema_drift__r10,rule_based,schema_drift,10,432656539,cost_units,157.500000164864
rule_based__schema_drift__r10,rule_based,schema_drift,10,432656539,manual_interventions,1.0
rule_based__schema_drift__r10,rule_based,schema_drift,10,432656539,llm_tokens,0.0
rule_based__schema_drift__r10,rule_based,schema_drift,10,432656539,freshness_s,0.0
rule_based__schema_drift__r10,rule_based,schema_drift,10,432656539,decision_correct,0.0
rule_based__schema_drift__r10,rule_based,schema_drift,10,432656539,wall_clock_s,129.58425437498954
rule_based__schema_drift__r10,rule_based,schema_drift,10,432656539,api_tokens,0.0
rule_based__schema_drift__r10,rule_based,schema_drift,10,432656539,llm_calls,0.0
rule_based__schema_drift__r10,rule_based,schema_drift,10,432656539,llm_cache_hits,0.0
rule_based__schema_drift__r10,rule_based,schema_drift,10,432656539,llm_degraded,0.0
rule_based__schema_drift__r10,rule_based,schema_drift,10,432656539,llm_invalid,0.0
rule_based__schema_drift__r10,rule_based,schema_drift,10,432656539,llm_latency_s,0.0
rule_based__schema_drift__r11,rule_based,schema_drift,11,3361767178,mttr_s,405.540081
rule_based__schema_drift__r11,rule_based,schema_drift,11,3361767178,cost_units,157.500000164864
rule_based__schema_drift__r11,rule_based,schema_drift,11,3361767178,manual_interventions,1.0
rule_based__schema_drift__r11,rule_based,schema_drift,11,3361767178,llm_tokens,0.0
rule_based__schema_drift__r11,rule_based,schema_drift,11,3361767178,freshness_s,0.0
rule_based__schema_drift__r11,rule_based,schema_drift,11,3361767178,decision_correct,0.0
rule_based__schema_drift__r11,rule_based,schema_drift,11,3361767178,wall_clock_s,130.5209934580198
rule_based__schema_drift__r11,rule_based,schema_drift,11,3361767178,api_tokens,0.0
rule_based__schema_drift__r11,rule_based,schema_drift,11,3361767178,llm_calls,0.0
rule_based__schema_drift__r11,rule_based,schema_drift,11,3361767178,llm_cache_hits,0.0
rule_based__schema_drift__r11,rule_based,schema_drift,11,3361767178,llm_degraded,0.0
rule_based__schema_drift__r11,rule_based,schema_drift,11,3361767178,llm_invalid,0.0
rule_based__schema_drift__r11,rule_based,schema_drift,11,3361767178,llm_latency_s,0.0
rule_based__schema_drift__r12,rule_based,schema_drift,12,2766782419,mttr_s,93.532745
rule_based__schema_drift__r12,rule_based,schema_drift,12,2766782419,cost_units,157.500000164864
rule_based__schema_drift__r12,rule_based,schema_drift,12,2766782419,manual_interventions,1.0
rule_based__schema_drift__r12,rule_based,schema_drift,12,2766782419,llm_tokens,0.0
rule_based__schema_drift__r12,rule_based,schema_drift,12,2766782419,freshness_s,0.0
rule_based__schema_drift__r12,rule_based,schema_drift,12,2766782419,decision_correct,0.0
rule_based__schema_drift__r12,rule_based,schema_drift,12,2766782419,wall_clock_s,130.43935529200826
rule_based__schema_drift__r12,rule_based,schema_drift,12,2766782419,api_tokens,0.0
rule_based__schema_drift__r12,rule_based,schema_drift,12,2766782419,llm_calls,0.0
rule_based__schema_drift__r12,rule_based,schema_drift,12,2766782419,llm_cache_hits,0.0
rule_based__schema_drift__r12,rule_based,schema_drift,12,2766782419,llm_degraded,0.0
rule_based__schema_drift__r12,rule_based,schema_drift,12,2766782419,llm_invalid,0.0
rule_based__schema_drift__r12,rule_based,schema_drift,12,2766782419,llm_latency_s,0.0
rule_based__schema_drift__r13,rule_based,schema_drift,13,2362233309,mttr_s,268.308037
rule_based__schema_drift__r13,rule_based,schema_drift,13,2362233309,cost_units,157.500000164864
rule_based__schema_drift__r13,rule_based,schema_drift,13,2362233309,manual_interventions,1.0
rule_based__schema_drift__r13,rule_based,schema_drift,13,2362233309,llm_tokens,0.0
rule_based__schema_drift__r13,rule_based,schema_drift,13,2362233309,freshness_s,0.0
rule_based__schema_drift__r13,rule_based,schema_drift,13,2362233309,decision_correct,0.0
rule_based__schema_drift__r13,rule_based,schema_drift,13,2362233309,wall_clock_s,130.30203095800243
rule_based__schema_drift__r13,rule_based,schema_drift,13,2362233309,api_tokens,0.0
rule_based__schema_drift__r13,rule_based,schema_drift,13,2362233309,llm_calls,0.0
rule_based__schema_drift__r13,rule_based,schema_drift,13,2362233309,llm_cache_hits,0.0
rule_based__schema_drift__r13,rule_based,schema_drift,13,2362233309,llm_degraded,0.0
rule_based__schema_drift__r13,rule_based,schema_drift,13,2362233309,llm_invalid,0.0
rule_based__schema_drift__r13,rule_based,schema_drift,13,2362233309,llm_latency_s,0.0
rule_based__schema_drift__r14,rule_based,schema_drift,14,2645800346,mttr_s,528.586785
rule_based__schema_drift__r14,rule_based,schema_drift,14,2645800346,cost_units,157.500000164864
rule_based__schema_drift__r14,rule_based,schema_drift,14,2645800346,manual_interventions,1.0
rule_based__schema_drift__r14,rule_based,schema_drift,14,2645800346,llm_tokens,0.0
rule_based__schema_drift__r14,rule_based,schema_drift,14,2645800346,freshness_s,0.0
rule_based__schema_drift__r14,rule_based,schema_drift,14,2645800346,decision_correct,0.0
rule_based__schema_drift__r14,rule_based,schema_drift,14,2645800346,wall_clock_s,130.3577423329989
rule_based__schema_drift__r14,rule_based,schema_drift,14,2645800346,api_tokens,0.0
rule_based__schema_drift__r14,rule_based,schema_drift,14,2645800346,llm_calls,0.0
rule_based__schema_drift__r14,rule_based,schema_drift,14,2645800346,llm_cache_hits,0.0
rule_based__schema_drift__r14,rule_based,schema_drift,14,2645800346,llm_degraded,0.0
rule_based__schema_drift__r14,rule_based,schema_drift,14,2645800346,llm_invalid,0.0
rule_based__schema_drift__r14,rule_based,schema_drift,14,2645800346,llm_latency_s,0.0
rule_based__schema_drift__r15,rule_based,schema_drift,15,4201442979,mttr_s,474.430613
rule_based__schema_drift__r15,rule_based,schema_drift,15,4201442979,cost_units,157.500000164864
rule_based__schema_drift__r15,rule_based,schema_drift,15,4201442979,manual_interventions,1.0
rule_based__schema_drift__r15,rule_based,schema_drift,15,4201442979,llm_tokens,0.0
rule_based__schema_drift__r15,rule_based,schema_drift,15,4201442979,freshness_s,0.0
rule_based__schema_drift__r15,rule_based,schema_drift,15,4201442979,decision_correct,0.0
rule_based__schema_drift__r15,rule_based,schema_drift,15,4201442979,wall_clock_s,130.4631975410157
rule_based__schema_drift__r15,rule_based,schema_drift,15,4201442979,api_tokens,0.0
rule_based__schema_drift__r15,rule_based,schema_drift,15,4201442979,llm_calls,0.0
rule_based__schema_drift__r15,rule_based,schema_drift,15,4201442979,llm_cache_hits,0.0
rule_based__schema_drift__r15,rule_based,schema_drift,15,4201442979,llm_degraded,0.0
rule_based__schema_drift__r15,rule_based,schema_drift,15,4201442979,llm_invalid,0.0
rule_based__schema_drift__r15,rule_based,schema_drift,15,4201442979,llm_latency_s,0.0
rule_based__schema_drift__r16,rule_based,schema_drift,16,2777761655,mttr_s,597.180827
rule_based__schema_drift__r16,rule_based,schema_drift,16,2777761655,cost_units,157.500000164864
rule_based__schema_drift__r16,rule_based,schema_drift,16,2777761655,manual_interventions,1.0
rule_based__schema_drift__r16,rule_based,schema_drift,16,2777761655,llm_tokens,0.0
rule_based__schema_drift__r16,rule_based,schema_drift,16,2777761655,freshness_s,0.0
rule_based__schema_drift__r16,rule_based,schema_drift,16,2777761655,decision_correct,0.0
rule_based__schema_drift__r16,rule_based,schema_drift,16,2777761655,wall_clock_s,130.61867900000652
rule_based__schema_drift__r16,rule_based,schema_drift,16,2777761655,api_tokens,0.0
rule_based__schema_drift__r16,rule_based,schema_drift,16,2777761655,llm_calls,0.0
rule_based__schema_drift__r16,rule_based,schema_drift,16,2777761655,llm_cache_hits,0.0
rule_based__schema_drift__r16,rule_based,schema_drift,16,2777761655,llm_degraded,0.0
rule_based__schema_drift__r16,rule_based,schema_drift,16,2777761655,llm_invalid,0.0
rule_based__schema_drift__r16,rule_based,schema_drift,16,2777761655,llm_latency_s,0.0
rule_based__schema_drift__r17,rule_based,schema_drift,17,1223490325,mttr_s,301.454673
rule_based__schema_drift__r17,rule_based,schema_drift,17,1223490325,cost_units,157.500000164864
rule_based__schema_drift__r17,rule_based,schema_drift,17,1223490325,manual_interventions,1.0
rule_based__schema_drift__r17,rule_based,schema_drift,17,1223490325,llm_tokens,0.0
rule_based__schema_drift__r17,rule_based,schema_drift,17,1223490325,freshness_s,0.0
rule_based__schema_drift__r17,rule_based,schema_drift,17,1223490325,decision_correct,0.0
rule_based__schema_drift__r17,rule_based,schema_drift,17,1223490325,wall_clock_s,130.483063208987
rule_based__schema_drift__r17,rule_based,schema_drift,17,1223490325,api_tokens,0.0
rule_based__schema_drift__r17,rule_based,schema_drift,17,1223490325,llm_calls,0.0
rule_based__schema_drift__r17,rule_based,schema_drift,17,1223490325,llm_cache_hits,0.0
rule_based__schema_drift__r17,rule_based,schema_drift,17,1223490325,llm_degraded,0.0
rule_based__schema_drift__r17,rule_based,schema_drift,17,1223490325,llm_invalid,0.0
rule_based__schema_drift__r17,rule_based,schema_drift,17,1223490325,llm_latency_s,0.0
rule_based__schema_drift__r18,rule_based,schema_drift,18,697249751,mttr_s,452.399936
rule_based__schema_drift__r18,rule_based,schema_drift,18,697249751,cost_units,157.500000164864
rule_based__schema_drift__r18,rule_based,schema_drift,18,697249751,manual_interventions,1.0
rule_based__schema_drift__r18,rule_based,schema_drift,18,697249751,llm_tokens,0.0
rule_based__schema_drift__r18,rule_based,schema_drift,18,697249751,freshness_s,0.0
rule_based__schema_drift__r18,rule_based,schema_drift,18,697249751,decision_correct,0.0
rule_based__schema_drift__r18,rule_based,schema_drift,18,697249751,wall_clock_s,129.41764333299943
rule_based__schema_drift__r18,rule_based,schema_drift,18,697249751,api_tokens,0.0
rule_based__schema_drift__r18,rule_based,schema_drift,18,697249751,llm_calls,0.0
rule_based__schema_drift__r18,rule_based,schema_drift,18,697249751,llm_cache_hits,0.0
rule_based__schema_drift__r18,rule_based,schema_drift,18,697249751,llm_degraded,0.0
rule_based__schema_drift__r18,rule_based,schema_drift,18,697249751,llm_invalid,0.0
rule_based__schema_drift__r18,rule_based,schema_drift,18,697249751,llm_latency_s,0.0
rule_based__schema_drift__r19,rule_based,schema_drift,19,3749783139,mttr_s,243.411055
rule_based__schema_drift__r19,rule_based,schema_drift,19,3749783139,cost_units,157.500000164864
rule_based__schema_drift__r19,rule_based,schema_drift,19,3749783139,manual_interventions,1.0
rule_based__schema_drift__r19,rule_based,schema_drift,19,3749783139,llm_tokens,0.0
rule_based__schema_drift__r19,rule_based,schema_drift,19,3749783139,freshness_s,0.0
rule_based__schema_drift__r19,rule_based,schema_drift,19,3749783139,decision_correct,0.0
rule_based__schema_drift__r19,rule_based,schema_drift,19,3749783139,wall_clock_s,129.49967612500768
rule_based__schema_drift__r19,rule_based,schema_drift,19,3749783139,api_tokens,0.0
rule_based__schema_drift__r19,rule_based,schema_drift,19,3749783139,llm_calls,0.0
rule_based__schema_drift__r19,rule_based,schema_drift,19,3749783139,llm_cache_hits,0.0
rule_based__schema_drift__r19,rule_based,schema_drift,19,3749783139,llm_degraded,0.0
rule_based__schema_drift__r19,rule_based,schema_drift,19,3749783139,llm_invalid,0.0
rule_based__schema_drift__r19,rule_based,schema_drift,19,3749783139,llm_latency_s,0.0
rule_based__upstream_delay__r0,rule_based,upstream_delay,0,1979779283,mttr_s,30.0
rule_based__upstream_delay__r0,rule_based,upstream_delay,0,1979779283,cost_units,157.500000164864
rule_based__upstream_delay__r0,rule_based,upstream_delay,0,1979779283,manual_interventions,0.0
rule_based__upstream_delay__r0,rule_based,upstream_delay,0,1979779283,llm_tokens,0.0
rule_based__upstream_delay__r0,rule_based,upstream_delay,0,1979779283,freshness_s,30.0
rule_based__upstream_delay__r0,rule_based,upstream_delay,0,1979779283,decision_correct,0.0
rule_based__upstream_delay__r0,rule_based,upstream_delay,0,1979779283,wall_clock_s,129.4868993750133
rule_based__upstream_delay__r0,rule_based,upstream_delay,0,1979779283,api_tokens,0.0
rule_based__upstream_delay__r0,rule_based,upstream_delay,0,1979779283,llm_calls,0.0
rule_based__upstream_delay__r0,rule_based,upstream_delay,0,1979779283,llm_cache_hits,0.0
rule_based__upstream_delay__r0,rule_based,upstream_delay,0,1979779283,llm_degraded,0.0
rule_based__upstream_delay__r0,rule_based,upstream_delay,0,1979779283,llm_invalid,0.0
rule_based__upstream_delay__r0,rule_based,upstream_delay,0,1979779283,llm_latency_s,0.0
rule_based__upstream_delay__r1,rule_based,upstream_delay,1,4051677926,mttr_s,30.0
rule_based__upstream_delay__r1,rule_based,upstream_delay,1,4051677926,cost_units,157.500000164864
rule_based__upstream_delay__r1,rule_based,upstream_delay,1,4051677926,manual_interventions,0.0
rule_based__upstream_delay__r1,rule_based,upstream_delay,1,4051677926,llm_tokens,0.0
rule_based__upstream_delay__r1,rule_based,upstream_delay,1,4051677926,freshness_s,30.0
rule_based__upstream_delay__r1,rule_based,upstream_delay,1,4051677926,decision_correct,0.0
rule_based__upstream_delay__r1,rule_based,upstream_delay,1,4051677926,wall_clock_s,129.5738978329755
rule_based__upstream_delay__r1,rule_based,upstream_delay,1,4051677926,api_tokens,0.0
rule_based__upstream_delay__r1,rule_based,upstream_delay,1,4051677926,llm_calls,0.0
rule_based__upstream_delay__r1,rule_based,upstream_delay,1,4051677926,llm_cache_hits,0.0
rule_based__upstream_delay__r1,rule_based,upstream_delay,1,4051677926,llm_degraded,0.0
rule_based__upstream_delay__r1,rule_based,upstream_delay,1,4051677926,llm_invalid,0.0
rule_based__upstream_delay__r1,rule_based,upstream_delay,1,4051677926,llm_latency_s,0.0
rule_based__upstream_delay__r2,rule_based,upstream_delay,2,3825019688,mttr_s,30.0
rule_based__upstream_delay__r2,rule_based,upstream_delay,2,3825019688,cost_units,157.500000164864
rule_based__upstream_delay__r2,rule_based,upstream_delay,2,3825019688,manual_interventions,0.0
rule_based__upstream_delay__r2,rule_based,upstream_delay,2,3825019688,llm_tokens,0.0
rule_based__upstream_delay__r2,rule_based,upstream_delay,2,3825019688,freshness_s,30.0
rule_based__upstream_delay__r2,rule_based,upstream_delay,2,3825019688,decision_correct,0.0
rule_based__upstream_delay__r2,rule_based,upstream_delay,2,3825019688,wall_clock_s,130.2115958330105
rule_based__upstream_delay__r2,rule_based,upstream_delay,2,3825019688,api_tokens,0.0
rule_based__upstream_delay__r2,rule_based,upstream_delay,2,3825019688,llm_calls,0.0
rule_based__upstream_delay__r2,rule_based,upstream_delay,2,3825019688,llm_cache_hits,0.0
rule_based__upstream_delay__r2,rule_based,upstream_delay,2,3825019688,llm_degraded,0.0
rule_based__upstream_delay__r2,rule_based,upstream_delay,2,3825019688,llm_invalid,0.0
rule_based__upstream_delay__r2,rule_based,upstream_delay,2,3825019688,llm_latency_s,0.0
rule_based__upstream_delay__r3,rule_based,upstream_delay,3,3324022817,mttr_s,30.0
rule_based__upstream_delay__r3,rule_based,upstream_delay,3,3324022817,cost_units,157.500000164864
rule_based__upstream_delay__r3,rule_based,upstream_delay,3,3324022817,manual_interventions,0.0
rule_based__upstream_delay__r3,rule_based,upstream_delay,3,3324022817,llm_tokens,0.0
rule_based__upstream_delay__r3,rule_based,upstream_delay,3,3324022817,freshness_s,30.0
rule_based__upstream_delay__r3,rule_based,upstream_delay,3,3324022817,decision_correct,0.0
rule_based__upstream_delay__r3,rule_based,upstream_delay,3,3324022817,wall_clock_s,130.39994775000378
rule_based__upstream_delay__r3,rule_based,upstream_delay,3,3324022817,api_tokens,0.0
rule_based__upstream_delay__r3,rule_based,upstream_delay,3,3324022817,llm_calls,0.0
rule_based__upstream_delay__r3,rule_based,upstream_delay,3,3324022817,llm_cache_hits,0.0
rule_based__upstream_delay__r3,rule_based,upstream_delay,3,3324022817,llm_degraded,0.0
rule_based__upstream_delay__r3,rule_based,upstream_delay,3,3324022817,llm_invalid,0.0
rule_based__upstream_delay__r3,rule_based,upstream_delay,3,3324022817,llm_latency_s,0.0
rule_based__upstream_delay__r4,rule_based,upstream_delay,4,3370142201,mttr_s,30.0
rule_based__upstream_delay__r4,rule_based,upstream_delay,4,3370142201,cost_units,157.500000164864
rule_based__upstream_delay__r4,rule_based,upstream_delay,4,3370142201,manual_interventions,0.0
rule_based__upstream_delay__r4,rule_based,upstream_delay,4,3370142201,llm_tokens,0.0
rule_based__upstream_delay__r4,rule_based,upstream_delay,4,3370142201,freshness_s,30.0
rule_based__upstream_delay__r4,rule_based,upstream_delay,4,3370142201,decision_correct,0.0
rule_based__upstream_delay__r4,rule_based,upstream_delay,4,3370142201,wall_clock_s,129.57794099999592
rule_based__upstream_delay__r4,rule_based,upstream_delay,4,3370142201,api_tokens,0.0
rule_based__upstream_delay__r4,rule_based,upstream_delay,4,3370142201,llm_calls,0.0
rule_based__upstream_delay__r4,rule_based,upstream_delay,4,3370142201,llm_cache_hits,0.0
rule_based__upstream_delay__r4,rule_based,upstream_delay,4,3370142201,llm_degraded,0.0
rule_based__upstream_delay__r4,rule_based,upstream_delay,4,3370142201,llm_invalid,0.0
rule_based__upstream_delay__r4,rule_based,upstream_delay,4,3370142201,llm_latency_s,0.0
rule_based__upstream_delay__r5,rule_based,upstream_delay,5,2463315339,mttr_s,30.0
rule_based__upstream_delay__r5,rule_based,upstream_delay,5,2463315339,cost_units,157.500000164864
rule_based__upstream_delay__r5,rule_based,upstream_delay,5,2463315339,manual_interventions,0.0
rule_based__upstream_delay__r5,rule_based,upstream_delay,5,2463315339,llm_tokens,0.0
rule_based__upstream_delay__r5,rule_based,upstream_delay,5,2463315339,freshness_s,30.0
rule_based__upstream_delay__r5,rule_based,upstream_delay,5,2463315339,decision_correct,0.0
rule_based__upstream_delay__r5,rule_based,upstream_delay,5,2463315339,wall_clock_s,130.47388008399867
rule_based__upstream_delay__r5,rule_based,upstream_delay,5,2463315339,api_tokens,0.0
rule_based__upstream_delay__r5,rule_based,upstream_delay,5,2463315339,llm_calls,0.0
rule_based__upstream_delay__r5,rule_based,upstream_delay,5,2463315339,llm_cache_hits,0.0
rule_based__upstream_delay__r5,rule_based,upstream_delay,5,2463315339,llm_degraded,0.0
rule_based__upstream_delay__r5,rule_based,upstream_delay,5,2463315339,llm_invalid,0.0
rule_based__upstream_delay__r5,rule_based,upstream_delay,5,2463315339,llm_latency_s,0.0
rule_based__upstream_delay__r6,rule_based,upstream_delay,6,4272738736,mttr_s,30.0
rule_based__upstream_delay__r6,rule_based,upstream_delay,6,4272738736,cost_units,157.500000164864
rule_based__upstream_delay__r6,rule_based,upstream_delay,6,4272738736,manual_interventions,0.0
rule_based__upstream_delay__r6,rule_based,upstream_delay,6,4272738736,llm_tokens,0.0
rule_based__upstream_delay__r6,rule_based,upstream_delay,6,4272738736,freshness_s,30.0
rule_based__upstream_delay__r6,rule_based,upstream_delay,6,4272738736,decision_correct,0.0
rule_based__upstream_delay__r6,rule_based,upstream_delay,6,4272738736,wall_clock_s,130.49565104098292
rule_based__upstream_delay__r6,rule_based,upstream_delay,6,4272738736,api_tokens,0.0
rule_based__upstream_delay__r6,rule_based,upstream_delay,6,4272738736,llm_calls,0.0
rule_based__upstream_delay__r6,rule_based,upstream_delay,6,4272738736,llm_cache_hits,0.0
rule_based__upstream_delay__r6,rule_based,upstream_delay,6,4272738736,llm_degraded,0.0
rule_based__upstream_delay__r6,rule_based,upstream_delay,6,4272738736,llm_invalid,0.0
rule_based__upstream_delay__r6,rule_based,upstream_delay,6,4272738736,llm_latency_s,0.0
rule_based__upstream_delay__r7,rule_based,upstream_delay,7,3438872476,mttr_s,30.0
rule_based__upstream_delay__r7,rule_based,upstream_delay,7,3438872476,cost_units,157.500000164864
rule_based__upstream_delay__r7,rule_based,upstream_delay,7,3438872476,manual_interventions,0.0
rule_based__upstream_delay__r7,rule_based,upstream_delay,7,3438872476,llm_tokens,0.0
rule_based__upstream_delay__r7,rule_based,upstream_delay,7,3438872476,freshness_s,30.0
rule_based__upstream_delay__r7,rule_based,upstream_delay,7,3438872476,decision_correct,0.0
rule_based__upstream_delay__r7,rule_based,upstream_delay,7,3438872476,wall_clock_s,129.3128028329811
rule_based__upstream_delay__r7,rule_based,upstream_delay,7,3438872476,api_tokens,0.0
rule_based__upstream_delay__r7,rule_based,upstream_delay,7,3438872476,llm_calls,0.0
rule_based__upstream_delay__r7,rule_based,upstream_delay,7,3438872476,llm_cache_hits,0.0
rule_based__upstream_delay__r7,rule_based,upstream_delay,7,3438872476,llm_degraded,0.0
rule_based__upstream_delay__r7,rule_based,upstream_delay,7,3438872476,llm_invalid,0.0
rule_based__upstream_delay__r7,rule_based,upstream_delay,7,3438872476,llm_latency_s,0.0
rule_based__upstream_delay__r8,rule_based,upstream_delay,8,2749513519,mttr_s,30.0
rule_based__upstream_delay__r8,rule_based,upstream_delay,8,2749513519,cost_units,157.500000164864
rule_based__upstream_delay__r8,rule_based,upstream_delay,8,2749513519,manual_interventions,0.0
rule_based__upstream_delay__r8,rule_based,upstream_delay,8,2749513519,llm_tokens,0.0
rule_based__upstream_delay__r8,rule_based,upstream_delay,8,2749513519,freshness_s,30.0
rule_based__upstream_delay__r8,rule_based,upstream_delay,8,2749513519,decision_correct,0.0
rule_based__upstream_delay__r8,rule_based,upstream_delay,8,2749513519,wall_clock_s,129.35387145800632
rule_based__upstream_delay__r8,rule_based,upstream_delay,8,2749513519,api_tokens,0.0
rule_based__upstream_delay__r8,rule_based,upstream_delay,8,2749513519,llm_calls,0.0
rule_based__upstream_delay__r8,rule_based,upstream_delay,8,2749513519,llm_cache_hits,0.0
rule_based__upstream_delay__r8,rule_based,upstream_delay,8,2749513519,llm_degraded,0.0
rule_based__upstream_delay__r8,rule_based,upstream_delay,8,2749513519,llm_invalid,0.0
rule_based__upstream_delay__r8,rule_based,upstream_delay,8,2749513519,llm_latency_s,0.0
rule_based__upstream_delay__r9,rule_based,upstream_delay,9,2294499804,mttr_s,30.0
rule_based__upstream_delay__r9,rule_based,upstream_delay,9,2294499804,cost_units,157.500000164864
rule_based__upstream_delay__r9,rule_based,upstream_delay,9,2294499804,manual_interventions,0.0
rule_based__upstream_delay__r9,rule_based,upstream_delay,9,2294499804,llm_tokens,0.0
rule_based__upstream_delay__r9,rule_based,upstream_delay,9,2294499804,freshness_s,30.0
rule_based__upstream_delay__r9,rule_based,upstream_delay,9,2294499804,decision_correct,0.0
rule_based__upstream_delay__r9,rule_based,upstream_delay,9,2294499804,wall_clock_s,129.5042148749926
rule_based__upstream_delay__r9,rule_based,upstream_delay,9,2294499804,api_tokens,0.0
rule_based__upstream_delay__r9,rule_based,upstream_delay,9,2294499804,llm_calls,0.0
rule_based__upstream_delay__r9,rule_based,upstream_delay,9,2294499804,llm_cache_hits,0.0
rule_based__upstream_delay__r9,rule_based,upstream_delay,9,2294499804,llm_degraded,0.0
rule_based__upstream_delay__r9,rule_based,upstream_delay,9,2294499804,llm_invalid,0.0
rule_based__upstream_delay__r9,rule_based,upstream_delay,9,2294499804,llm_latency_s,0.0
rule_based__upstream_delay__r10,rule_based,upstream_delay,10,1961697738,mttr_s,30.0
rule_based__upstream_delay__r10,rule_based,upstream_delay,10,1961697738,cost_units,157.500000164864
rule_based__upstream_delay__r10,rule_based,upstream_delay,10,1961697738,manual_interventions,0.0
rule_based__upstream_delay__r10,rule_based,upstream_delay,10,1961697738,llm_tokens,0.0
rule_based__upstream_delay__r10,rule_based,upstream_delay,10,1961697738,freshness_s,30.0
rule_based__upstream_delay__r10,rule_based,upstream_delay,10,1961697738,decision_correct,0.0
rule_based__upstream_delay__r10,rule_based,upstream_delay,10,1961697738,wall_clock_s,129.5188874999876
rule_based__upstream_delay__r10,rule_based,upstream_delay,10,1961697738,api_tokens,0.0
rule_based__upstream_delay__r10,rule_based,upstream_delay,10,1961697738,llm_calls,0.0
rule_based__upstream_delay__r10,rule_based,upstream_delay,10,1961697738,llm_cache_hits,0.0
rule_based__upstream_delay__r10,rule_based,upstream_delay,10,1961697738,llm_degraded,0.0
rule_based__upstream_delay__r10,rule_based,upstream_delay,10,1961697738,llm_invalid,0.0
rule_based__upstream_delay__r10,rule_based,upstream_delay,10,1961697738,llm_latency_s,0.0
rule_based__upstream_delay__r11,rule_based,upstream_delay,11,1020414184,mttr_s,30.0
rule_based__upstream_delay__r11,rule_based,upstream_delay,11,1020414184,cost_units,157.500000164864
rule_based__upstream_delay__r11,rule_based,upstream_delay,11,1020414184,manual_interventions,0.0
rule_based__upstream_delay__r11,rule_based,upstream_delay,11,1020414184,llm_tokens,0.0
rule_based__upstream_delay__r11,rule_based,upstream_delay,11,1020414184,freshness_s,30.0
rule_based__upstream_delay__r11,rule_based,upstream_delay,11,1020414184,decision_correct,0.0
rule_based__upstream_delay__r11,rule_based,upstream_delay,11,1020414184,wall_clock_s,129.44008837500587
rule_based__upstream_delay__r11,rule_based,upstream_delay,11,1020414184,api_tokens,0.0
rule_based__upstream_delay__r11,rule_based,upstream_delay,11,1020414184,llm_calls,0.0
rule_based__upstream_delay__r11,rule_based,upstream_delay,11,1020414184,llm_cache_hits,0.0
rule_based__upstream_delay__r11,rule_based,upstream_delay,11,1020414184,llm_degraded,0.0
rule_based__upstream_delay__r11,rule_based,upstream_delay,11,1020414184,llm_invalid,0.0
rule_based__upstream_delay__r11,rule_based,upstream_delay,11,1020414184,llm_latency_s,0.0
rule_based__upstream_delay__r12,rule_based,upstream_delay,12,2088152317,mttr_s,30.0
rule_based__upstream_delay__r12,rule_based,upstream_delay,12,2088152317,cost_units,157.500000164864
rule_based__upstream_delay__r12,rule_based,upstream_delay,12,2088152317,manual_interventions,0.0
rule_based__upstream_delay__r12,rule_based,upstream_delay,12,2088152317,llm_tokens,0.0
rule_based__upstream_delay__r12,rule_based,upstream_delay,12,2088152317,freshness_s,30.0
rule_based__upstream_delay__r12,rule_based,upstream_delay,12,2088152317,decision_correct,0.0
rule_based__upstream_delay__r12,rule_based,upstream_delay,12,2088152317,wall_clock_s,129.46923091600183
rule_based__upstream_delay__r12,rule_based,upstream_delay,12,2088152317,api_tokens,0.0
rule_based__upstream_delay__r12,rule_based,upstream_delay,12,2088152317,llm_calls,0.0
rule_based__upstream_delay__r12,rule_based,upstream_delay,12,2088152317,llm_cache_hits,0.0
rule_based__upstream_delay__r12,rule_based,upstream_delay,12,2088152317,llm_degraded,0.0
rule_based__upstream_delay__r12,rule_based,upstream_delay,12,2088152317,llm_invalid,0.0
rule_based__upstream_delay__r12,rule_based,upstream_delay,12,2088152317,llm_latency_s,0.0
rule_based__upstream_delay__r13,rule_based,upstream_delay,13,4008261734,mttr_s,30.0
rule_based__upstream_delay__r13,rule_based,upstream_delay,13,4008261734,cost_units,157.500000164864
rule_based__upstream_delay__r13,rule_based,upstream_delay,13,4008261734,manual_interventions,0.0
rule_based__upstream_delay__r13,rule_based,upstream_delay,13,4008261734,llm_tokens,0.0
rule_based__upstream_delay__r13,rule_based,upstream_delay,13,4008261734,freshness_s,30.0
rule_based__upstream_delay__r13,rule_based,upstream_delay,13,4008261734,decision_correct,0.0
rule_based__upstream_delay__r13,rule_based,upstream_delay,13,4008261734,wall_clock_s,129.49181641600444
rule_based__upstream_delay__r13,rule_based,upstream_delay,13,4008261734,api_tokens,0.0
rule_based__upstream_delay__r13,rule_based,upstream_delay,13,4008261734,llm_calls,0.0
rule_based__upstream_delay__r13,rule_based,upstream_delay,13,4008261734,llm_cache_hits,0.0
rule_based__upstream_delay__r13,rule_based,upstream_delay,13,4008261734,llm_degraded,0.0
rule_based__upstream_delay__r13,rule_based,upstream_delay,13,4008261734,llm_invalid,0.0
rule_based__upstream_delay__r13,rule_based,upstream_delay,13,4008261734,llm_latency_s,0.0
rule_based__upstream_delay__r14,rule_based,upstream_delay,14,4141637867,mttr_s,30.0
rule_based__upstream_delay__r14,rule_based,upstream_delay,14,4141637867,cost_units,157.500000164864
rule_based__upstream_delay__r14,rule_based,upstream_delay,14,4141637867,manual_interventions,0.0
rule_based__upstream_delay__r14,rule_based,upstream_delay,14,4141637867,llm_tokens,0.0
rule_based__upstream_delay__r14,rule_based,upstream_delay,14,4141637867,freshness_s,30.0
rule_based__upstream_delay__r14,rule_based,upstream_delay,14,4141637867,decision_correct,0.0
rule_based__upstream_delay__r14,rule_based,upstream_delay,14,4141637867,wall_clock_s,129.38780041699647
rule_based__upstream_delay__r14,rule_based,upstream_delay,14,4141637867,api_tokens,0.0
rule_based__upstream_delay__r14,rule_based,upstream_delay,14,4141637867,llm_calls,0.0
rule_based__upstream_delay__r14,rule_based,upstream_delay,14,4141637867,llm_cache_hits,0.0
rule_based__upstream_delay__r14,rule_based,upstream_delay,14,4141637867,llm_degraded,0.0
rule_based__upstream_delay__r14,rule_based,upstream_delay,14,4141637867,llm_invalid,0.0
rule_based__upstream_delay__r14,rule_based,upstream_delay,14,4141637867,llm_latency_s,0.0
rule_based__upstream_delay__r15,rule_based,upstream_delay,15,986647297,mttr_s,30.0
rule_based__upstream_delay__r15,rule_based,upstream_delay,15,986647297,cost_units,157.500000164864
rule_based__upstream_delay__r15,rule_based,upstream_delay,15,986647297,manual_interventions,0.0
rule_based__upstream_delay__r15,rule_based,upstream_delay,15,986647297,llm_tokens,0.0
rule_based__upstream_delay__r15,rule_based,upstream_delay,15,986647297,freshness_s,30.0
rule_based__upstream_delay__r15,rule_based,upstream_delay,15,986647297,decision_correct,0.0
rule_based__upstream_delay__r15,rule_based,upstream_delay,15,986647297,wall_clock_s,129.3360173330002
rule_based__upstream_delay__r15,rule_based,upstream_delay,15,986647297,api_tokens,0.0
rule_based__upstream_delay__r15,rule_based,upstream_delay,15,986647297,llm_calls,0.0
rule_based__upstream_delay__r15,rule_based,upstream_delay,15,986647297,llm_cache_hits,0.0
rule_based__upstream_delay__r15,rule_based,upstream_delay,15,986647297,llm_degraded,0.0
rule_based__upstream_delay__r15,rule_based,upstream_delay,15,986647297,llm_invalid,0.0
rule_based__upstream_delay__r15,rule_based,upstream_delay,15,986647297,llm_latency_s,0.0
rule_based__upstream_delay__r16,rule_based,upstream_delay,16,3268516161,mttr_s,30.0
rule_based__upstream_delay__r16,rule_based,upstream_delay,16,3268516161,cost_units,157.500000164864
rule_based__upstream_delay__r16,rule_based,upstream_delay,16,3268516161,manual_interventions,0.0
rule_based__upstream_delay__r16,rule_based,upstream_delay,16,3268516161,llm_tokens,0.0
rule_based__upstream_delay__r16,rule_based,upstream_delay,16,3268516161,freshness_s,30.0
rule_based__upstream_delay__r16,rule_based,upstream_delay,16,3268516161,decision_correct,0.0
rule_based__upstream_delay__r16,rule_based,upstream_delay,16,3268516161,wall_clock_s,129.50701358399238
rule_based__upstream_delay__r16,rule_based,upstream_delay,16,3268516161,api_tokens,0.0
rule_based__upstream_delay__r16,rule_based,upstream_delay,16,3268516161,llm_calls,0.0
rule_based__upstream_delay__r16,rule_based,upstream_delay,16,3268516161,llm_cache_hits,0.0
rule_based__upstream_delay__r16,rule_based,upstream_delay,16,3268516161,llm_degraded,0.0
rule_based__upstream_delay__r16,rule_based,upstream_delay,16,3268516161,llm_invalid,0.0
rule_based__upstream_delay__r16,rule_based,upstream_delay,16,3268516161,llm_latency_s,0.0
rule_based__upstream_delay__r17,rule_based,upstream_delay,17,2694070112,mttr_s,30.0
rule_based__upstream_delay__r17,rule_based,upstream_delay,17,2694070112,cost_units,157.500000164864
rule_based__upstream_delay__r17,rule_based,upstream_delay,17,2694070112,manual_interventions,0.0
rule_based__upstream_delay__r17,rule_based,upstream_delay,17,2694070112,llm_tokens,0.0
rule_based__upstream_delay__r17,rule_based,upstream_delay,17,2694070112,freshness_s,30.0
rule_based__upstream_delay__r17,rule_based,upstream_delay,17,2694070112,decision_correct,0.0
rule_based__upstream_delay__r17,rule_based,upstream_delay,17,2694070112,wall_clock_s,130.44468995800707
rule_based__upstream_delay__r17,rule_based,upstream_delay,17,2694070112,api_tokens,0.0
rule_based__upstream_delay__r17,rule_based,upstream_delay,17,2694070112,llm_calls,0.0
rule_based__upstream_delay__r17,rule_based,upstream_delay,17,2694070112,llm_cache_hits,0.0
rule_based__upstream_delay__r17,rule_based,upstream_delay,17,2694070112,llm_degraded,0.0
rule_based__upstream_delay__r17,rule_based,upstream_delay,17,2694070112,llm_invalid,0.0
rule_based__upstream_delay__r17,rule_based,upstream_delay,17,2694070112,llm_latency_s,0.0
rule_based__upstream_delay__r18,rule_based,upstream_delay,18,1622637447,mttr_s,30.0
rule_based__upstream_delay__r18,rule_based,upstream_delay,18,1622637447,cost_units,157.500000164864
rule_based__upstream_delay__r18,rule_based,upstream_delay,18,1622637447,manual_interventions,0.0
rule_based__upstream_delay__r18,rule_based,upstream_delay,18,1622637447,llm_tokens,0.0
rule_based__upstream_delay__r18,rule_based,upstream_delay,18,1622637447,freshness_s,30.0
rule_based__upstream_delay__r18,rule_based,upstream_delay,18,1622637447,decision_correct,0.0
rule_based__upstream_delay__r18,rule_based,upstream_delay,18,1622637447,wall_clock_s,130.45088733299053
rule_based__upstream_delay__r18,rule_based,upstream_delay,18,1622637447,api_tokens,0.0
rule_based__upstream_delay__r18,rule_based,upstream_delay,18,1622637447,llm_calls,0.0
rule_based__upstream_delay__r18,rule_based,upstream_delay,18,1622637447,llm_cache_hits,0.0
rule_based__upstream_delay__r18,rule_based,upstream_delay,18,1622637447,llm_degraded,0.0
rule_based__upstream_delay__r18,rule_based,upstream_delay,18,1622637447,llm_invalid,0.0
rule_based__upstream_delay__r18,rule_based,upstream_delay,18,1622637447,llm_latency_s,0.0
rule_based__upstream_delay__r19,rule_based,upstream_delay,19,4261189061,mttr_s,30.0
rule_based__upstream_delay__r19,rule_based,upstream_delay,19,4261189061,cost_units,157.500000164864
rule_based__upstream_delay__r19,rule_based,upstream_delay,19,4261189061,manual_interventions,0.0
rule_based__upstream_delay__r19,rule_based,upstream_delay,19,4261189061,llm_tokens,0.0
rule_based__upstream_delay__r19,rule_based,upstream_delay,19,4261189061,freshness_s,30.0
rule_based__upstream_delay__r19,rule_based,upstream_delay,19,4261189061,decision_correct,0.0
rule_based__upstream_delay__r19,rule_based,upstream_delay,19,4261189061,wall_clock_s,130.42895629198756
rule_based__upstream_delay__r19,rule_based,upstream_delay,19,4261189061,api_tokens,0.0
rule_based__upstream_delay__r19,rule_based,upstream_delay,19,4261189061,llm_calls,0.0
rule_based__upstream_delay__r19,rule_based,upstream_delay,19,4261189061,llm_cache_hits,0.0
rule_based__upstream_delay__r19,rule_based,upstream_delay,19,4261189061,llm_degraded,0.0
rule_based__upstream_delay__r19,rule_based,upstream_delay,19,4261189061,llm_invalid,0.0
rule_based__upstream_delay__r19,rule_based,upstream_delay,19,4261189061,llm_latency_s,0.0
rule_based__resource_contention__r0,rule_based,resource_contention,0,3118139391,mttr_s,30.0
rule_based__resource_contention__r0,rule_based,resource_contention,0,3118139391,cost_units,607.5000021432322
rule_based__resource_contention__r0,rule_based,resource_contention,0,3118139391,manual_interventions,0.0
rule_based__resource_contention__r0,rule_based,resource_contention,0,3118139391,llm_tokens,0.0
rule_based__resource_contention__r0,rule_based,resource_contention,0,3118139391,freshness_s,0.0
rule_based__resource_contention__r0,rule_based,resource_contention,0,3118139391,decision_correct,0.0
rule_based__resource_contention__r0,rule_based,resource_contention,0,3118139391,wall_clock_s,310.7382159169938
rule_based__resource_contention__r0,rule_based,resource_contention,0,3118139391,api_tokens,0.0
rule_based__resource_contention__r0,rule_based,resource_contention,0,3118139391,llm_calls,0.0
rule_based__resource_contention__r0,rule_based,resource_contention,0,3118139391,llm_cache_hits,0.0
rule_based__resource_contention__r0,rule_based,resource_contention,0,3118139391,llm_degraded,0.0
rule_based__resource_contention__r0,rule_based,resource_contention,0,3118139391,llm_invalid,0.0
rule_based__resource_contention__r0,rule_based,resource_contention,0,3118139391,llm_latency_s,0.0
rule_based__resource_contention__r1,rule_based,resource_contention,1,1586465160,mttr_s,30.0
rule_based__resource_contention__r1,rule_based,resource_contention,1,1586465160,cost_units,607.5000021432322
rule_based__resource_contention__r1,rule_based,resource_contention,1,1586465160,manual_interventions,0.0
rule_based__resource_contention__r1,rule_based,resource_contention,1,1586465160,llm_tokens,0.0
rule_based__resource_contention__r1,rule_based,resource_contention,1,1586465160,freshness_s,0.0
rule_based__resource_contention__r1,rule_based,resource_contention,1,1586465160,decision_correct,0.0
rule_based__resource_contention__r1,rule_based,resource_contention,1,1586465160,wall_clock_s,310.77891320799245
rule_based__resource_contention__r1,rule_based,resource_contention,1,1586465160,api_tokens,0.0
rule_based__resource_contention__r1,rule_based,resource_contention,1,1586465160,llm_calls,0.0
rule_based__resource_contention__r1,rule_based,resource_contention,1,1586465160,llm_cache_hits,0.0
rule_based__resource_contention__r1,rule_based,resource_contention,1,1586465160,llm_degraded,0.0
rule_based__resource_contention__r1,rule_based,resource_contention,1,1586465160,llm_invalid,0.0
rule_based__resource_contention__r1,rule_based,resource_contention,1,1586465160,llm_latency_s,0.0
rule_based__resource_contention__r2,rule_based,resource_contention,2,3417956217,mttr_s,30.0
rule_based__resource_contention__r2,rule_based,resource_contention,2,3417956217,cost_units,607.5000021432322
rule_based__resource_contention__r2,rule_based,resource_contention,2,3417956217,manual_interventions,0.0
rule_based__resource_contention__r2,rule_based,resource_contention,2,3417956217,llm_tokens,0.0
rule_based__resource_contention__r2,rule_based,resource_contention,2,3417956217,freshness_s,0.0
rule_based__resource_contention__r2,rule_based,resource_contention,2,3417956217,decision_correct,0.0
rule_based__resource_contention__r2,rule_based,resource_contention,2,3417956217,wall_clock_s,309.84175612500985
rule_based__resource_contention__r2,rule_based,resource_contention,2,3417956217,api_tokens,0.0
rule_based__resource_contention__r2,rule_based,resource_contention,2,3417956217,llm_calls,0.0
rule_based__resource_contention__r2,rule_based,resource_contention,2,3417956217,llm_cache_hits,0.0
rule_based__resource_contention__r2,rule_based,resource_contention,2,3417956217,llm_degraded,0.0
rule_based__resource_contention__r2,rule_based,resource_contention,2,3417956217,llm_invalid,0.0
rule_based__resource_contention__r2,rule_based,resource_contention,2,3417956217,llm_latency_s,0.0
rule_based__resource_contention__r3,rule_based,resource_contention,3,3547793842,mttr_s,30.0
rule_based__resource_contention__r3,rule_based,resource_contention,3,3547793842,cost_units,607.5000021432322
rule_based__resource_contention__r3,rule_based,resource_contention,3,3547793842,manual_interventions,0.0
rule_based__resource_contention__r3,rule_based,resource_contention,3,3547793842,llm_tokens,0.0
rule_based__resource_contention__r3,rule_based,resource_contention,3,3547793842,freshness_s,0.0
rule_based__resource_contention__r3,rule_based,resource_contention,3,3547793842,decision_correct,0.0
rule_based__resource_contention__r3,rule_based,resource_contention,3,3547793842,wall_clock_s,310.41297329199733
rule_based__resource_contention__r3,rule_based,resource_contention,3,3547793842,api_tokens,0.0
rule_based__resource_contention__r3,rule_based,resource_contention,3,3547793842,llm_calls,0.0
rule_based__resource_contention__r3,rule_based,resource_contention,3,3547793842,llm_cache_hits,0.0
rule_based__resource_contention__r3,rule_based,resource_contention,3,3547793842,llm_degraded,0.0
rule_based__resource_contention__r3,rule_based,resource_contention,3,3547793842,llm_invalid,0.0
rule_based__resource_contention__r3,rule_based,resource_contention,3,3547793842,llm_latency_s,0.0
rule_based__resource_contention__r4,rule_based,resource_contention,4,2123221293,mttr_s,30.0
rule_based__resource_contention__r4,rule_based,resource_contention,4,2123221293,cost_units,607.5000021432322
rule_based__resource_contention__r4,rule_based,resource_contention,4,2123221293,manual_interventions,0.0
rule_based__resource_contention__r4,rule_based,resource_contention,4,2123221293,llm_tokens,0.0
rule_based__resource_contention__r4,rule_based,resource_contention,4,2123221293,freshness_s,0.0
rule_based__resource_contention__r4,rule_based,resource_contention,4,2123221293,decision_correct,0.0
rule_based__resource_contention__r4,rule_based,resource_contention,4,2123221293,wall_clock_s,310.4409059169993
rule_based__resource_contention__r4,rule_based,resource_contention,4,2123221293,api_tokens,0.0
rule_based__resource_contention__r4,rule_based,resource_contention,4,2123221293,llm_calls,0.0
rule_based__resource_contention__r4,rule_based,resource_contention,4,2123221293,llm_cache_hits,0.0
rule_based__resource_contention__r4,rule_based,resource_contention,4,2123221293,llm_degraded,0.0
rule_based__resource_contention__r4,rule_based,resource_contention,4,2123221293,llm_invalid,0.0
rule_based__resource_contention__r4,rule_based,resource_contention,4,2123221293,llm_latency_s,0.0
rule_based__resource_contention__r5,rule_based,resource_contention,5,829821135,mttr_s,30.0
rule_based__resource_contention__r5,rule_based,resource_contention,5,829821135,cost_units,607.5000021432322
rule_based__resource_contention__r5,rule_based,resource_contention,5,829821135,manual_interventions,0.0
rule_based__resource_contention__r5,rule_based,resource_contention,5,829821135,llm_tokens,0.0
rule_based__resource_contention__r5,rule_based,resource_contention,5,829821135,freshness_s,0.0
rule_based__resource_contention__r5,rule_based,resource_contention,5,829821135,decision_correct,0.0
rule_based__resource_contention__r5,rule_based,resource_contention,5,829821135,wall_clock_s,310.62708891698276
rule_based__resource_contention__r5,rule_based,resource_contention,5,829821135,api_tokens,0.0
rule_based__resource_contention__r5,rule_based,resource_contention,5,829821135,llm_calls,0.0
rule_based__resource_contention__r5,rule_based,resource_contention,5,829821135,llm_cache_hits,0.0
rule_based__resource_contention__r5,rule_based,resource_contention,5,829821135,llm_degraded,0.0
rule_based__resource_contention__r5,rule_based,resource_contention,5,829821135,llm_invalid,0.0
rule_based__resource_contention__r5,rule_based,resource_contention,5,829821135,llm_latency_s,0.0
rule_based__resource_contention__r6,rule_based,resource_contention,6,3856829485,mttr_s,30.0
rule_based__resource_contention__r6,rule_based,resource_contention,6,3856829485,cost_units,607.5000021432322
rule_based__resource_contention__r6,rule_based,resource_contention,6,3856829485,manual_interventions,0.0
rule_based__resource_contention__r6,rule_based,resource_contention,6,3856829485,llm_tokens,0.0
rule_based__resource_contention__r6,rule_based,resource_contention,6,3856829485,freshness_s,0.0
rule_based__resource_contention__r6,rule_based,resource_contention,6,3856829485,decision_correct,0.0
rule_based__resource_contention__r6,rule_based,resource_contention,6,3856829485,wall_clock_s,310.3454844579974
rule_based__resource_contention__r6,rule_based,resource_contention,6,3856829485,api_tokens,0.0
rule_based__resource_contention__r6,rule_based,resource_contention,6,3856829485,llm_calls,0.0
rule_based__resource_contention__r6,rule_based,resource_contention,6,3856829485,llm_cache_hits,0.0
rule_based__resource_contention__r6,rule_based,resource_contention,6,3856829485,llm_degraded,0.0
rule_based__resource_contention__r6,rule_based,resource_contention,6,3856829485,llm_invalid,0.0
rule_based__resource_contention__r6,rule_based,resource_contention,6,3856829485,llm_latency_s,0.0
rule_based__resource_contention__r7,rule_based,resource_contention,7,1381696066,mttr_s,30.0
rule_based__resource_contention__r7,rule_based,resource_contention,7,1381696066,cost_units,607.5000021432322
rule_based__resource_contention__r7,rule_based,resource_contention,7,1381696066,manual_interventions,0.0
rule_based__resource_contention__r7,rule_based,resource_contention,7,1381696066,llm_tokens,0.0
rule_based__resource_contention__r7,rule_based,resource_contention,7,1381696066,freshness_s,0.0
rule_based__resource_contention__r7,rule_based,resource_contention,7,1381696066,decision_correct,0.0
rule_based__resource_contention__r7,rule_based,resource_contention,7,1381696066,wall_clock_s,310.6123174169916
rule_based__resource_contention__r7,rule_based,resource_contention,7,1381696066,api_tokens,0.0
rule_based__resource_contention__r7,rule_based,resource_contention,7,1381696066,llm_calls,0.0
rule_based__resource_contention__r7,rule_based,resource_contention,7,1381696066,llm_cache_hits,0.0
rule_based__resource_contention__r7,rule_based,resource_contention,7,1381696066,llm_degraded,0.0
rule_based__resource_contention__r7,rule_based,resource_contention,7,1381696066,llm_invalid,0.0
rule_based__resource_contention__r7,rule_based,resource_contention,7,1381696066,llm_latency_s,0.0
rule_based__resource_contention__r8,rule_based,resource_contention,8,1265252409,mttr_s,30.0
rule_based__resource_contention__r8,rule_based,resource_contention,8,1265252409,cost_units,607.5000021432322
rule_based__resource_contention__r8,rule_based,resource_contention,8,1265252409,manual_interventions,0.0
rule_based__resource_contention__r8,rule_based,resource_contention,8,1265252409,llm_tokens,0.0
rule_based__resource_contention__r8,rule_based,resource_contention,8,1265252409,freshness_s,0.0
rule_based__resource_contention__r8,rule_based,resource_contention,8,1265252409,decision_correct,0.0
rule_based__resource_contention__r8,rule_based,resource_contention,8,1265252409,wall_clock_s,310.58243312497507
rule_based__resource_contention__r8,rule_based,resource_contention,8,1265252409,api_tokens,0.0
rule_based__resource_contention__r8,rule_based,resource_contention,8,1265252409,llm_calls,0.0
rule_based__resource_contention__r8,rule_based,resource_contention,8,1265252409,llm_cache_hits,0.0
rule_based__resource_contention__r8,rule_based,resource_contention,8,1265252409,llm_degraded,0.0
rule_based__resource_contention__r8,rule_based,resource_contention,8,1265252409,llm_invalid,0.0
rule_based__resource_contention__r8,rule_based,resource_contention,8,1265252409,llm_latency_s,0.0
rule_based__resource_contention__r9,rule_based,resource_contention,9,3267581159,mttr_s,30.0
rule_based__resource_contention__r9,rule_based,resource_contention,9,3267581159,cost_units,607.5000021432322
rule_based__resource_contention__r9,rule_based,resource_contention,9,3267581159,manual_interventions,0.0
rule_based__resource_contention__r9,rule_based,resource_contention,9,3267581159,llm_tokens,0.0
rule_based__resource_contention__r9,rule_based,resource_contention,9,3267581159,freshness_s,0.0
rule_based__resource_contention__r9,rule_based,resource_contention,9,3267581159,decision_correct,0.0
rule_based__resource_contention__r9,rule_based,resource_contention,9,3267581159,wall_clock_s,310.48453154199524
rule_based__resource_contention__r9,rule_based,resource_contention,9,3267581159,api_tokens,0.0
rule_based__resource_contention__r9,rule_based,resource_contention,9,3267581159,llm_calls,0.0
rule_based__resource_contention__r9,rule_based,resource_contention,9,3267581159,llm_cache_hits,0.0
rule_based__resource_contention__r9,rule_based,resource_contention,9,3267581159,llm_degraded,0.0
rule_based__resource_contention__r9,rule_based,resource_contention,9,3267581159,llm_invalid,0.0
rule_based__resource_contention__r9,rule_based,resource_contention,9,3267581159,llm_latency_s,0.0
rule_based__resource_contention__r10,rule_based,resource_contention,10,2347135808,mttr_s,30.0
rule_based__resource_contention__r10,rule_based,resource_contention,10,2347135808,cost_units,607.5000021432322
rule_based__resource_contention__r10,rule_based,resource_contention,10,2347135808,manual_interventions,0.0
rule_based__resource_contention__r10,rule_based,resource_contention,10,2347135808,llm_tokens,0.0
rule_based__resource_contention__r10,rule_based,resource_contention,10,2347135808,freshness_s,0.0
rule_based__resource_contention__r10,rule_based,resource_contention,10,2347135808,decision_correct,0.0
rule_based__resource_contention__r10,rule_based,resource_contention,10,2347135808,wall_clock_s,310.6090437909879
rule_based__resource_contention__r10,rule_based,resource_contention,10,2347135808,api_tokens,0.0
rule_based__resource_contention__r10,rule_based,resource_contention,10,2347135808,llm_calls,0.0
rule_based__resource_contention__r10,rule_based,resource_contention,10,2347135808,llm_cache_hits,0.0
rule_based__resource_contention__r10,rule_based,resource_contention,10,2347135808,llm_degraded,0.0
rule_based__resource_contention__r10,rule_based,resource_contention,10,2347135808,llm_invalid,0.0
rule_based__resource_contention__r10,rule_based,resource_contention,10,2347135808,llm_latency_s,0.0
rule_based__resource_contention__r11,rule_based,resource_contention,11,1291499183,mttr_s,30.0
rule_based__resource_contention__r11,rule_based,resource_contention,11,1291499183,cost_units,607.5000021432322
rule_based__resource_contention__r11,rule_based,resource_contention,11,1291499183,manual_interventions,0.0
rule_based__resource_contention__r11,rule_based,resource_contention,11,1291499183,llm_tokens,0.0
rule_based__resource_contention__r11,rule_based,resource_contention,11,1291499183,freshness_s,0.0
rule_based__resource_contention__r11,rule_based,resource_contention,11,1291499183,decision_correct,0.0
rule_based__resource_contention__r11,rule_based,resource_contention,11,1291499183,wall_clock_s,310.58531250001397
rule_based__resource_contention__r11,rule_based,resource_contention,11,1291499183,api_tokens,0.0
rule_based__resource_contention__r11,rule_based,resource_contention,11,1291499183,llm_calls,0.0
rule_based__resource_contention__r11,rule_based,resource_contention,11,1291499183,llm_cache_hits,0.0
rule_based__resource_contention__r11,rule_based,resource_contention,11,1291499183,llm_degraded,0.0
rule_based__resource_contention__r11,rule_based,resource_contention,11,1291499183,llm_invalid,0.0
rule_based__resource_contention__r11,rule_based,resource_contention,11,1291499183,llm_latency_s,0.0
rule_based__resource_contention__r12,rule_based,resource_contention,12,1414348960,mttr_s,30.0
rule_based__resource_contention__r12,rule_based,resource_contention,12,1414348960,cost_units,607.5000021432322
rule_based__resource_contention__r12,rule_based,resource_contention,12,1414348960,manual_interventions,0.0
rule_based__resource_contention__r12,rule_based,resource_contention,12,1414348960,llm_tokens,0.0
rule_based__resource_contention__r12,rule_based,resource_contention,12,1414348960,freshness_s,0.0
rule_based__resource_contention__r12,rule_based,resource_contention,12,1414348960,decision_correct,0.0
rule_based__resource_contention__r12,rule_based,resource_contention,12,1414348960,wall_clock_s,309.81852320898906
rule_based__resource_contention__r12,rule_based,resource_contention,12,1414348960,api_tokens,0.0
rule_based__resource_contention__r12,rule_based,resource_contention,12,1414348960,llm_calls,0.0
rule_based__resource_contention__r12,rule_based,resource_contention,12,1414348960,llm_cache_hits,0.0
rule_based__resource_contention__r12,rule_based,resource_contention,12,1414348960,llm_degraded,0.0
rule_based__resource_contention__r12,rule_based,resource_contention,12,1414348960,llm_invalid,0.0
rule_based__resource_contention__r12,rule_based,resource_contention,12,1414348960,llm_latency_s,0.0
rule_based__resource_contention__r13,rule_based,resource_contention,13,999430494,mttr_s,30.0
rule_based__resource_contention__r13,rule_based,resource_contention,13,999430494,cost_units,607.5000021432322
rule_based__resource_contention__r13,rule_based,resource_contention,13,999430494,manual_interventions,0.0
rule_based__resource_contention__r13,rule_based,resource_contention,13,999430494,llm_tokens,0.0
rule_based__resource_contention__r13,rule_based,resource_contention,13,999430494,freshness_s,0.0
rule_based__resource_contention__r13,rule_based,resource_contention,13,999430494,decision_correct,0.0
rule_based__resource_contention__r13,rule_based,resource_contention,13,999430494,wall_clock_s,310.48807000002125
rule_based__resource_contention__r13,rule_based,resource_contention,13,999430494,api_tokens,0.0
rule_based__resource_contention__r13,rule_based,resource_contention,13,999430494,llm_calls,0.0
rule_based__resource_contention__r13,rule_based,resource_contention,13,999430494,llm_cache_hits,0.0
rule_based__resource_contention__r13,rule_based,resource_contention,13,999430494,llm_degraded,0.0
rule_based__resource_contention__r13,rule_based,resource_contention,13,999430494,llm_invalid,0.0
rule_based__resource_contention__r13,rule_based,resource_contention,13,999430494,llm_latency_s,0.0
rule_based__resource_contention__r14,rule_based,resource_contention,14,2800389189,mttr_s,30.0
rule_based__resource_contention__r14,rule_based,resource_contention,14,2800389189,cost_units,607.5000021432322
rule_based__resource_contention__r14,rule_based,resource_contention,14,2800389189,manual_interventions,0.0
rule_based__resource_contention__r14,rule_based,resource_contention,14,2800389189,llm_tokens,0.0
rule_based__resource_contention__r14,rule_based,resource_contention,14,2800389189,freshness_s,0.0
rule_based__resource_contention__r14,rule_based,resource_contention,14,2800389189,decision_correct,0.0
rule_based__resource_contention__r14,rule_based,resource_contention,14,2800389189,wall_clock_s,310.536498750007
rule_based__resource_contention__r14,rule_based,resource_contention,14,2800389189,api_tokens,0.0
rule_based__resource_contention__r14,rule_based,resource_contention,14,2800389189,llm_calls,0.0
rule_based__resource_contention__r14,rule_based,resource_contention,14,2800389189,llm_cache_hits,0.0
rule_based__resource_contention__r14,rule_based,resource_contention,14,2800389189,llm_degraded,0.0
rule_based__resource_contention__r14,rule_based,resource_contention,14,2800389189,llm_invalid,0.0
rule_based__resource_contention__r14,rule_based,resource_contention,14,2800389189,llm_latency_s,0.0
rule_based__resource_contention__r15,rule_based,resource_contention,15,1549504569,mttr_s,30.0
rule_based__resource_contention__r15,rule_based,resource_contention,15,1549504569,cost_units,607.5000021432322
rule_based__resource_contention__r15,rule_based,resource_contention,15,1549504569,manual_interventions,0.0
rule_based__resource_contention__r15,rule_based,resource_contention,15,1549504569,llm_tokens,0.0
rule_based__resource_contention__r15,rule_based,resource_contention,15,1549504569,freshness_s,0.0
rule_based__resource_contention__r15,rule_based,resource_contention,15,1549504569,decision_correct,0.0
rule_based__resource_contention__r15,rule_based,resource_contention,15,1549504569,wall_clock_s,310.56777083300403
rule_based__resource_contention__r15,rule_based,resource_contention,15,1549504569,api_tokens,0.0
rule_based__resource_contention__r15,rule_based,resource_contention,15,1549504569,llm_calls,0.0
rule_based__resource_contention__r15,rule_based,resource_contention,15,1549504569,llm_cache_hits,0.0
rule_based__resource_contention__r15,rule_based,resource_contention,15,1549504569,llm_degraded,0.0
rule_based__resource_contention__r15,rule_based,resource_contention,15,1549504569,llm_invalid,0.0
rule_based__resource_contention__r15,rule_based,resource_contention,15,1549504569,llm_latency_s,0.0
rule_based__resource_contention__r16,rule_based,resource_contention,16,1837379008,mttr_s,30.0
rule_based__resource_contention__r16,rule_based,resource_contention,16,1837379008,cost_units,607.5000021432322
rule_based__resource_contention__r16,rule_based,resource_contention,16,1837379008,manual_interventions,0.0
rule_based__resource_contention__r16,rule_based,resource_contention,16,1837379008,llm_tokens,0.0
rule_based__resource_contention__r16,rule_based,resource_contention,16,1837379008,freshness_s,0.0
rule_based__resource_contention__r16,rule_based,resource_contention,16,1837379008,decision_correct,0.0
rule_based__resource_contention__r16,rule_based,resource_contention,16,1837379008,wall_clock_s,310.1098047500127
rule_based__resource_contention__r16,rule_based,resource_contention,16,1837379008,api_tokens,0.0
rule_based__resource_contention__r16,rule_based,resource_contention,16,1837379008,llm_calls,0.0
rule_based__resource_contention__r16,rule_based,resource_contention,16,1837379008,llm_cache_hits,0.0
rule_based__resource_contention__r16,rule_based,resource_contention,16,1837379008,llm_degraded,0.0
rule_based__resource_contention__r16,rule_based,resource_contention,16,1837379008,llm_invalid,0.0
rule_based__resource_contention__r16,rule_based,resource_contention,16,1837379008,llm_latency_s,0.0
rule_based__resource_contention__r17,rule_based,resource_contention,17,123099800,mttr_s,30.0
rule_based__resource_contention__r17,rule_based,resource_contention,17,123099800,cost_units,607.5000021432322
rule_based__resource_contention__r17,rule_based,resource_contention,17,123099800,manual_interventions,0.0
rule_based__resource_contention__r17,rule_based,resource_contention,17,123099800,llm_tokens,0.0
rule_based__resource_contention__r17,rule_based,resource_contention,17,123099800,freshness_s,0.0
rule_based__resource_contention__r17,rule_based,resource_contention,17,123099800,decision_correct,0.0
rule_based__resource_contention__r17,rule_based,resource_contention,17,123099800,wall_clock_s,310.6613915420021
rule_based__resource_contention__r17,rule_based,resource_contention,17,123099800,api_tokens,0.0
rule_based__resource_contention__r17,rule_based,resource_contention,17,123099800,llm_calls,0.0
rule_based__resource_contention__r17,rule_based,resource_contention,17,123099800,llm_cache_hits,0.0
rule_based__resource_contention__r17,rule_based,resource_contention,17,123099800,llm_degraded,0.0
rule_based__resource_contention__r17,rule_based,resource_contention,17,123099800,llm_invalid,0.0
rule_based__resource_contention__r17,rule_based,resource_contention,17,123099800,llm_latency_s,0.0
rule_based__resource_contention__r18,rule_based,resource_contention,18,2513275600,mttr_s,30.0
rule_based__resource_contention__r18,rule_based,resource_contention,18,2513275600,cost_units,607.5000021432322
rule_based__resource_contention__r18,rule_based,resource_contention,18,2513275600,manual_interventions,0.0
rule_based__resource_contention__r18,rule_based,resource_contention,18,2513275600,llm_tokens,0.0
rule_based__resource_contention__r18,rule_based,resource_contention,18,2513275600,freshness_s,0.0
rule_based__resource_contention__r18,rule_based,resource_contention,18,2513275600,decision_correct,0.0
rule_based__resource_contention__r18,rule_based,resource_contention,18,2513275600,wall_clock_s,310.42809995799325
rule_based__resource_contention__r18,rule_based,resource_contention,18,2513275600,api_tokens,0.0
rule_based__resource_contention__r18,rule_based,resource_contention,18,2513275600,llm_calls,0.0
rule_based__resource_contention__r18,rule_based,resource_contention,18,2513275600,llm_cache_hits,0.0
rule_based__resource_contention__r18,rule_based,resource_contention,18,2513275600,llm_degraded,0.0
rule_based__resource_contention__r18,rule_based,resource_contention,18,2513275600,llm_invalid,0.0
rule_based__resource_contention__r18,rule_based,resource_contention,18,2513275600,llm_latency_s,0.0
rule_based__resource_contention__r19,rule_based,resource_contention,19,428102469,mttr_s,30.0
rule_based__resource_contention__r19,rule_based,resource_contention,19,428102469,cost_units,607.5000021432322
rule_based__resource_contention__r19,rule_based,resource_contention,19,428102469,manual_interventions,0.0
rule_based__resource_contention__r19,rule_based,resource_contention,19,428102469,llm_tokens,0.0
rule_based__resource_contention__r19,rule_based,resource_contention,19,428102469,freshness_s,0.0
rule_based__resource_contention__r19,rule_based,resource_contention,19,428102469,decision_correct,0.0
rule_based__resource_contention__r19,rule_based,resource_contention,19,428102469,wall_clock_s,310.50093816700974
rule_based__resource_contention__r19,rule_based,resource_contention,19,428102469,api_tokens,0.0
rule_based__resource_contention__r19,rule_based,resource_contention,19,428102469,llm_calls,0.0
rule_based__resource_contention__r19,rule_based,resource_contention,19,428102469,llm_cache_hits,0.0
rule_based__resource_contention__r19,rule_based,resource_contention,19,428102469,llm_degraded,0.0
rule_based__resource_contention__r19,rule_based,resource_contention,19,428102469,llm_invalid,0.0
rule_based__resource_contention__r19,rule_based,resource_contention,19,428102469,llm_latency_s,0.0
rule_based__ingress_burst__r0,rule_based,ingress_burst,0,1661768165,mttr_s,30.0
rule_based__ingress_burst__r0,rule_based,ingress_burst,0,1661768165,cost_units,157.500000164864
rule_based__ingress_burst__r0,rule_based,ingress_burst,0,1661768165,manual_interventions,0.0
rule_based__ingress_burst__r0,rule_based,ingress_burst,0,1661768165,llm_tokens,0.0
rule_based__ingress_burst__r0,rule_based,ingress_burst,0,1661768165,freshness_s,30.0
rule_based__ingress_burst__r0,rule_based,ingress_burst,0,1661768165,decision_correct,0.0
rule_based__ingress_burst__r0,rule_based,ingress_burst,0,1661768165,wall_clock_s,130.60692791698966
rule_based__ingress_burst__r0,rule_based,ingress_burst,0,1661768165,api_tokens,0.0
rule_based__ingress_burst__r0,rule_based,ingress_burst,0,1661768165,llm_calls,0.0
rule_based__ingress_burst__r0,rule_based,ingress_burst,0,1661768165,llm_cache_hits,0.0
rule_based__ingress_burst__r0,rule_based,ingress_burst,0,1661768165,llm_degraded,0.0
rule_based__ingress_burst__r0,rule_based,ingress_burst,0,1661768165,llm_invalid,0.0
rule_based__ingress_burst__r0,rule_based,ingress_burst,0,1661768165,llm_latency_s,0.0
rule_based__ingress_burst__r1,rule_based,ingress_burst,1,4277766965,mttr_s,30.0
rule_based__ingress_burst__r1,rule_based,ingress_burst,1,4277766965,cost_units,157.500000164864
rule_based__ingress_burst__r1,rule_based,ingress_burst,1,4277766965,manual_interventions,0.0
rule_based__ingress_burst__r1,rule_based,ingress_burst,1,4277766965,llm_tokens,0.0
rule_based__ingress_burst__r1,rule_based,ingress_burst,1,4277766965,freshness_s,30.0
rule_based__ingress_burst__r1,rule_based,ingress_burst,1,4277766965,decision_correct,0.0
rule_based__ingress_burst__r1,rule_based,ingress_burst,1,4277766965,wall_clock_s,130.56948066598852
rule_based__ingress_burst__r1,rule_based,ingress_burst,1,4277766965,api_tokens,0.0
rule_based__ingress_burst__r1,rule_based,ingress_burst,1,4277766965,llm_calls,0.0
rule_based__ingress_burst__r1,rule_based,ingress_burst,1,4277766965,llm_cache_hits,0.0
rule_based__ingress_burst__r1,rule_based,ingress_burst,1,4277766965,llm_degraded,0.0
rule_based__ingress_burst__r1,rule_based,ingress_burst,1,4277766965,llm_invalid,0.0
rule_based__ingress_burst__r1,rule_based,ingress_burst,1,4277766965,llm_latency_s,0.0
rule_based__ingress_burst__r2,rule_based,ingress_burst,2,3689716265,mttr_s,30.0
rule_based__ingress_burst__r2,rule_based,ingress_burst,2,3689716265,cost_units,157.500000164864
rule_based__ingress_burst__r2,rule_based,ingress_burst,2,3689716265,manual_interventions,0.0
rule_based__ingress_burst__r2,rule_based,ingress_burst,2,3689716265,llm_tokens,0.0
rule_based__ingress_burst__r2,rule_based,ingress_burst,2,3689716265,freshness_s,30.0
rule_based__ingress_burst__r2,rule_based,ingress_burst,2,3689716265,decision_correct,0.0
rule_based__ingress_burst__r2,rule_based,ingress_burst,2,3689716265,wall_clock_s,129.64632387500023
rule_based__ingress_burst__r2,rule_based,ingress_burst,2,3689716265,api_tokens,0.0
rule_based__ingress_burst__r2,rule_based,ingress_burst,2,3689716265,llm_calls,0.0
rule_based__ingress_burst__r2,rule_based,ingress_burst,2,3689716265,llm_cache_hits,0.0
rule_based__ingress_burst__r2,rule_based,ingress_burst,2,3689716265,llm_degraded,0.0
rule_based__ingress_burst__r2,rule_based,ingress_burst,2,3689716265,llm_invalid,0.0
rule_based__ingress_burst__r2,rule_based,ingress_burst,2,3689716265,llm_latency_s,0.0
rule_based__ingress_burst__r3,rule_based,ingress_burst,3,2159742715,mttr_s,30.0
rule_based__ingress_burst__r3,rule_based,ingress_burst,3,2159742715,cost_units,157.500000164864
rule_based__ingress_burst__r3,rule_based,ingress_burst,3,2159742715,manual_interventions,0.0
rule_based__ingress_burst__r3,rule_based,ingress_burst,3,2159742715,llm_tokens,0.0
rule_based__ingress_burst__r3,rule_based,ingress_burst,3,2159742715,freshness_s,30.0
rule_based__ingress_burst__r3,rule_based,ingress_burst,3,2159742715,decision_correct,0.0
rule_based__ingress_burst__r3,rule_based,ingress_burst,3,2159742715,wall_clock_s,129.57358812500024
rule_based__ingress_burst__r3,rule_based,ingress_burst,3,2159742715,api_tokens,0.0
rule_based__ingress_burst__r3,rule_based,ingress_burst,3,2159742715,llm_calls,0.0
rule_based__ingress_burst__r3,rule_based,ingress_burst,3,2159742715,llm_cache_hits,0.0
rule_based__ingress_burst__r3,rule_based,ingress_burst,3,2159742715,llm_degraded,0.0
rule_based__ingress_burst__r3,rule_based,ingress_burst,3,2159742715,llm_invalid,0.0
rule_based__ingress_burst__r3,rule_based,ingress_burst,3,2159742715,llm_latency_s,0.0
rule_based__ingress_burst__r4,rule_based,ingress_burst,4,2141705173,mttr_s,30.0
rule_based__ingress_burst__r4,rule_based,ingress_burst,4,2141705173,cost_units,157.500000164864
rule_based__ingress_burst__r4,rule_based,ingress_burst,4,2141705173,manual_interventions,0.0
rule_based__ingress_burst__r4,rule_based,ingress_burst,4,2141705173,llm_tokens,0.0
rule_based__ingress_burst__r4,rule_based,ingress_burst,4,2141705173,freshness_s,30.0
rule_based__ingress_burst__r4,rule_based,ingress_burst,4,2141705173,decision_correct,0.0
rule_based__ingress_burst__r4,rule_based,ingress_burst,4,2141705173,wall_clock_s,129.37102424999466
rule_based__ingress_burst__r4,rule_based,ingress_burst,4,2141705173,api_tokens,0.0
rule_based__ingress_burst__r4,rule_based,ingress_burst,4,2141705173,llm_calls,0.0
rule_based__ingress_burst__r4,rule_based,ingress_burst,4,2141705173,llm_cache_hits,0.0
rule_based__ingress_burst__r4,rule_based,ingress_burst,4,2141705173,llm_degraded,0.0
rule_based__ingress_burst__r4,rule_based,ingress_burst,4,2141705173,llm_invalid,0.0
rule_based__ingress_burst__r4,rule_based,ingress_burst,4,2141705173,llm_latency_s,0.0
rule_based__ingress_burst__r5,rule_based,ingress_burst,5,997303405,mttr_s,30.0
rule_based__ingress_burst__r5,rule_based,ingress_burst,5,997303405,cost_units,157.500000164864
rule_based__ingress_burst__r5,rule_based,ingress_burst,5,997303405,manual_interventions,0.0
rule_based__ingress_burst__r5,rule_based,ingress_burst,5,997303405,llm_tokens,0.0
rule_based__ingress_burst__r5,rule_based,ingress_burst,5,997303405,freshness_s,30.0
rule_based__ingress_burst__r5,rule_based,ingress_burst,5,997303405,decision_correct,0.0
rule_based__ingress_burst__r5,rule_based,ingress_burst,5,997303405,wall_clock_s,129.6068702499906
rule_based__ingress_burst__r5,rule_based,ingress_burst,5,997303405,api_tokens,0.0
rule_based__ingress_burst__r5,rule_based,ingress_burst,5,997303405,llm_calls,0.0
rule_based__ingress_burst__r5,rule_based,ingress_burst,5,997303405,llm_cache_hits,0.0
rule_based__ingress_burst__r5,rule_based,ingress_burst,5,997303405,llm_degraded,0.0
rule_based__ingress_burst__r5,rule_based,ingress_burst,5,997303405,llm_invalid,0.0
rule_based__ingress_burst__r5,rule_based,ingress_burst,5,997303405,llm_latency_s,0.0
rule_based__ingress_burst__r6,rule_based,ingress_burst,6,997862605,mttr_s,30.0
rule_based__ingress_burst__r6,rule_based,ingress_burst,6,997862605,cost_units,157.500000164864
rule_based__ingress_burst__r6,rule_based,ingress_burst,6,997862605,manual_interventions,0.0
rule_based__ingress_burst__r6,rule_based,ingress_burst,6,997862605,llm_tokens,0.0
rule_based__ingress_burst__r6,rule_based,ingress_burst,6,997862605,freshness_s,30.0
rule_based__ingress_burst__r6,rule_based,ingress_burst,6,997862605,decision_correct,0.0
rule_based__ingress_burst__r6,rule_based,ingress_burst,6,997862605,wall_clock_s,130.60220295801992
rule_based__ingress_burst__r6,rule_based,ingress_burst,6,997862605,api_tokens,0.0
rule_based__ingress_burst__r6,rule_based,ingress_burst,6,997862605,llm_calls,0.0
rule_based__ingress_burst__r6,rule_based,ingress_burst,6,997862605,llm_cache_hits,0.0
rule_based__ingress_burst__r6,rule_based,ingress_burst,6,997862605,llm_degraded,0.0
rule_based__ingress_burst__r6,rule_based,ingress_burst,6,997862605,llm_invalid,0.0
rule_based__ingress_burst__r6,rule_based,ingress_burst,6,997862605,llm_latency_s,0.0
rule_based__ingress_burst__r7,rule_based,ingress_burst,7,2075991352,mttr_s,30.0
rule_based__ingress_burst__r7,rule_based,ingress_burst,7,2075991352,cost_units,157.500000164864
rule_based__ingress_burst__r7,rule_based,ingress_burst,7,2075991352,manual_interventions,0.0
rule_based__ingress_burst__r7,rule_based,ingress_burst,7,2075991352,llm_tokens,0.0
rule_based__ingress_burst__r7,rule_based,ingress_burst,7,2075991352,freshness_s,30.0
rule_based__ingress_burst__r7,rule_based,ingress_burst,7,2075991352,decision_correct,0.0
rule_based__ingress_burst__r7,rule_based,ingress_burst,7,2075991352,wall_clock_s,130.22977812500903
rule_based__ingress_burst__r7,rule_based,ingress_burst,7,2075991352,api_tokens,0.0
rule_based__ingress_burst__r7,rule_based,ingress_burst,7,2075991352,llm_calls,0.0
rule_based__ingress_burst__r7,rule_based,ingress_burst,7,2075991352,llm_cache_hits,0.0
rule_based__ingress_burst__r7,rule_based,ingress_burst,7,2075991352,llm_degraded,0.0
rule_based__ingress_burst__r7,rule_based,ingress_burst,7,2075991352,llm_invalid,0.0
rule_based__ingress_burst__r7,rule_based,ingress_burst,7,2075991352,llm_latency_s,0.0
rule_based__ingress_burst__r8,rule_based,ingress_burst,8,2441413099,mttr_s,30.0
rule_based__ingress_burst__r8,rule_based,ingress_burst,8,2441413099,cost_units,157.500000164864
rule_based__ingress_burst__r8,rule_based,ingress_burst,8,2441413099,manual_interventions,0.0
rule_based__ingress_burst__r8,rule_based,ingress_burst,8,2441413099,llm_tokens,0.0
rule_based__ingress_burst__r8,rule_based,ingress_burst,8,2441413099,freshness_s,30.0
rule_based__ingress_burst__r8,rule_based,ingress_burst,8,2441413099,decision_correct,0.0
rule_based__ingress_burst__r8,rule_based,ingress_burst,8,2441413099,wall_clock_s,129.43422770898906
rule_based__ingress_burst__r8,rule_based,ingress_burst,8,2441413099,api_tokens,0.0
rule_based__ingress_burst__r8,rule_based,ingress_burst,8,2441413099,llm_calls,0.0
rule_based__ingress_burst__r8,rule_based,ingress_burst,8,2441413099,llm_cache_hits,0.0
rule_based__ingress_burst__r8,rule_based,ingress_burst,8,2441413099,llm_degraded,0.0
rule_based__ingress_burst__r8,rule_based,ingress_burst,8,2441413099,llm_invalid,0.0
rule_based__ingress_burst__r8,rule_based,ingress_burst,8,2441413099,llm_latency_s,0.0
rule_based__ingress_burst__r9,rule_based,ingress_burst,9,27814226,mttr_s,30.0
rule_based__ingress_burst__r9,rule_based,ingress_burst,9,27814226,cost_units,157.500000164864
rule_based__ingress_burst__r9,rule_based,ingress_burst,9,27814226,manual_interventions,0.0
rule_based__ingress_burst__r9,rule_based,ingress_burst,9,27814226,llm_tokens,0.0
rule_based__ingress_burst__r9,rule_based,ingress_burst,9,27814226,freshness_s,30.0
rule_based__ingress_burst__r9,rule_based,ingress_burst,9,27814226,decision_correct,0.0
rule_based__ingress_burst__r9,rule_based,ingress_burst,9,27814226,wall_clock_s,129.5059776250273
rule_based__ingress_burst__r9,rule_based,ingress_burst,9,27814226,api_tokens,0.0
rule_based__ingress_burst__r9,rule_based,ingress_burst,9,27814226,llm_calls,0.0
rule_based__ingress_burst__r9,rule_based,ingress_burst,9,27814226,llm_cache_hits,0.0
rule_based__ingress_burst__r9,rule_based,ingress_burst,9,27814226,llm_degraded,0.0
rule_based__ingress_burst__r9,rule_based,ingress_burst,9,27814226,llm_invalid,0.0
rule_based__ingress_burst__r9,rule_based,ingress_burst,9,27814226,llm_latency_s,0.0
rule_based__ingress_burst__r10,rule_based,ingress_burst,10,1376222250,mttr_s,30.0
rule_based__ingress_burst__r10,rule_based,ingress_burst,10,1376222250,cost_units,157.500000164864
rule_based__ingress_burst__r10,rule_based,ingress_burst,10,1376222250,manual_interventions,0.0
rule_based__ingress_burst__r10,rule_based,ingress_burst,10,1376222250,llm_tokens,0.0
rule_based__ingress_burst__r10,rule_based,ingress_burst,10,1376222250,freshness_s,30.0
rule_based__ingress_burst__r10,rule_based,ingress_burst,10,1376222250,decision_correct,0.0
rule_based__ingress_burst__r10,rule_based,ingress_burst,10,1376222250,wall_clock_s,130.5729334159987
rule_based__ingress_burst__r10,rule_based,ingress_burst,10,1376222250,api_tokens,0.0
rule_based__ingress_burst__r10,rule_based,ingress_burst,10,1376222250,llm_calls,0.0
rule_based__ingress_burst__r10,rule_based,ingress_burst,10,1376222250,llm_cache_hits,0.0
rule_based__ingress_burst__r10,rule_based,ingress_burst,10,1376222250,llm_degraded,0.0
rule_based__ingress_burst__r10,rule_based,ingress_burst,10,1376222250,llm_invalid,0.0
rule_based__ingress_burst__r10,rule_based,ingress_burst,10,1376222250,llm_latency_s,0.0
rule_based__ingress_burst__r11,rule_based,ingress_burst,11,174536586,mttr_s,30.0
rule_based__ingress_burst__r11,rule_based,ingress_burst,11,174536586,cost_units,157.500000164864
rule_based__ingress_burst__r11,rule_based,ingress_burst,11,174536586,manual_interventions,0.0
rule_based__ingress_burst__r11,rule_based,ingress_burst,11,174536586,llm_tokens,0.0
rule_based__ingress_burst__r11,rule_based,ingress_burst,11,174536586,freshness_s,30.0
rule_based__ingress_burst__r11,rule_based,ingress_burst,11,174536586,decision_correct,0.0
rule_based__ingress_burst__r11,rule_based,ingress_burst,11,174536586,wall_clock_s,130.27801262499997
rule_based__ingress_burst__r11,rule_based,ingress_burst,11,174536586,api_tokens,0.0
rule_based__ingress_burst__r11,rule_based,ingress_burst,11,174536586,llm_calls,0.0
rule_based__ingress_burst__r11,rule_based,ingress_burst,11,174536586,llm_cache_hits,0.0
rule_based__ingress_burst__r11,rule_based,ingress_burst,11,174536586,llm_degraded,0.0
rule_based__ingress_burst__r11,rule_based,ingress_burst,11,174536586,llm_invalid,0.0
rule_based__ingress_burst__r11,rule_based,ingress_burst,11,174536586,llm_latency_s,0.0
rule_based__ingress_burst__r12,rule_based,ingress_burst,12,336828257,mttr_s,30.0
rule_based__ingress_burst__r12,rule_based,ingress_burst,12,336828257,cost_units,157.500000164864
rule_based__ingress_burst__r12,rule_based,ingress_burst,12,336828257,manual_interventions,0.0
rule_based__ingress_burst__r12,rule_based,ingress_burst,12,336828257,llm_tokens,0.0
rule_based__ingress_burst__r12,rule_based,ingress_burst,12,336828257,freshness_s,30.0
rule_based__ingress_burst__r12,rule_based,ingress_burst,12,336828257,decision_correct,0.0
rule_based__ingress_burst__r12,rule_based,ingress_burst,12,336828257,wall_clock_s,129.5295575830096
rule_based__ingress_burst__r12,rule_based,ingress_burst,12,336828257,api_tokens,0.0
rule_based__ingress_burst__r12,rule_based,ingress_burst,12,336828257,llm_calls,0.0
rule_based__ingress_burst__r12,rule_based,ingress_burst,12,336828257,llm_cache_hits,0.0
rule_based__ingress_burst__r12,rule_based,ingress_burst,12,336828257,llm_degraded,0.0
rule_based__ingress_burst__r12,rule_based,ingress_burst,12,336828257,llm_invalid,0.0
rule_based__ingress_burst__r12,rule_based,ingress_burst,12,336828257,llm_latency_s,0.0
rule_based__ingress_burst__r13,rule_based,ingress_burst,13,362899071,mttr_s,30.0
rule_based__ingress_burst__r13,rule_based,ingress_burst,13,362899071,cost_units,157.500000164864
rule_based__ingress_burst__r13,rule_based,ingress_burst,13,362899071,manual_interventions,0.0
rule_based__ingress_burst__r13,rule_based,ingress_burst,13,362899071,llm_tokens,0.0
rule_based__ingress_burst__r13,rule_based,ingress_burst,13,362899071,freshness_s,30.0
rule_based__ingress_burst__r13,rule_based,ingress_burst,13,362899071,decision_correct,0.0
rule_based__ingress_burst__r13,rule_based,ingress_burst,13,362899071,wall_clock_s,130.44941233398276
rule_based__ingress_burst__r13,rule_based,ingress_burst,13,362899071,api_tokens,0.0
rule_based__ingress_burst__r13,rule_based,ingress_burst,13,362899071,llm_calls,0.0
rule_based__ingress_burst__r13,rule_based,ingress_burst,13,362899071,llm_cache_hits,0.0
rule_based__ingress_burst__r13,rule_based,ingress_burst,13,362899071,llm_degraded,0.0
rule_based__ingress_burst__r13,rule_based,ingress_burst,13,362899071,llm_invalid,0.0
rule_based__ingress_burst__r13,rule_based,ingress_burst,13,362899071,llm_latency_s,0.0
rule_based__ingress_burst__r14,rule_based,ingress_burst,14,253597825,mttr_s,30.0
rule_based__ingress_burst__r14,rule_based,ingress_burst,14,253597825,cost_units,157.500000164864
rule_based__ingress_burst__r14,rule_based,ingress_burst,14,253597825,manual_interventions,0.0
rule_based__ingress_burst__r14,rule_based,ingress_burst,14,253597825,llm_tokens,0.0
rule_based__ingress_burst__r14,rule_based,ingress_burst,14,253597825,freshness_s,30.0
rule_based__ingress_burst__r14,rule_based,ingress_burst,14,253597825,decision_correct,0.0
rule_based__ingress_burst__r14,rule_based,ingress_burst,14,253597825,wall_clock_s,130.63019395800075
rule_based__ingress_burst__r14,rule_based,ingress_burst,14,253597825,api_tokens,0.0
rule_based__ingress_burst__r14,rule_based,ingress_burst,14,253597825,llm_calls,0.0
rule_based__ingress_burst__r14,rule_based,ingress_burst,14,253597825,llm_cache_hits,0.0
rule_based__ingress_burst__r14,rule_based,ingress_burst,14,253597825,llm_degraded,0.0
rule_based__ingress_burst__r14,rule_based,ingress_burst,14,253597825,llm_invalid,0.0
rule_based__ingress_burst__r14,rule_based,ingress_burst,14,253597825,llm_latency_s,0.0
rule_based__ingress_burst__r15,rule_based,ingress_burst,15,2717356005,mttr_s,30.0
rule_based__ingress_burst__r15,rule_based,ingress_burst,15,2717356005,cost_units,157.500000164864
rule_based__ingress_burst__r15,rule_based,ingress_burst,15,2717356005,manual_interventions,0.0
rule_based__ingress_burst__r15,rule_based,ingress_burst,15,2717356005,llm_tokens,0.0
rule_based__ingress_burst__r15,rule_based,ingress_burst,15,2717356005,freshness_s,30.0
rule_based__ingress_burst__r15,rule_based,ingress_burst,15,2717356005,decision_correct,0.0
rule_based__ingress_burst__r15,rule_based,ingress_burst,15,2717356005,wall_clock_s,130.6708897089993
rule_based__ingress_burst__r15,rule_based,ingress_burst,15,2717356005,api_tokens,0.0
rule_based__ingress_burst__r15,rule_based,ingress_burst,15,2717356005,llm_calls,0.0
rule_based__ingress_burst__r15,rule_based,ingress_burst,15,2717356005,llm_cache_hits,0.0
rule_based__ingress_burst__r15,rule_based,ingress_burst,15,2717356005,llm_degraded,0.0
rule_based__ingress_burst__r15,rule_based,ingress_burst,15,2717356005,llm_invalid,0.0
rule_based__ingress_burst__r15,rule_based,ingress_burst,15,2717356005,llm_latency_s,0.0
rule_based__ingress_burst__r16,rule_based,ingress_burst,16,1129876099,mttr_s,30.0
rule_based__ingress_burst__r16,rule_based,ingress_burst,16,1129876099,cost_units,157.500000164864
rule_based__ingress_burst__r16,rule_based,ingress_burst,16,1129876099,manual_interventions,0.0
rule_based__ingress_burst__r16,rule_based,ingress_burst,16,1129876099,llm_tokens,0.0
rule_based__ingress_burst__r16,rule_based,ingress_burst,16,1129876099,freshness_s,30.0
rule_based__ingress_burst__r16,rule_based,ingress_burst,16,1129876099,decision_correct,0.0
rule_based__ingress_burst__r16,rule_based,ingress_burst,16,1129876099,wall_clock_s,130.6313853749889
rule_based__ingress_burst__r16,rule_based,ingress_burst,16,1129876099,api_tokens,0.0
rule_based__ingress_burst__r16,rule_based,ingress_burst,16,1129876099,llm_calls,0.0
rule_based__ingress_burst__r16,rule_based,ingress_burst,16,1129876099,llm_cache_hits,0.0
rule_based__ingress_burst__r16,rule_based,ingress_burst,16,1129876099,llm_degraded,0.0
rule_based__ingress_burst__r16,rule_based,ingress_burst,16,1129876099,llm_invalid,0.0
rule_based__ingress_burst__r16,rule_based,ingress_burst,16,1129876099,llm_latency_s,0.0
rule_based__ingress_burst__r17,rule_based,ingress_burst,17,3924648333,mttr_s,30.0
rule_based__ingress_burst__r17,rule_based,ingress_burst,17,3924648333,cost_units,157.500000164864
rule_based__ingress_burst__r17,rule_based,ingress_burst,17,3924648333,manual_interventions,0.0
rule_based__ingress_burst__r17,rule_based,ingress_burst,17,3924648333,llm_tokens,0.0
rule_based__ingress_burst__r17,rule_based,ingress_burst,17,3924648333,freshness_s,30.0
rule_based__ingress_burst__r17,rule_based,ingress_burst,17,3924648333,decision_correct,0.0
rule_based__ingress_burst__r17,rule_based,ingress_burst,17,3924648333,wall_clock_s,130.5429960420006
rule_based__ingress_burst__r17,rule_based,ingress_burst,17,3924648333,api_tokens,0.0
rule_based__ingress_burst__r17,rule_based,ingress_burst,17,3924648333,llm_calls,0.0
rule_based__ingress_burst__r17,rule_based,ingress_burst,17,3924648333,llm_cache_hits,0.0
rule_based__ingress_burst__r17,rule_based,ingress_burst,17,3924648333,llm_degraded,0.0
rule_based__ingress_burst__r17,rule_based,ingress_burst,17,3924648333,llm_invalid,0.0
rule_based__ingress_burst__r17,rule_based,ingress_burst,17,3924648333,llm_latency_s,0.0
rule_based__ingress_burst__r18,rule_based,ingress_burst,18,1102129930,mttr_s,30.0
rule_based__ingress_burst__r18,rule_based,ingress_burst,18,1102129930,cost_units,157.500000164864
rule_based__ingress_burst__r18,rule_based,ingress_burst,18,1102129930,manual_interventions,0.0
rule_based__ingress_burst__r18,rule_based,ingress_burst,18,1102129930,llm_tokens,0.0
rule_based__ingress_burst__r18,rule_based,ingress_burst,18,1102129930,freshness_s,30.0
rule_based__ingress_burst__r18,rule_based,ingress_burst,18,1102129930,decision_correct,0.0
rule_based__ingress_burst__r18,rule_based,ingress_burst,18,1102129930,wall_clock_s,130.3934465420025
rule_based__ingress_burst__r18,rule_based,ingress_burst,18,1102129930,api_tokens,0.0
rule_based__ingress_burst__r18,rule_based,ingress_burst,18,1102129930,llm_calls,0.0
rule_based__ingress_burst__r18,rule_based,ingress_burst,18,1102129930,llm_cache_hits,0.0
rule_based__ingress_burst__r18,rule_based,ingress_burst,18,1102129930,llm_degraded,0.0
rule_based__ingress_burst__r18,rule_based,ingress_burst,18,1102129930,llm_invalid,0.0
rule_based__ingress_burst__r18,rule_based,ingress_burst,18,1102129930,llm_latency_s,0.0
rule_based__ingress_burst__r19,rule_based,ingress_burst,19,3230059797,mttr_s,30.0
rule_based__ingress_burst__r19,rule_based,ingress_burst,19,3230059797,cost_units,157.500000164864
rule_based__ingress_burst__r19,rule_based,ingress_burst,19,3230059797,manual_interventions,0.0
rule_based__ingress_burst__r19,rule_based,ingress_burst,19,3230059797,llm_tokens,0.0
rule_based__ingress_burst__r19,rule_based,ingress_burst,19,3230059797,freshness_s,30.0
rule_based__ingress_burst__r19,rule_based,ingress_burst,19,3230059797,decision_correct,0.0
rule_based__ingress_burst__r19,rule_based,ingress_burst,19,3230059797,wall_clock_s,129.70905170799233
rule_based__ingress_burst__r19,rule_based,ingress_burst,19,3230059797,api_tokens,0.0
rule_based__ingress_burst__r19,rule_based,ingress_burst,19,3230059797,llm_calls,0.0
rule_based__ingress_burst__r19,rule_based,ingress_burst,19,3230059797,llm_cache_hits,0.0
rule_based__ingress_burst__r19,rule_based,ingress_burst,19,3230059797,llm_degraded,0.0
rule_based__ingress_burst__r19,rule_based,ingress_burst,19,3230059797,llm_invalid,0.0
rule_based__ingress_burst__r19,rule_based,ingress_burst,19,3230059797,llm_latency_s,0.0
autoscale__schema_drift__r0,autoscale,schema_drift,0,3932224129,mttr_s,300.181229
autoscale__schema_drift__r0,autoscale,schema_drift,0,3932224129,cost_units,82.500000164864
autoscale__schema_drift__r0,autoscale,schema_drift,0,3932224129,manual_interventions,1.0
autoscale__schema_drift__r0,autoscale,schema_drift,0,3932224129,llm_tokens,0.0
autoscale__schema_drift__r0,autoscale,schema_drift,0,3932224129,freshness_s,0.0
autoscale__schema_drift__r0,autoscale,schema_drift,0,3932224129,decision_correct,0.0
autoscale__schema_drift__r0,autoscale,schema_drift,0,3932224129,wall_clock_s,130.01566258398816
autoscale__schema_drift__r0,autoscale,schema_drift,0,3932224129,api_tokens,0.0
autoscale__schema_drift__r0,autoscale,schema_drift,0,3932224129,llm_calls,0.0
autoscale__schema_drift__r0,autoscale,schema_drift,0,3932224129,llm_cache_hits,0.0
autoscale__schema_drift__r0,autoscale,schema_drift,0,3932224129,llm_degraded,0.0
autoscale__schema_drift__r0,autoscale,schema_drift,0,3932224129,llm_invalid,0.0
autoscale__schema_drift__r0,autoscale,schema_drift,0,3932224129,llm_latency_s,0.0
autoscale__schema_drift__r1,autoscale,schema_drift,1,1443739453,mttr_s,660.207703
autoscale__schema_drift__r1,autoscale,schema_drift,1,1443739453,cost_units,82.500000164864
autoscale__schema_drift__r1,autoscale,schema_drift,1,1443739453,manual_interventions,1.0
autoscale__schema_drift__r1,autoscale,schema_drift,1,1443739453,llm_tokens,0.0
autoscale__schema_drift__r1,autoscale,schema_drift,1,1443739453,freshness_s,0.0
autoscale__schema_drift__r1,autoscale,schema_drift,1,1443739453,decision_correct,0.0
autoscale__schema_drift__r1,autoscale,schema_drift,1,1443739453,wall_clock_s,129.56780462502502
autoscale__schema_drift__r1,autoscale,schema_drift,1,1443739453,api_tokens,0.0
autoscale__schema_drift__r1,autoscale,schema_drift,1,1443739453,llm_calls,0.0
autoscale__schema_drift__r1,autoscale,schema_drift,1,1443739453,llm_cache_hits,0.0
autoscale__schema_drift__r1,autoscale,schema_drift,1,1443739453,llm_degraded,0.0
autoscale__schema_drift__r1,autoscale,schema_drift,1,1443739453,llm_invalid,0.0
autoscale__schema_drift__r1,autoscale,schema_drift,1,1443739453,llm_latency_s,0.0
autoscale__schema_drift__r2,autoscale,schema_drift,2,3186350376,mttr_s,306.028646
autoscale__schema_drift__r2,autoscale,schema_drift,2,3186350376,cost_units,82.500000164864
autoscale__schema_drift__r2,autoscale,schema_drift,2,3186350376,manual_interventions,1.0
autoscale__schema_drift__r2,autoscale,schema_drift,2,3186350376,llm_tokens,0.0
autoscale__schema_drift__r2,autoscale,schema_drift,2,3186350376,freshness_s,0.0
autoscale__schema_drift__r2,autoscale,schema_drift,2,3186350376,decision_correct,0.0
autoscale__schema_drift__r2,autoscale,schema_drift,2,3186350376,wall_clock_s,129.57774999999674
autoscale__schema_drift__r2,autoscale,schema_drift,2,3186350376,api_tokens,0.0
autoscale__schema_drift__r2,autoscale,schema_drift,2,3186350376,llm_calls,0.0
autoscale__schema_drift__r2,autoscale,schema_drift,2,3186350376,llm_cache_hits,0.0
autoscale__schema_drift__r2,autoscale,schema_drift,2,3186350376,llm_degraded,0.0
autoscale__schema_drift__r2,autoscale,schema_drift,2,3186350376,llm_invalid,0.0
autoscale__schema_drift__r2,autoscale,schema_drift,2,3186350376,llm_latency_s,0.0
autoscale__schema_drift__r3,autoscale,schema_drift,3,3337907035,mttr_s,228.125947
autoscale__schema_drift__r3,autoscale,schema_drift,3,3337907035,cost_units,82.500000164864
autoscale__schema_drift__r3,autoscale,schema_drift,3,3337907035,manual_interventions,1.0
autoscale__schema_drift__r3,autoscale,schema_drift,3,3337907035,llm_tokens,0.0
autoscale__schema_drift__r3,autoscale,schema_drift,3,3337907035,freshness_s,0.0
autoscale__schema_drift__r3,autoscale,schema_drift,3,3337907035,decision_correct,0.0
autoscale__schema_drift__r3,autoscale,schema_drift,3,3337907035,wall_clock_s,130.3635629589844
autoscale__schema_drift__r3,autoscale,schema_drift,3,3337907035,api_tokens,0.0
autoscale__schema_drift__r3,autoscale,schema_drift,3,3337907035,llm_calls,0.0
autoscale__schema_drift__r3,autoscale,schema_drift,3,3337907035,llm_cache_hits,0.0
autoscale__schema_drift__r3,autoscale,schema_drift,3,3337907035,llm_degraded,0.0
autoscale__schema_drift__r3,autoscale,schema_drift,3,3337907035,llm_invalid,0.0
autoscale__schema_drift__r3,autoscale,schema_drift,3,3337907035,llm_latency_s,0.0
autoscale__schema_drift__r4,autoscale,schema_drift,4,879850472,mttr_s,297.139682
autoscale__schema_drift__r4,autoscale,schema_drift,4,879850472,cost_units,82.500000164864
autoscale__schema_drift__r4,autoscale,schema_drift,4,879850472,manual_interventions,1.0
autoscale__schema_drift__r4,autoscale,schema_drift,4,879850472,llm_tokens,0.0
autoscale__schema_drift__r4,autoscale,schema_drift,4,879850472,freshness_s,0.0
autoscale__schema_drift__r4,autoscale,schema_drift,4,879850472,decision_correct,0.0
autoscale__schema_drift__r4,autoscale,schema_drift,4,879850472,wall_clock_s,130.20429824999883
autoscale__schema_drift__r4,autoscale,schema_drift,4,879850472,api_tokens,0.0
autoscale__schema_drift__r4,autoscale,schema_drift,4,879850472,llm_calls,0.0
autoscale__schema_drift__r4,autoscale,schema_drift,4,879850472,llm_cache_hits,0.0
autoscale__schema_drift__r4,autoscale,schema_drift,4,879850472,llm_degraded,0.0
autoscale__schema_drift__r4,autoscale,schema_drift,4,879850472,llm_invalid,0.0
autoscale__schema_drift__r4,autoscale,schema_drift,4,879850472,llm_latency_s,0.0
autoscale__schema_drift__r5,autoscale,schema_drift,5,2620535298,mttr_s,566.468065
autoscale__schema_drift__r5,autoscale,schema_drift,5,2620535298,cost_units,82.500000164864
autoscale__schema_drift__r5,autoscale,schema_drift,5,2620535298,manual_interventions,1.0
autoscale__schema_drift__r5,autoscale,schema_drift,5,2620535298,llm_tokens,0.0
autoscale__schema_drift__r5,autoscale,schema_drift,5,2620535298,freshness_s,0.0
autoscale__schema_drift__r5,autoscale,schema_drift,5,2620535298,decision_correct,0.0
autoscale__schema_drift__r5,autoscale,schema_drift,5,2620535298,wall_clock_s,130.41013258401654
autoscale__schema_drift__r5,autoscale,schema_drift,5,2620535298,api_tokens,0.0
autoscale__schema_drift__r5,autoscale,schema_drift,5,2620535298,llm_calls,0.0
autoscale__schema_drift__r5,autoscale,schema_drift,5,2620535298,llm_cache_hits,0.0
autoscale__schema_drift__r5,autoscale,schema_drift,5,2620535298,llm_degraded,0.0
autoscale__schema_drift__r5,autoscale,schema_drift,5,2620535298,llm_invalid,0.0
autoscale__schema_drift__r5,autoscale,schema_drift,5,2620535298,llm_latency_s,0.0
autoscale__schema_drift__r6,autoscale,schema_drift,6,3884303921,mttr_s,378.301688
autoscale__schema_drift__r6,autoscale,schema_drift,6,3884303921,cost_units,82.500000164864
autoscale__schema_drift__r6,autoscale,schema_drift,6,3884303921,manual_interventions,1.0
autoscale__schema_drift__r6,autoscale,schema_drift,6,3884303921,llm_tokens,0.0
autoscale__schema_drift__r6,autoscale,schema_drift,6,3884303921,freshness_s,0.0
autoscale__schema_drift__r6,autoscale,schema_drift,6,3884303921,decision_correct,0.0
autoscale__schema_drift__r6,autoscale,schema_drift,6,3884303921,wall_clock_s,130.6805819159781
autoscale__schema_drift__r6,autoscale,schema_drift,6,3884303921,api_tokens,0.0
autoscale__schema_drift__r6,autoscale,schema_drift,6,3884303921,llm_calls,0.0
autoscale__schema_drift__r6,autoscale,schema_drift,6,3884303921,llm_cache_hits,0.0
autoscale__schema_drift__r6,autoscale,schema_drift,6,3884303921,llm_degraded,0.0
autoscale__schema_drift__r6,autoscale,schema_drift,6,3884303921,llm_invalid,0.0
autoscale__schema_drift__r6,autoscale,schema_drift,6,3884303921,llm_latency_s,0.0
autoscale__schema_drift__r7,autoscale,schema_drift,7,3891453308,mttr_s,297.644135
autoscale__schema_drift__r7,autoscale,schema_drift,7,3891453308,cost_units,82.500000164864
autoscale__schema_drift__r7,autoscale,schema_drift,7,3891453308,manual_interventions,1.0
autoscale__schema_drift__r7,autoscale,schema_drift,7,3891453308,llm_tokens,0.0
autoscale__schema_drift__r7,autoscale,schema_drift,7,3891453308,freshness_s,0.0
autoscale__schema_drift__r7,autoscale,schema_drift,7,3891453308,decision_correct,0.0
autoscale__schema_drift__r7,autoscale,schema_drift,7,3891453308,wall_clock_s,130.3737215839792
autoscale__schema_drift__r7,autoscale,schema_drift,7,3891453308,api_tokens,0.0
autoscale__schema_drift__r7,autoscale,schema_drift,7,3891453308,llm_calls,0.0
autoscale__schema_drift__r7,autoscale,schema_drift,7,3891453308,llm_cache_hits,0.0
autoscale__schema_drift__r7,autoscale,schema_drift,7,3891453308,llm_degraded,0.0
autoscale__schema_drift__r7,autoscale,schema_drift,7,3891453308,llm_invalid,0.0
autoscale__schema_drift__r7,autoscale,schema_drift,7,3891453308,llm_latency_s,0.0
autoscale__schema_drift__r8,autoscale,schema_drift,8,2186141965,mttr_s,756.022832
autoscale__schema_drift__r8,autoscale,schema_drift,8,2186141965,cost_units,82.500000164864
autoscale__schema_drift__r8,autoscale,schema_drift,8,2186141965,manual_interventions,1.0
autoscale__schema_drift__r8,autoscale,schema_drift,8,2186141965,llm_tokens,0.0
autoscale__schema_drift__r8,autoscale,schema_drift,8,2186141965,freshness_s,0.0
autoscale__schema_drift__r8,autoscale,schema_drift,8,2186141965,decision_correct,0.0
autoscale__schema_drift__r8,autoscale,schema_drift,8,2186141965,wall_clock_s,130.55136945898994
autoscale__schema_drift__r8,autoscale,schema_drift,8,2186141965,api_tokens,0.0
autoscale__schema_drift__r8,autoscale,schema_drift,8,2186141965,llm_calls,0.0
autoscale__schema_drift__r8,autoscale,schema_drift,8,2186141965,llm_cache_hits,0.0
autoscale__schema_drift__r8,autoscale,schema_drift,8,2186141965,llm_degraded,0.0
autoscale__schema_drift__r8,autoscale,schema_drift,8,2186141965,llm_invalid,0.0
autoscale__schema_drift__r8,autoscale,schema_drift,8,2186141965,llm_latency_s,0.0
autoscale__schema_drift__r9,autoscale,schema_drift,9,4119520843,mttr_s,316.750896
autoscale__schema_drift__r9,autoscale,schema_drift,9,4119520843,cost_units,82.500000164864
autoscale__schema_drift__r9,autoscale,schema_drift,9,4119520843,manual_interventions,1.0
autoscale__schema_drift__r9,autoscale,schema_drift,9,4119520843,llm_tokens,0.0
autoscale__schema_drift__r9,autoscale,schema_drift,9,4119520843,freshness_s,0.0
autoscale__schema_drift__r9,autoscale,schema_drift,9,4119520843,decision_correct,0.0
autoscale__schema_drift__r9,autoscale,schema_drift,9,4119520843,wall_clock_s,130.38692074999562
autoscale__schema_drift__r9,autoscale,schema_drift,9,4119520843,api_tokens,0.0
autoscale__schema_drift__r9,autoscale,schema_drift,9,4119520843,llm_calls,0.0
autoscale__schema_drift__r9,autoscale,schema_drift,9,4119520843,llm_cache_hits,0.0
autoscale__schema_drift__r9,autoscale,schema_drift,9,4119520843,llm_degraded,0.0
autoscale__schema_drift__r9,autoscale,schema_drift,9,4119520843,llm_invalid,0.0
autoscale__schema_drift__r9,autoscale,schema_drift,9,4119520843,llm_latency_s,0.0
autoscale__schema_drift__r10,autoscale,schema_drift,10,1296434619,mttr_s,575.356071
autoscale__schema_drift__r10,autoscale,schema_drift,10,1296434619,cost_units,82.500000164864
autoscale__schema_drift__r10,autoscale,schema_drift,10,1296434619,manual_interventions,1.0
autoscale__schema_drift__r10,autoscale,schema_drift,10,1296434619,llm_tokens,0.0
autoscale__schema_drift__r10,autoscale,schema_drift,10,1296434619,freshness_s,0.0
autoscale__schema_drift__r10,autoscale,schema_drift,10,1296434619,decision_correct,0.0
autoscale__schema_drift__r10,autoscale,schema_drift,10,1296434619,wall_clock_s,129.718730624998
autoscale__schema_drift__r10,autoscale,schema_drift,10,1296434619,api_tokens,0.0
autoscale__schema_drift__r10,autoscale,schema_drift,10,1296434619,llm_calls,0.0
autoscale__schema_drift__r10,autoscale,schema_drift,10,1296434619,llm_cache_hits,0.0
autoscale__schema_drift__r10,autoscale,schema_drift,10,1296434619,llm_degraded,0.0
autoscale__schema_drift__r10,autoscale,schema_drift,10,1296434619,llm_invalid,0.0
autoscale__schema_drift__r10,autoscale,schema_drift,10,1296434619,llm_latency_s,0.0
autoscale__schema_drift__r11,autoscale,schema_drift,11,1953951021,mttr_s,382.518667
autoscale__schema_drift__r11,autoscale,schema_drift,11,1953951021,cost_units,82.500000164864
autoscale__schema_drift__r11,autoscale,schema_drift,11,1953951021,manual_interventions,1.0
autoscale__schema_drift__r11,autoscale,schema_drift,11,1953951021,llm_tokens,0.0
autoscale__schema_drift__r11,autoscale,schema_drift,11,1953951021,freshness_s,0.0
autoscale__schema_drift__r11,autoscale,schema_drift,11,1953951021,decision_correct,0.0
autoscale__schema_drift__r11,autoscale,schema_drift,11,1953951021,wall_clock_s,129.5123242919799
autoscale__schema_drift__r11,autoscale,schema_drift,11,1953951021,api_tokens,0.0
autoscale__schema_drift__r11,autoscale,schema_drift,11,1953951021,llm_calls,0.0
autoscale__schema_drift__r11,autoscale,schema_drift,11,1953951021,llm_cache_hits,0.0
autoscale__schema_drift__r11,autoscale,schema_drift,11,1953951021,llm_degraded,0.0
autoscale__schema_drift__r11,autoscale,schema_drift,11,1953951021,llm_invalid,0.0
autoscale__schema_drift__r11,autoscale,schema_drift,11,1953951021,llm_latency_s,0.0
autoscale__schema_drift__r12,autoscale,schema_drift,12,4181983837,mttr_s,640.577713
autoscale__schema_drift__r12,autoscale,schema_drift,12,4181983837,cost_units,82.500000164864
autoscale__schema_drift__r12,autoscale,schema_drift,12,4181983837,manual_interventions,1.0
autoscale__schema_drift__r12,autoscale,schema_drift,12,4181983837,llm_tokens,0.0
autoscale__schema_drift__r12,autoscale,schema_drift,12,4181983837,freshness_s,0.0
autoscale__schema_drift__r12,autoscale,schema_drift,12,4181983837,decision_correct,0.0
autoscale__schema_drift__r12,autoscale,schema_drift,12,4181983837,wall_clock_s,130.29055870801676
autoscale__schema_drift__r12,autoscale,schema_drift,12,4181983837,api_tokens,0.0
autoscale__schema_drift__r12,autoscale,schema_drift,12,4181983837,llm_calls,0.0
autoscale__schema_drift__r12,autoscale,schema_drift,12,4181983837,llm_cache_hits,0.0
autoscale__schema_drift__r12,autoscale,schema_drift,12,4181983837,llm_degraded,0.0
autoscale__schema_drift__r12,autoscale,schema_drift,12,4181983837,llm_invalid,0.0
autoscale__schema_drift__r12,autoscale,schema_drift,12,4181983837,llm_latency_s,0.0
autoscale__schema_drift__r13,autoscale,schema_drift,13,1289153867,mttr_s,232.220113
autoscale__schema_drift__r13,autoscale,schema_drift,13,1289153867,cost_units,82.500000164864
autoscale__schema_drift__r13,autoscale,schema_drift,13,1289153867,manual_interventions,1.0
autoscale__schema_drift__r13,autoscale,schema_drift,13,1289153867,llm_tokens,0.0
autoscale__schema_drift__r13,autoscale,schema_drift,13,1289153867,freshness_s,0.0
autoscale__schema_drift__r13,autoscale,schema_drift,13,1289153867,decision_correct,0.0
autoscale__schema_drift__r13,autoscale,schema_drift,13,1289153867,wall_clock_s,129.55560254200827
autoscale__schema_drift__r13,autoscale,schema_drift,13,1289153867,api_tokens,0.0
autoscale__schema_drift__r13,autoscale,schema_drift,13,1289153867,llm_calls,0.0
autoscale__schema_drift__r13,autoscale,schema_drift,13,1289153867,llm_cache_hits,0.0
autoscale__schema_drift__r13,autoscale,schema_drift,13,1289153867,llm_degraded,0.0
autoscale__schema_drift__r13,autoscale,schema_drift,13,1289153867,llm_invalid,0.0
autoscale__schema_drift__r13,autoscale,schema_drift,13,1289153867,llm_latency_s,0.0
autoscale__schema_drift__r14,autoscale,schema_drift,14,4279120919,mttr_s,518.063879
autoscale__schema_drift__r14,autoscale,schema_drift,14,4279120919,cost_units,82.500000164864
autoscale__schema_drift__r14,autoscale,schema_drift,14,4279120919,manual_interventions,1.0
autoscale__schema_drift__r14,autoscale,schema_drift,14,4279120919,llm_tokens,0.0
autoscale__schema_drift__r14,autoscale,schema_drift,14,4279120919,freshness_s,0.0
autoscale__schema_drift__r14,autoscale,schema_drift,14,4279120919,decision_correct,0.0
autoscale__schema_drift__r14,autoscale,schema_drift,14,4279120919,wall_clock_s,130.33460154102067
autoscale__schema_drift__r14,autoscale,schema_drift,14,4279120919,api_tokens,0.0
autoscale__schema_drift__r14,autoscale,schema_drift,14,4279120919,llm_calls,0.0
autoscale__schema_drift__r14,autoscale,schema_drift,14,4279120919,llm_cache_hits,0.0
autoscale__schema_drift__r14,autoscale,schema_drift,14,4279120919,llm_degraded,0.0
autoscale__schema_drift__r14,autoscale,schema_drift,14,4279120919,llm_invalid,0.0
autoscale__schema_drift__r14,autoscale,schema_drift,14,4279120919,llm_latency_s,0.0
autoscale__schema_drift__r15,autoscale,schema_drift,15,268834440,mttr_s,84.84088
autoscale__schema_drift__r15,autoscale,schema_drift,15,268834440,cost_units,82.500000164864
autoscale__schema_drift__r15,autoscale,schema_drift,15,268834440,manual_interventions,1.0
autoscale__schema_drift__r15,autoscale,schema_drift,15,268834440,llm_tokens,0.0
autoscale__schema_drift__r15,autoscale,schema_drift,15,268834440,freshness_s,0.0
autoscale__schema_drift__r15,autoscale,schema_drift,15,268834440,decision_correct,0.0
autoscale__schema_drift__r15,autoscale,schema_drift,15,268834440,wall_clock_s,129.50551074999385
autoscale__schema_drift__r15,autoscale,schema_drift,15,268834440,api_tokens,0.0
autoscale__schema_drift__r15,autoscale,schema_drift,15,268834440,llm_calls,0.0
autoscale__schema_drift__r15,autoscale,schema_drift,15,268834440,llm_cache_hits,0.0
autoscale__schema_drift__r15,autoscale,schema_drift,15,268834440,llm_degraded,0.0
autoscale__schema_drift__r15,autoscale,schema_drift,15,268834440,llm_invalid,0.0
autoscale__schema_drift__r15,autoscale,schema_drift,15,268834440,llm_latency_s,0.0
autoscale__schema_drift__r16,autoscale,schema_drift,16,1314786431,mttr_s,642.652549
autoscale__schema_drift__r16,autoscale,schema_drift,16,1314786431,cost_units,82.500000164864
autoscale__schema_drift__r16,autoscale,schema_drift,16,1314786431,manual_interventions,1.0
autoscale__schema_drift__r16,autoscale,schema_drift,16,1314786431,llm_tokens,0.0
autoscale__schema_drift__r16,autoscale,schema_drift,16,1314786431,freshness_s,0.0
autoscale__schema_drift__r16,autoscale,schema_drift,16,1314786431,decision_correct,0.0
autoscale__schema_drift__r16,autoscale,schema_drift,16,1314786431,wall_clock_s,130.5271690840018
autoscale__schema_drift__r16,autoscale,schema_drift,16,1314786431,api_tokens,0.0
autoscale__schema_drift__r16,autoscale,schema_drift,16,1314786431,llm_calls,0.0
autoscale__schema_drift__r16,autoscale,schema_drift,16,1314786431,llm_cache_hits,0.0
autoscale__schema_drift__r16,autoscale,schema_drift,16,1314786431,llm_degraded,0.0
autoscale__schema_drift__r16,autoscale,schema_drift,16,1314786431,llm_invalid,0.0
autoscale__schema_drift__r16,autoscale,schema_drift,16,1314786431,llm_latency_s,0.0
autoscale__schema_drift__r17,autoscale,schema_drift,17,3434233635,mttr_s,348.50376
autoscale__schema_drift__r17,autoscale,schema_drift,17,3434233635,cost_units,82.500000164864
autoscale__schema_drift__r17,autoscale,schema_drift,17,3434233635,manual_interventions,1.0
autoscale__schema_drift__r17,autoscale,schema_drift,17,3434233635,llm_tokens,0.0
autoscale__schema_drift__r17,autoscale,schema_drift,17,3434233635,freshness_s,0.0
autoscale__schema_drift__r17,autoscale,schema_drift,17,3434233635,decision_correct,0.0
autoscale__schema_drift__r17,autoscale,schema_drift,17,3434233635,wall_clock_s,130.62902287498582
autoscale__schema_drift__r17,autoscale,schema_drift,17,3434233635,api_tokens,0.0
autoscale__schema_drift__r17,autoscale,schema_drift,17,3434233635,llm_calls,0.0
autoscale__schema_drift__r17,autoscale,schema_drift,17,3434233635,llm_cache_hits,0.0
autoscale__schema_drift__r17,autoscale,schema_drift,17,3434233635,llm_degraded,0.0
autoscale__schema_drift__r17,autoscale,schema_drift,17,3434233635,llm_invalid,0.0
autoscale__schema_drift__r17,autoscale,schema_drift,17,3434233635,llm_latency_s,0.0
autoscale__schema_drift__r18,autoscale,schema_drift,18,1773663798,mttr_s,179.00467
autoscale__schema_drift__r18,autoscale,schema_drift,18,1773663798,cost_units,82.500000164864
autoscale__schema_drift__r18,autoscale,schema_drift,18,1773663798,manual_interventions,1.0
autoscale__schema_drift__r18,autoscale,schema_drift,18,1773663798,llm_tokens,0.0
autoscale__schema_drift__r18,autoscale,schema_drift,18,1773663798,freshness_s,0.0
autoscale__schema_drift__r18,autoscale,schema_drift,18,1773663798,decision_correct,0.0
autoscale__schema_drift__r18,autoscale,schema_drift,18,1773663798,wall_clock_s,130.526664584002
autoscale__schema_drift__r18,autoscale,schema_drift,18,1773663798,api_tokens,0.0
autoscale__schema_drift__r18,autoscale,schema_drift,18,1773663798,llm_calls,0.0
autoscale__schema_drift__r18,autoscale,schema_drift,18,1773663798,llm_cache_hits,0.0
autoscale__schema_drift__r18,autoscale,schema_drift,18,1773663798,llm_degraded,0.0
autoscale__schema_drift__r18,autoscale,schema_drift,18,1773663798,llm_invalid,0.0
autoscale__schema_drift__r18,autoscale,schema_drift,18,1773663798,llm_latency_s,0.0
autoscale__schema_drift__r19,autoscale,schema_drift,19,2978789415,mttr_s,418.841898
autoscale__schema_drift__r19,autoscale,schema_drift,19,2978789415,cost_units,82.500000164864
autoscale__schema_drift__r19,autoscale,schema_drift,19,2978789415,manual_interventions,1.0
autoscale__schema_drift__r19,autoscale,schema_drift,19,2978789415,llm_tokens,0.0
autoscale__schema_drift__r19,autoscale,schema_drift,19,2978789415,freshness_s,0.0
autoscale__schema_drift__r19,autoscale,schema_drift,19,2978789415,decision_correct,0.0
autoscale__schema_drift__r19,autoscale,schema_drift,19,2978789415,wall_clock_s,130.36111341702053
autoscale__schema_drift__r19,autoscale,schema_drift,19,2978789415,api_tokens,0.0
autoscale__schema_drift__r19,autoscale,schema_drift,19,2978789415,llm_calls,0.0
autoscale__schema_drift__r19,autoscale,schema_drift,19,2978789415,llm_cache_hits,0.0
autoscale__schema_drift__r19,autoscale,schema_drift,19,2978789415,llm_degraded,0.0
autoscale__schema_drift__r19,autoscale,schema_drift,19,2978789415,llm_invalid,0.0
autoscale__schema_drift__r19,autoscale,schema_drift,19,2978789415,llm_latency_s,0.0
autoscale__upstream_delay__r0,autoscale,upstream_delay,0,1804404371,mttr_s,701.486746
autoscale__upstream_delay__r0,autoscale,upstream_delay,0,1804404371,cost_units,82.500000164864
autoscale__upstream_delay__r0,autoscale,upstream_delay,0,1804404371,manual_interventions,1.0
autoscale__upstream_delay__r0,autoscale,upstream_delay,0,1804404371,llm_tokens,0.0
autoscale__upstream_delay__r0,autoscale,upstream_delay,0,1804404371,freshness_s,701.486746
autoscale__upstream_delay__r0,autoscale,upstream_delay,0,1804404371,decision_correct,0.0
autoscale__upstream_delay__r0,autoscale,upstream_delay,0,1804404371,wall_clock_s,130.52961075000349
autoscale__upstream_delay__r0,autoscale,upstream_delay,0,1804404371,api_tokens,0.0
autoscale__upstream_delay__r0,autoscale,upstream_delay,0,1804404371,llm_calls,0.0
autoscale__upstream_delay__r0,autoscale,upstream_delay,0,1804404371,llm_cache_hits,0.0
autoscale__upstream_delay__r0,autoscale,upstream_delay,0,1804404371,llm_degraded,0.0
autoscale__upstream_delay__r0,autoscale,upstream_delay,0,1804404371,llm_invalid,0.0
autoscale__upstream_delay__r0,autoscale,upstream_delay,0,1804404371,llm_latency_s,0.0
autoscale__upstream_delay__r1,autoscale,upstream_delay,1,1290089037,mttr_s,314.740789
autoscale__upstream_delay__r1,autoscale,upstream_delay,1,1290089037,cost_units,82.500000164864
autoscale__upstream_delay__r1,autoscale,upstream_delay,1,1290089037,manual_interventions,1.0
autoscale__upstream_delay__r1,autoscale,upstream_delay,1,1290089037,llm_tokens,0.0
autoscale__upstream_delay__r1,autoscale,upstream_delay,1,1290089037,freshness_s,314.740789
autoscale__upstream_delay__r1,autoscale,upstream_delay,1,1290089037,decision_correct,0.0
autoscale__upstream_delay__r1,autoscale,upstream_delay,1,1290089037,wall_clock_s,129.69580429201596
autoscale__upstream_delay__r1,autoscale,upstream_delay,1,1290089037,api_tokens,0.0
autoscale__upstream_delay__r1,autoscale,upstream_delay,1,1290089037,llm_calls,0.0
autoscale__upstream_delay__r1,autoscale,upstream_delay,1,1290089037,llm_cache_hits,0.0
autoscale__upstream_delay__r1,autoscale,upstream_delay,1,1290089037,llm_degraded,0.0
autoscale__upstream_delay__r1,autoscale,upstream_delay,1,1290089037,llm_invalid,0.0
autoscale__upstream_delay__r1,autoscale,upstream_delay,1,1290089037,llm_latency_s,0.0
autoscale__upstream_delay__r2,autoscale,upstream_delay,2,3163148044,mttr_s,247.750173
autoscale__upstream_delay__r2,autoscale,upstream_delay,2,3163148044,cost_units,82.500000164864
autoscale__upstream_delay__r2,autoscale,upstream_delay,2,3163148044,manual_interventions,1.0
autoscale__upstream_delay__r2,autoscale,upstream_delay,2,3163148044,llm_tokens,0.0
autoscale__upstream_delay__r2,autoscale,upstream_delay,2,3163148044,freshness_s,247.750173
autoscale__upstream_delay__r2,autoscale,upstream_delay,2,3163148044,decision_correct,0.0
autoscale__upstream_delay__r2,autoscale,upstream_delay,2,3163148044,wall_clock_s,129.47251737499028
autoscale__upstream_delay__r2,autoscale,upstream_delay,2,3163148044,api_tokens,0.0
autoscale__upstream_delay__r2,autoscale,upstream_delay,2,3163148044,llm_calls,0.0
autoscale__upstream_delay__r2,autoscale,upstream_delay,2,3163148044,llm_cache_hits,0.0
autoscale__upstream_delay__r2,autoscale,upstream_delay,2,3163148044,llm_degraded,0.0
autoscale__upstream_delay__r2,autoscale,upstream_delay,2,3163148044,llm_invalid,0.0
autoscale__upstream_delay__r2,autoscale,upstream_delay,2,3163148044,llm_latency_s,0.0
autoscale__upstream_delay__r3,autoscale,upstream_delay,3,1766718431,mttr_s,415.558666
autoscale__upstream_delay__r3,autoscale,upstream_delay,3,1766718431,cost_units,82.500000164864
autoscale__upstream_delay__r3,autoscale,upstream_delay,3,1766718431,manual_interventions,1.0
autoscale__upstream_delay__r3,autoscale,upstream_delay,3,1766718431,llm_tokens,0.0
autoscale__upstream_delay__r3,autoscale,upstream_delay,3,1766718431,freshness_s,415.558666
autoscale__upstream_delay__r3,autoscale,upstream_delay,3,1766718431,decision_correct,0.0
autoscale__upstream_delay__r3,autoscale,upstream_delay,3,1766718431,wall_clock_s,130.2904775829811
autoscale__upstream_delay__r3,autoscale,upstream_delay,3,1766718431,api_tokens,0.0
autoscale__upstream_delay__r3,autoscale,upstream_delay,3,1766718431,llm_calls,0.0
autoscale__upstream_delay__r3,autoscale,upstream_delay,3,1766718431,llm_cache_hits,0.0
autoscale__upstream_delay__r3,autoscale,upstream_delay,3,1766718431,llm_degraded,0.0
autoscale__upstream_delay__r3,autoscale,upstream_delay,3,1766718431,llm_invalid,0.0
autoscale__upstream_delay__r3,autoscale,upstream_delay,3,1766718431,llm_latency_s,0.0
autoscale__upstream_delay__r4,autoscale,upstream_delay,4,2087487437,mttr_s,494.49304
autoscale__upstream_delay__r4,autoscale,upstream_delay,4,2087487437,cost_units,82.500000164864
autoscale__upstream_delay__r4,autoscale,upstream_delay,4,2087487437,manual_interventions,1.0
autoscale__upstream_delay__r4,autoscale,upstream_delay,4,2087487437,llm_tokens,0.0
autoscale__upstream_delay__r4,autoscale,upstream_delay,4,2087487437,freshness_s,494.49304
autoscale__upstream_delay__r4,autoscale,upstream_delay,4,2087487437,decision_correct,0.0
autoscale__upstream_delay__r4,autoscale,upstream_delay,4,2087487437,wall_clock_s,130.50336416700156
autoscale__upstream_delay__r4,autoscale,upstream_delay,4,2087487437,api_tokens,0.0
autoscale__upstream_delay__r4,autoscale,upstream_delay,4,2087487437,llm_calls,0.0
autoscale__upstream_delay__r4,autoscale,upstream_delay,4,2087487437,llm_cache_hits,0.0
autoscale__upstream_delay__r4,autoscale,upstream_delay,4,2087487437,llm_degraded,0.0
autoscale__upstream_delay__r4,autoscale,upstream_delay,4,2087487437,llm_invalid,0.0
autoscale__upstream_delay__r4,autoscale,upstream_delay,4,2087487437,llm_latency_s,0.0
autoscale__upstream_delay__r5,autoscale,upstream_delay,5,1234940345,mttr_s,175.703713
autoscale__upstream_delay__r5,autoscale,upstream_delay,5,1234940345,cost_units,82.500000164864
autoscale__upstream_delay__r5,autoscale,upstream_delay,5,1234940345,manual_interventions,1.0
autoscale__upstream_delay__r5,autoscale,upstream_delay,5,1234940345,llm_tokens,0.0
autoscale__upstream_delay__r5,autoscale,upstream_delay,5,1234940345,freshness_s,175.703713
autoscale__upstream_delay__r5,autoscale,upstream_delay,5,1234940345,decision_correct,0.0
autoscale__upstream_delay__r5,autoscale,upstream_delay,5,1234940345,wall_clock_s,129.60087108399603
autoscale__upstream_delay__r5,autoscale,upstream_delay,5,1234940345,api_tokens,0.0
autoscale__upstream_delay__r5,autoscale,upstream_delay,5,1234940345,llm_calls,0.0
autoscale__upstream_delay__r5,autoscale,upstream_delay,5,1234940345,llm_cache_hits,0.0
autoscale__upstream_delay__r5,autoscale,upstream_delay,5,1234940345,llm_degraded,0.0
autoscale__upstream_delay__r5,autoscale,upstream_delay,5,1234940345,llm_invalid,0.0
autoscale__upstream_delay__r5,autoscale,upstream_delay,5,1234940345,llm_latency_s,0.0
autoscale__upstream_delay__r6,autoscale,upstream_delay,6,2532919025,mttr_s,260.122018
autoscale__upstream_delay__r6,autoscale,upstream_delay,6,2532919025,cost_units,82.500000164864
autoscale__upstream_delay__r6,autoscale,upstream_delay,6,2532919025,manual_interventions,1.0
autoscale__upstream_delay__r6,autoscale,upstream_delay,6,2532919025,llm_tokens,0.0
autoscale__upstream_delay__r6,autoscale,upstream_delay,6,2532919025,freshness_s,260.122018
autoscale__upstream_delay__r6,autoscale,upstream_delay,6,2532919025,decision_correct,0.0
autoscale__upstream_delay__r6,autoscale,upstream_delay,6,2532919025,wall_clock_s,130.27385579200927
autoscale__upstream_delay__r6,autoscale,upstream_delay,6,2532919025,api_tokens,0.0
autoscale__upstream_delay__r6,autoscale,upstream_delay,6,2532919025,llm_calls,0.0
autoscale__upstream_delay__r6,autoscale,upstream_delay,6,2532919025,llm_cache_hits,0.0
autoscale__upstream_delay__r6,autoscale,upstream_delay,6,2532919025,llm_degraded,0.0
autoscale__upstream_delay__r6,autoscale,upstream_delay,6,2532919025,llm_invalid,0.0
autoscale__upstream_delay__r6,autoscale,upstream_delay,6,2532919025,llm_latency_s,0.0
autoscale__upstream_delay__r7,autoscale,upstream_delay,7,353169579,mttr_s,181.408008
autoscale__upstream_delay__r7,autoscale,upstream_delay,7,353169579,cost_units,82.500000164864
autoscale__upstream_delay__r7,autoscale,upstream_delay,7,353169579,manual_interventions,1.0
autoscale__upstream_delay__r7,autoscale,upstream_delay,7,353169579,llm_tokens,0.0
autoscale__upstream_delay__r7,autoscale,upstream_delay,7,353169579,freshness_s,181.408008
autoscale__upstream_delay__r7,autoscale,upstream_delay,7,353169579,decision_correct,0.0
autoscale__upstream_delay__r7,autoscale,upstream_delay,7,353169579,wall_clock_s,129.43353195898817
autoscale__upstream_delay__r7,autoscale,upstream_delay,7,353169579,api_tokens,0.0
autoscale__upstream_delay__r7,autoscale,upstream_delay,7,353169579,llm_calls,0.0
autoscale__upstream_delay__r7,autoscale,upstream_delay,7,353169579,llm_cache_hits,0.0
autoscale__upstream_delay__r7,autoscale,upstream_delay,7,353169579,llm_degraded,0.0
autoscale__upstream_delay__r7,autoscale,upstream_delay,7,353169579,llm_invalid,0.0
autoscale__upstream_delay__r7,autoscale,upstream_delay,7,353169579,llm_latency_s,0.0
autoscale__upstream_delay__r8,autoscale,upstream_delay,8,92430929,mttr_s,378.364359
autoscale__upstream_delay__r8,autoscale,upstream_delay,8,92430929,cost_units,82.500000164864
autoscale__upstream_delay__r8,autoscale,upstream_delay,8,92430929,manual_interventions,1.0
autoscale__upstream_delay__r8,autoscale,upstream_delay,8,92430929,llm_tokens,0.0
autoscale__upstream_delay__r8,autoscale,upstream_delay,8,92430929,freshness_s,378.364359
autoscale__upstream_delay__r8,autoscale,upstream_delay,8,92430929,decision_correct,0.0
autoscale__upstream_delay__r8,autoscale,upstream_delay,8,92430929,wall_clock_s,129.4803746670077
autoscale__upstream_delay__r8,autoscale,upstream_delay,8,92430929,api_tokens,0.0
autoscale__upstream_delay__r8,autoscale,upstream_delay,8,92430929,llm_calls,0.0
autoscale__upstream_delay__r8,autoscale,upstream_delay,8,92430929,llm_cache_hits,0.0
autoscale__upstream_delay__r8,autoscale,upstream_delay,8,92430929,llm_degraded,0.0
autoscale__upstream_delay__r8,autoscale,upstream_delay,8,92430929,llm_invalid,0.0
autoscale__upstream_delay__r8,autoscale,upstream_delay,8,92430929,llm_latency_s,0.0
autoscale__upstream_delay__r9,autoscale,upstream_delay,9,489375632,mttr_s,411.61439
autoscale__upstream_delay__r9,autoscale,upstream_delay,9,489375632,cost_units,82.500000164864
autoscale__upstream_delay__r9,autoscale,upstream_delay,9,489375632,manual_interventions,1.0
autoscale__upstream_delay__r9,autoscale,upstream_delay,9,489375632,llm_tokens,0.0
autoscale__upstream_delay__r9,autoscale,upstream_delay,9,489375632,freshness_s,411.61439
autoscale__upstream_delay__r9,autoscale,upstream_delay,9,489375632,decision_correct,0.0
autoscale__upstream_delay__r9,autoscale,upstream_delay,9,489375632,wall_clock_s,129.60630437498912
autoscale__upstream_delay__r9,autoscale,upstream_delay,9,489375632,api_tokens,0.0
autoscale__upstream_delay__r9,autoscale,upstream_delay,9,489375632,llm_calls,0.0
autoscale__upstream_delay__r9,autoscale,upstream_delay,9,489375632,llm_cache_hits,0.0
autoscale__upstream_delay__r9,autoscale,upstream_delay,9,489375632,llm_degraded,0.0
autoscale__upstream_delay__r9,autoscale,upstream_delay,9,489375632,llm_invalid,0.0
autoscale__upstream_delay__r9,autoscale,upstream_delay,9,489375632,llm_latency_s,0.0
autoscale__upstream_delay__r10,autoscale,upstream_delay,10,2329540537,mttr_s,377.591081
autoscale__upstream_delay__r10,autoscale,upstream_delay,10,2329540537,cost_units,82.500000164864
autoscale__upstream_delay__r10,autoscale,upstream_delay,10,2329540537,manual_interventions,1.0
autoscale__upstream_delay__r10,autoscale,upstream_delay,10,2329540537,llm_tokens,0.0
autoscale__upstream_delay__r10,autoscale,upstream_delay,10,2329540537,freshness_s,377.591081
autoscale__upstream_delay__r10,autoscale,upstream_delay,10,2329540537,decision_correct,0.0
autoscale__upstream_delay__r10,autoscale,upstream_delay,10,2329540537,wall_clock_s,130.29408474999946
autoscale__upstream_delay__r10,autoscale,upstream_delay,10,2329540537,api_tokens,0.0
autoscale__upstream_delay__r10,autoscale,upstream_delay,10,2329540537,llm_calls,0.0
autoscale__upstream_delay__r10,autoscale,upstream_delay,10,2329540537,llm_cache_hits,0.0
autoscale__upstream_delay__r10,autoscale,upstream_delay,10,2329540537,llm_degraded,0.0
autoscale__upstream_delay__r10,autoscale,upstream_delay,10,2329540537,llm_invalid,0.0
autoscale__upstream_delay__r10,autoscale,upstream_delay,10,2329540537,llm_latency_s,0.0
autoscale__upstream_delay__r11,autoscale,upstream_delay,11,2880829013,mttr_s,318.386377
autoscale__upstream_delay__r11,autoscale,upstream_delay,11,2880829013,cost_units,82.500000164864
autoscale__upstream_delay__r11,autoscale,upstream_delay,11,2880829013,manual_interventions,1.0
autoscale__upstream_delay__r11,autoscale,upstream_delay,11,2880829013,llm_tokens,0.0
autoscale__upstream_delay__r11,autoscale,upstream_delay,11,2880829013,freshness_s,318.386377
autoscale__upstream_delay__r11,autoscale,upstream_delay,11,2880829013,decision_correct,0.0
autoscale__upstream_delay__r11,autoscale,upstream_delay,11,2880829013,wall_clock_s,130.6967853330134
autoscale__upstream_delay__r11,autoscale,upstream_delay,11,2880829013,api_tokens,0.0
autoscale__upstream_delay__r11,autoscale,upstream_delay,11,2880829013,llm_calls,0.0
autoscale__upstream_delay__r11,autoscale,upstream_delay,11,2880829013,llm_cache_hits,0.0
autoscale__upstream_delay__r11,autoscale,upstream_delay,11,2880829013,llm_degraded,0.0
autoscale__upstream_delay__r11,autoscale,upstream_delay,11,2880829013,llm_invalid,0.0
autoscale__upstream_delay__r11,autoscale,upstream_delay,11,2880829013,llm_latency_s,0.0
autoscale__upstream_delay__r12,autoscale,upstream_delay,12,2554617696,mttr_s,507.657992
autoscale__upstream_delay__r12,autoscale,upstream_delay,12,2554617696,cost_units,82.500000164864
autoscale__upstream_delay__r12,autoscale,upstream_delay,12,2554617696,manual_interventions,1.0
autoscale__upstream_delay__r12,autoscale,upstream_delay,12,2554617696,llm_tokens,0.0
autoscale__upstream_delay__r12,autoscale,upstream_delay,12,2554617696,freshness_s,507.657992
autoscale__upstream_delay__r12,autoscale,upstream_delay,12,2554617696,decision_correct,0.0
autoscale__upstream_delay__r12,autoscale,upstream_delay,12,2554617696,wall_clock_s,130.54586325000855
autoscale__upstream_delay__r12,autoscale,upstream_delay,12,2554617696,api_tokens,0.0
autoscale__upstream_delay__r12,autoscale,upstream_delay,12,2554617696,llm_calls,0.0
autoscale__upstream_delay__r12,autoscale,upstream_delay,12,2554617696,llm_cache_hits,0.0
autoscale__upstream_delay__r12,autoscale,upstream_delay,12,2554617696,llm_degraded,0.0
autoscale__upstream_delay__r12,autoscale,upstream_delay,12,2554617696,llm_invalid,0.0
autoscale__upstream_delay__r12,autoscale,upstream_delay,12,2554617696,llm_latency_s,0.0
autoscale__upstream_delay__r13,autoscale,upstream_delay,13,602053671,mttr_s,340.343762
autoscale__upstream_delay__r13,autoscale,upstream_delay,13,602053671,cost_units,82.500000164864
autoscale__upstream_delay__r13,autoscale,upstream_delay,13,602053671,manual_interventions,1.0
autoscale__upstream_delay__r13,autoscale,upstream_delay,13,602053671,llm_tokens,0.0
autoscale__upstream_delay__r13,autoscale,upstream_delay,13,602053671,freshness_s,340.343762
autoscale__upstream_delay__r13,autoscale,upstream_delay,13,602053671,decision_correct,0.0
autoscale__upstream_delay__r13,autoscale,upstream_delay,13,602053671,wall_clock_s,130.48806308297208
autoscale__upstream_delay__r13,autoscale,upstream_delay,13,602053671,api_tokens,0.0
autoscale__upstream_delay__r13,autoscale,upstream_delay,13,602053671,llm_calls,0.0
autoscale__upstream_delay__r13,autoscale,upstream_delay,13,602053671,llm_cache_hits,0.0
autoscale__upstream_delay__r13,autoscale,upstream_delay,13,602053671,llm_degraded,0.0
autoscale__upstream_delay__r13,autoscale,upstream_delay,13,602053671,llm_invalid,0.0
autoscale__upstream_delay__r13,autoscale,upstream_delay,13,602053671,llm_latency_s,0.0
autoscale__upstream_delay__r14,autoscale,upstream_delay,14,4028573340,mttr_s,387.00087
autoscale__upstream_delay__r14,autoscale,upstream_delay,14,4028573340,cost_units,82.500000164864
autoscale__upstream_delay__r14,autoscale,upstream_delay,14,4028573340,manual_interventions,1.0
autoscale__upstream_delay__r14,autoscale,upstream_delay,14,4028573340,llm_tokens,0.0
autoscale__upstream_delay__r14,autoscale,upstream_delay,14,4028573340,freshness_s,387.00087
autoscale__upstream_delay__r14,autoscale,upstream_delay,14,4028573340,decision_correct,0.0
autoscale__upstream_delay__r14,autoscale,upstream_delay,14,4028573340,wall_clock_s,130.5805260829802
autoscale__upstream_delay__r14,autoscale,upstream_delay,14,4028573340,api_tokens,0.0
autoscale__upstream_delay__r14,autoscale,upstream_delay,14,4028573340,llm_calls,0.0
autoscale__upstream_delay__r14,autoscale,upstream_delay,14,4028573340,llm_cache_hits,0.0
autoscale__upstream_delay__r14,autoscale,upstream_delay,14,4028573340,llm_degraded,0.0
autoscale__upstream_delay__r14,autoscale,upstream_delay,14,4028573340,llm_invalid,0.0
autoscale__upstream_delay__r14,autoscale,upstream_delay,14,4028573340,llm_latency_s,0.0
autoscale__upstream_delay__r15,autoscale,upstream_delay,15,1604657327,mttr_s,517.566191
autoscale__upstream_delay__r15,autoscale,upstream_delay,15,1604657327,cost_units,82.500000164864
autoscale__upstream_delay__r15,autoscale,upstream_delay,15,1604657327,manual_interventions,1.0
autoscale__upstream_delay__r15,autoscale,upstream_delay,15,1604657327,llm_tokens,0.0
autoscale__upstream_delay__r15,autoscale,upstream_delay,15,1604657327,freshness_s,517.566191
autoscale__upstream_delay__r15,autoscale,upstream_delay,15,1604657327,decision_correct,0.0
autoscale__upstream_delay__r15,autoscale,upstream_delay,15,1604657327,wall_clock_s,130.46782358302153
autoscale__upstream_delay__r15,autoscale,upstream_delay,15,1604657327,api_tokens,0.0
autoscale__upstream_delay__r15,autoscale,upstream_delay,15,1604657327,llm_calls,0.0
autoscale__upstream_delay__r15,autoscale,upstream_delay,15,1604657327,llm_cache_hits,0.0
autoscale__upstream_delay__r15,autoscale,upstream_delay,15,1604657327,llm_degraded,0.0
autoscale__upstream_delay__r15,autoscale,upstream_delay,15,1604657327,llm_invalid,0.0
autoscale__upstream_delay__r15,autoscale,upstream_delay,15,1604657327,llm_latency_s,0.0
autoscale__upstream_delay__r16,autoscale,upstream_delay,16,583637068,mttr_s,898.914701
autoscale__upstream_delay__r16,autoscale,upstream_delay,16,583637068,cost_units,82.500000164864
autoscale__upstream_delay__r16,autoscale,upstream_delay,16,583637068,manual_interventions,1.0
autoscale__upstream_delay__r16,autoscale,upstream_delay,16,583637068,llm_tokens,0.0
autoscale__upstream_delay__r16,autoscale,upstream_delay,16,583637068,freshness_s,898.914701
autoscale__upstream_delay__r16,autoscale,upstream_delay,16,583637068,decision_correct,0.0
autoscale__upstream_delay__r16,autoscale,upstream_delay,16,583637068,wall_clock_s,129.46027737500845
autoscale__upstream_delay__r16,autoscale,upstream_delay,16,583637068,api_tokens,0.0
autoscale__upstream_delay__r16,autoscale,upstream_delay,16,583637068,llm_calls,0.0
autoscale__upstream_delay__r16,autoscale,upstream_delay,16,583637068,llm_cache_hits,0.0
autoscale__upstream_delay__r16,autoscale,upstream_delay,16,583637068,llm_degraded,0.0
autoscale__upstream_delay__r16,autoscale,upstream_delay,16,583637068,llm_invalid,0.0
autoscale__upstream_delay__r16,autoscale,upstream_delay,16,583637068,llm_latency_s,0.0
autoscale__upstream_delay__r17,autoscale,upstream_delay,17,282242901,mttr_s,398.563976
autoscale__upstream_delay__r17,autoscale,upstream_delay,17,282242901,cost_units,82.500000164864
autoscale__upstream_delay__r17,autoscale,upstream_delay,17,282242901,manual_interventions,1.0
autoscale__upstream_delay__r17,autoscale,upstream_delay,17,282242901,llm_tokens,0.0
autoscale__upstream_delay__r17,autoscale,upstream_delay,17,282242901,freshness_s,398.563976
autoscale__upstream_delay__r17,autoscale,upstream_delay,17,282242901,decision_correct,0.0
autoscale__upstream_delay__r17,autoscale,upstream_delay,17,282242901,wall_clock_s,130.39847629200085
autoscale__upstream_delay__r17,autoscale,upstream_delay,17,282242901,api_tokens,0.0
autoscale__upstream_delay__r17,autoscale,upstream_delay,17,282242901,llm_calls,0.0
autoscale__upstream_delay__r17,autoscale,upstream_delay,17,282242901,llm_cache_hits,0.0
autoscale__upstream_delay__r17,autoscale,upstream_delay,17,282242901,llm_degraded,0.0
autoscale__upstream_delay__r17,autoscale,upstream_delay,17,282242901,llm_invalid,0.0
autoscale__upstream_delay__r17,autoscale,upstream_delay,17,282242901,llm_latency_s,0.0
autoscale__upstream_delay__r18,autoscale,upstream_delay,18,2331973725,mttr_s,742.157132
autoscale__upstream_delay__r18,autoscale,upstream_delay,18,2331973725,cost_units,82.500000164864
autoscale__upstream_delay__r18,autoscale,upstream_delay,18,2331973725,manual_interventions,1.0
autoscale__upstream_delay__r18,autoscale,upstream_delay,18,2331973725,llm_tokens,0.0
autoscale__upstream_delay__r18,autoscale,upstream_delay,18,2331973725,freshness_s,742.157132
autoscale__upstream_delay__r18,autoscale,upstream_delay,18,2331973725,decision_correct,0.0
autoscale__upstream_delay__r18,autoscale,upstream_delay,18,2331973725,wall_clock_s,129.64872687502066
autoscale__upstream_delay__r18,autoscale,upstream_delay,18,2331973725,api_tokens,0.0
autoscale__upstream_delay__r18,autoscale,upstream_delay,18,2331973725,llm_calls,0.0
autoscale__upstream_delay__r18,autoscale,upstream_delay,18,2331973725,llm_cache_hits,0.0
autoscale__upstream_delay__r18,autoscale,upstream_delay,18,2331973725,llm_degraded,0.0
autoscale__upstream_delay__r18,autoscale,upstream_delay,18,2331973725,llm_invalid,0.0
autoscale__upstream_delay__r18,autoscale,upstream_delay,18,2331973725,llm_latency_s,0.0
autoscale__upstream_delay__r19,autoscale,upstream_delay,19,5712329,mttr_s,420.789592
autoscale__upstream_delay__r19,autoscale,upstream_delay,19,5712329,cost_units,82.500000164864
autoscale__upstream_delay__r19,autoscale,upstream_delay,19,5712329,manual_interventions,1.0
autoscale__upstream_delay__r19,autoscale,upstream_delay,19,5712329,llm_tokens,0.0
autoscale__upstream_delay__r19,autoscale,upstream_delay,19,5712329,freshness_s,420.789592
autoscale__upstream_delay__r19,autoscale,upstream_delay,19,5712329,decision_correct,0.0
autoscale__upstream_delay__r19,autoscale,upstream_delay,19,5712329,wall_clock_s,130.17476779199205
autoscale__upstream_delay__r19,autoscale,upstream_delay,19,5712329,api_tokens,0.0
autoscale__upstream_delay__r19,autoscale,upstream_delay,19,5712329,llm_calls,0.0
autoscale__upstream_delay__r19,autoscale,upstream_delay,19,5712329,llm_cache_hits,0.0
autoscale__upstream_delay__r19,autoscale,upstream_delay,19,5712329,llm_degraded,0.0
autoscale__upstream_delay__r19,autoscale,upstream_delay,19,5712329,llm_invalid,0.0
autoscale__upstream_delay__r19,autoscale,upstream_delay,19,5712329,llm_latency_s,0.0
autoscale__resource_contention__r0,autoscale,resource_contention,0,819458072,mttr_s,20.0
autoscale__resource_contention__r0,autoscale,resource_contention,0,819458072,cost_units,532.5000021432322
autoscale__resource_contention__r0,autoscale,resource_contention,0,819458072,manual_interventions,0.0
autoscale__resource_contention__r0,autoscale,resource_contention,0,819458072,llm_tokens,0.0
autoscale__resource_contention__r0,autoscale,resource_contention,0,819458072,freshness_s,0.0
autoscale__resource_contention__r0,autoscale,resource_contention,0,819458072,decision_correct,0.0
autoscale__resource_contention__r0,autoscale,resource_contention,0,819458072,wall_clock_s,309.66228145800414
autoscale__resource_contention__r0,autoscale,resource_contention,0,819458072,api_tokens,0.0
autoscale__resource_contention__r0,autoscale,resource_contention,0,819458072,llm_calls,0.0
autoscale__resource_contention__r0,autoscale,resource_contention,0,819458072,llm_cache_hits,0.0
autoscale__resource_contention__r0,autoscale,resource_contention,0,819458072,llm_degraded,0.0
autoscale__resource_contention__r0,autoscale,resource_contention,0,819458072,llm_invalid,0.0
autoscale__resource_contention__r0,autoscale,resource_contention,0,819458072,llm_latency_s,0.0
autoscale__resource_contention__r1,autoscale,resource_contention,1,2069543221,mttr_s,20.0
autoscale__resource_contention__r1,autoscale,resource_contention,1,2069543221,cost_units,532.5000021432322
autoscale__resource_contention__r1,autoscale,resource_contention,1,2069543221,manual_interventions,0.0
autoscale__resource_contention__r1,autoscale,resource_contention,1,2069543221,llm_tokens,0.0
autoscale__resource_contention__r1,autoscale,resource_contention,1,2069543221,freshness_s,0.0
autoscale__resource_contention__r1,autoscale,resource_contention,1,2069543221,decision_correct,0.0
autoscale__resource_contention__r1,autoscale,resource_contention,1,2069543221,wall_clock_s,310.4868730830203
autoscale__resource_contention__r1,autoscale,resource_contention,1,2069543221,api_tokens,0.0
autoscale__resource_contention__r1,autoscale,resource_contention,1,2069543221,llm_calls,0.0
autoscale__resource_contention__r1,autoscale,resource_contention,1,2069543221,llm_cache_hits,0.0
autoscale__resource_contention__r1,autoscale,resource_contention,1,2069543221,llm_degraded,0.0
autoscale__resource_contention__r1,autoscale,resource_contention,1,2069543221,llm_invalid,0.0
autoscale__resource_contention__r1,autoscale,resource_contention,1,2069543221,llm_latency_s,0.0
autoscale__resource_contention__r2,autoscale,resource_contention,2,1059545043,mttr_s,20.0
autoscale__resource_contention__r2,autoscale,resource_contention,2,1059545043,cost_units,532.5000021432322
autoscale__resource_contention__r2,autoscale,resource_contention,2,1059545043,manual_interventions,0.0
autoscale__resource_contention__r2,autoscale,resource_contention,2,1059545043,llm_tokens,0.0
autoscale__resource_contention__r2,autoscale,resource_contention,2,1059545043,freshness_s,0.0
autoscale__resource_contention__r2,autoscale,resource_contention,2,1059545043,decision_correct,0.0
autoscale__resource_contention__r2,autoscale,resource_contention,2,1059545043,wall_clock_s,310.48626150001655
autoscale__resource_contention__r2,autoscale,resource_contention,2,1059545043,api_tokens,0.0
autoscale__resource_contention__r2,autoscale,resource_contention,2,1059545043,llm_calls,0.0
autoscale__resource_contention__r2,autoscale,resource_contention,2,1059545043,llm_cache_hits,0.0
autoscale__resource_contention__r2,autoscale,resource_contention,2,1059545043,llm_degraded,0.0
autoscale__resource_contention__r2,autoscale,resource_contention,2,1059545043,llm_invalid,0.0
autoscale__resource_contention__r2,autoscale,resource_contention,2,1059545043,llm_latency_s,0.0
autoscale__resource_contention__r3,autoscale,resource_contention,3,362344722,mttr_s,20.0
autoscale__resource_contention__r3,autoscale,resource_contention,3,362344722,cost_units,532.5000021432322
autoscale__resource_contention__r3,autoscale,resource_contention,3,362344722,manual_interventions,0.0
autoscale__resource_contention__r3,autoscale,resource_contention,3,362344722,llm_tokens,0.0
autoscale__resource_contention__r3,autoscale,resource_contention,3,362344722,freshness_s,0.0
autoscale__resource_contention__r3,autoscale,resource_contention,3,362344722,decision_correct,0.0
autoscale__resource_contention__r3,autoscale,resource_contention,3,362344722,wall_clock_s,310.63126454202575
autoscale__resource_contention__r3,autoscale,resource_contention,3,362344722,api_tokens,0.0
autoscale__resource_contention__r3,autoscale,resource_contention,3,362344722,llm_calls,0.0
autoscale__resource_contention__r3,autoscale,resource_contention,3,362344722,llm_cache_hits,0.0
autoscale__resource_contention__r3,autoscale,resource_contention,3,362344722,llm_degraded,0.0
autoscale__resource_contention__r3,autoscale,resource_contention,3,362344722,llm_invalid,0.0
autoscale__resource_contention__r3,autoscale,resource_contention,3,362344722,llm_latency_s,0.0
autoscale__resource_contention__r4,autoscale,resource_contention,4,545980217,mttr_s,20.0
autoscale__resource_contention__r4,autoscale,resource_contention,4,545980217,cost_units,532.5000021432322
autoscale__resource_contention__r4,autoscale,resource_contention,4,545980217,manual_interventions,0.0
autoscale__resource_contention__r4,autoscale,resource_contention,4,545980217,llm_tokens,0.0
autoscale__resource_contention__r4,autoscale,resource_contention,4,545980217,freshness_s,0.0
autoscale__resource_contention__r4,autoscale,resource_contention,4,545980217,decision_correct,0.0
autoscale__resource_contention__r4,autoscale,resource_contention,4,545980217,wall_clock_s,310.755057708011
autoscale__resource_contention__r4,autoscale,resource_contention,4,545980217,api_tokens,0.0
autoscale__resource_contention__r4,autoscale,resource_contention,4,545980217,llm_calls,0.0
autoscale__resource_contention__r4,autoscale,resource_contention,4,545980217,llm_cache_hits,0.0
autoscale__resource_contention__r4,autoscale,resource_contention,4,545980217,llm_degraded,0.0
autoscale__resource_contention__r4,autoscale,resource_contention,4,545980217,llm_invalid,0.0
autoscale__resource_contention__r4,autoscale,resource_contention,4,545980217,llm_latency_s,0.0
autoscale__resource_contention__r5,autoscale,resource_contention,5,2931263758,mttr_s,20.0
autoscale__resource_contention__r5,autoscale,resource_contention,5,2931263758,cost_units,532.5000021432322
autoscale__resource_contention__r5,autoscale,resource_contention,5,2931263758,manual_interventions,0.0
autoscale__resource_contention__r5,autoscale,resource_contention,5,2931263758,llm_tokens,0.0
autoscale__resource_contention__r5,autoscale,resource_contention,5,2931263758,freshness_s,0.0
autoscale__resource_contention__r5,autoscale,resource_contention,5,2931263758,decision_correct,0.0
autoscale__resource_contention__r5,autoscale,resource_contention,5,2931263758,wall_clock_s,310.6098553329939
autoscale__resource_contention__r5,autoscale,resource_contention,5,2931263758,api_tokens,0.0
autoscale__resource_contention__r5,autoscale,resource_contention,5,2931263758,llm_calls,0.0
autoscale__resource_contention__r5,autoscale,resource_contention,5,2931263758,llm_cache_hits,0.0
autoscale__resource_contention__r5,autoscale,resource_contention,5,2931263758,llm_degraded,0.0
autoscale__resource_contention__r5,autoscale,resource_contention,5,2931263758,llm_invalid,0.0
autoscale__resource_contention__r5,autoscale,resource_contention,5,2931263758,llm_latency_s,0.0
autoscale__resource_contention__r6,autoscale,resource_contention,6,119666904,mttr_s,20.0
autoscale__resource_contention__r6,autoscale,resource_contention,6,119666904,cost_units,532.5000021432322
autoscale__resource_contention__r6,autoscale,resource_contention,6,119666904,manual_interventions,0.0
autoscale__resource_contention__r6,autoscale,resource_contention,6,119666904,llm_tokens,0.0
autoscale__resource_contention__r6,autoscale,resource_contention,6,119666904,freshness_s,0.0
autoscale__resource_contention__r6,autoscale,resource_contention,6,119666904,decision_correct,0.0
autoscale__resource_contention__r6,autoscale,resource_contention,6,119666904,wall_clock_s,310.6460195409891
autoscale__resource_contention__r6,autoscale,resource_contention,6,119666904,api_tokens,0.0
autoscale__resource_contention__r6,autoscale,resource_contention,6,119666904,llm_calls,0.0
autoscale__resource_contention__r6,autoscale,resource_contention,6,119666904,llm_cache_hits,0.0
autoscale__resource_contention__r6,autoscale,resource_contention,6,119666904,llm_degraded,0.0
autoscale__resource_contention__r6,autoscale,resource_contention,6,119666904,llm_invalid,0.0
autoscale__resource_contention__r6,autoscale,resource_contention,6,119666904,llm_latency_s,0.0
autoscale__resource_contention__r7,autoscale,resource_contention,7,3808235623,mttr_s,20.0
autoscale__resource_contention__r7,autoscale,resource_contention,7,3808235623,cost_units,532.5000021432322
autoscale__resource_contention__r7,autoscale,resource_contention,7,3808235623,manual_interventions,0.0
autoscale__resource_contention__r7,autoscale,resource_contention,7,3808235623,llm_tokens,0.0
autoscale__resource_contention__r7,autoscale,resource_contention,7,3808235623,freshness_s,0.0
autoscale__resource_contention__r7,autoscale,resource_contention,7,3808235623,decision_correct,0.0
autoscale__resource_contention__r7,autoscale,resource_contention,7,3808235623,wall_clock_s,310.2465892920154
autoscale__resource_contention__r7,autoscale,resource_contention,7,3808235623,api_tokens,0.0
autoscale__resource_contention__r7,autoscale,resource_contention,7,3808235623,llm_calls,0.0
autoscale__resource_contention__r7,autoscale,resource_contention,7,3808235623,llm_cache_hits,0.0
autoscale__resource_contention__r7,autoscale,resource_contention,7,3808235623,llm_degraded,0.0
autoscale__resource_contention__r7,autoscale,resource_contention,7,3808235623,llm_invalid,0.0
autoscale__resource_contention__r7,autoscale,resource_contention,7,3808235623,llm_latency_s,0.0
autoscale__resource_contention__r8,autoscale,resource_contention,8,1621537422,mttr_s,20.0
autoscale__resource_contention__r8,autoscale,resource_contention,8,1621537422,cost_units,532.5000021432322
autoscale__resource_contention__r8,autoscale,resource_contention,8,1621537422,manual_interventions,0.0
autoscale__resource_contention__r8,autoscale,resource_contention,8,1621537422,llm_tokens,0.0
autoscale__resource_contention__r8,autoscale,resource_contention,8,1621537422,freshness_s,0.0
autoscale__resource_contention__r8,autoscale,resource_contention,8,1621537422,decision_correct,0.0
autoscale__resource_contention__r8,autoscale,resource_contention,8,1621537422,wall_clock_s,310.4345721669961
autoscale__resource_contention__r8,autoscale,resource_contention,8,1621537422,api_tokens,0.0
autoscale__resource_contention__r8,autoscale,resource_contention,8,1621537422,llm_calls,0.0
autoscale__resource_contention__r8,autoscale,resource_contention,8,1621537422,llm_cache_hits,0.0
autoscale__resource_contention__r8,autoscale,resource_contention,8,1621537422,llm_degraded,0.0
autoscale__resource_contention__r8,autoscale,resource_contention,8,1621537422,llm_invalid,0.0
autoscale__resource_contention__r8,autoscale,resource_contention,8,1621537422,llm_latency_s,0.0
autoscale__resource_contention__r9,autoscale,resource_contention,9,730016255,mttr_s,20.0
autoscale__resource_contention__r9,autoscale,resource_contention,9,730016255,cost_units,32507.500142718454
autoscale__resource_contention__r9,autoscale,resource_contention,9,730016255,manual_interventions,0.0
autoscale__resource_contention__r9,autoscale,resource_contention,9,730016255,llm_tokens,0.0
autoscale__resource_contention__r9,autoscale,resource_contention,9,730016255,freshness_s,0.0
autoscale__resource_contention__r9,autoscale,resource_contention,9,730016255,decision_correct,0.0
autoscale__resource_contention__r9,autoscale,resource_contention,9,730016255,wall_clock_s,318.76960466601304
autoscale__resource_contention__r9,autoscale,resource_contention,9,730016255,api_tokens,0.0
autoscale__resource_contention__r9,autoscale,resource_contention,9,730016255,llm_calls,0.0
autoscale__resource_contention__r9,autoscale,resource_contention,9,730016255,llm_cache_hits,0.0
autoscale__resource_contention__r9,autoscale,resource_contention,9,730016255,llm_degraded,0.0
autoscale__resource_contention__r9,autoscale,resource_contention,9,730016255,llm_invalid,0.0
autoscale__resource_contention__r9,autoscale,resource_contention,9,730016255,llm_latency_s,0.0
autoscale__resource_contention__r10,autoscale,resource_contention,10,960283906,mttr_s,20.0
autoscale__resource_contention__r10,autoscale,resource_contention,10,960283906,cost_units,532.5000021432322
autoscale__resource_contention__r10,autoscale,resource_contention,10,960283906,manual_interventions,0.0
autoscale__resource_contention__r10,autoscale,resource_contention,10,960283906,llm_tokens,0.0
autoscale__resource_contention__r10,autoscale,resource_contention,10,960283906,freshness_s,0.0
autoscale__resource_contention__r10,autoscale,resource_contention,10,960283906,decision_correct,0.0
autoscale__resource_contention__r10,autoscale,resource_contention,10,960283906,wall_clock_s,310.7047427499783
autoscale__resource_contention__r10,autoscale,resource_contention,10,960283906,api_tokens,0.0
autoscale__resource_contention__r10,autoscale,resource_contention,10,960283906,llm_calls,0.0
autoscale__resource_contention__r10,autoscale,resource_contention,10,960283906,llm_cache_hits,0.0
autoscale__resource_contention__r10,autoscale,resource_contention,10,960283906,llm_degraded,0.0
autoscale__resource_contention__r10,autoscale,resource_contention,10,960283906,llm_invalid,0.0
autoscale__resource_contention__r10,autoscale,resource_contention,10,960283906,llm_latency_s,0.0
autoscale__resource_contention__r11,autoscale,resource_contention,11,1318114790,mttr_s,20.0
autoscale__resource_contention__r11,autoscale,resource_contention,11,1318114790,cost_units,532.5000021432322
autoscale__resource_contention__r11,autoscale,resource_contention,11,1318114790,manual_interventions,0.0
autoscale__resource_contention__r11,autoscale,resource_contention,11,1318114790,llm_tokens,0.0
autoscale__resource_contention__r11,autoscale,resource_contention,11,1318114790,freshness_s,0.0
autoscale__resource_contention__r11,autoscale,resource_contention,11,1318114790,decision_correct,0.0
autoscale__resource_contention__r11,autoscale,resource_contention,11,1318114790,wall_clock_s,311.6273177920084
autoscale__resource_contention__r11,autoscale,resource_contention,11,1318114790,api_tokens,0.0
autoscale__resource_contention__r11,autoscale,resource_contention,11,1318114790,llm_calls,0.0
autoscale__resource_contention__r11,autoscale,resource_contention,11,1318114790,llm_cache_hits,0.0
autoscale__resource_contention__r11,autoscale,resource_contention,11,1318114790,llm_degraded,0.0
autoscale__resource_contention__r11,autoscale,resource_contention,11,1318114790,llm_invalid,0.0
autoscale__resource_contention__r11,autoscale,resource_contention,11,1318114790,llm_latency_s,0.0
autoscale__resource_contention__r12,autoscale,resource_contention,12,2930387434,mttr_s,20.0
autoscale__resource_contention__r12,autoscale,resource_contention,12,2930387434,cost_units,532.5000021432322
autoscale__resource_contention__r12,autoscale,resource_contention,12,2930387434,manual_interventions,0.0
autoscale__resource_contention__r12,autoscale,resource_contention,12,2930387434,llm_tokens,0.0
autoscale__resource_contention__r12,autoscale,resource_contention,12,2930387434,freshness_s,0.0
autoscale__resource_contention__r12,autoscale,resource_contention,12,2930387434,decision_correct,0.0
autoscale__resource_contention__r12,autoscale,resource_contention,12,2930387434,wall_clock_s,310.7855004580051
autoscale__resource_contention__r12,autoscale,resource_contention,12,2930387434,api_tokens,0.0
autoscale__resource_contention__r12,autoscale,resource_contention,12,2930387434,llm_calls,0.0
autoscale__resource_contention__r12,autoscale,resource_contention,12,2930387434,llm_cache_hits,0.0
autoscale__resource_contention__r12,autoscale,resource_contention,12,2930387434,llm_degraded,0.0
autoscale__resource_contention__r12,autoscale,resource_contention,12,2930387434,llm_invalid,0.0
autoscale__resource_contention__r12,autoscale,resource_contention,12,2930387434,llm_latency_s,0.0
autoscale__resource_contention__r13,autoscale,resource_contention,13,2984742673,mttr_s,20.0
autoscale__resource_contention__r13,autoscale,resource_contention,13,2984742673,cost_units,532.5000021432322
autoscale__resource_contention__r13,autoscale,resource_contention,13,2984742673,manual_interventions,0.0
autoscale__resource_contention__r13,autoscale,resource_contention,13,2984742673,llm_tokens,0.0
autoscale__resource_contention__r13,autoscale,resource_contention,13,2984742673,freshness_s,0.0
autoscale__resource_contention__r13,autoscale,resource_contention,13,2984742673,decision_correct,0.0
autoscale__resource_contention__r13,autoscale,resource_contention,13,2984742673,wall_clock_s,309.39584987499984
autoscale__resource_contention__r13,autoscale,resource_contention,13,2984742673,api_tokens,0.0
autoscale__resource_contention__r13,autoscale,resource_contention,13,2984742673,llm_calls,0.0
autoscale__resource_contention__r13,autoscale,resource_contention,13,2984742673,llm_cache_hits,0.0
autoscale__resource_contention__r13,autoscale,resource_contention,13,2984742673,llm_degraded,0.0
autoscale__resource_contention__r13,autoscale,resource_contention,13,2984742673,llm_invalid,0.0
autoscale__resource_contention__r13,autoscale,resource_contention,13,2984742673,llm_latency_s,0.0
autoscale__resource_contention__r14,autoscale,resource_contention,14,57748609,mttr_s,20.0
autoscale__resource_contention__r14,autoscale,resource_contention,14,57748609,cost_units,532.5000021432322
autoscale__resource_contention__r14,autoscale,resource_contention,14,57748609,manual_interventions,0.0
autoscale__resource_contention__r14,autoscale,resource_contention,14,57748609,llm_tokens,0.0
autoscale__resource_contention__r14,autoscale,resource_contention,14,57748609,freshness_s,0.0
autoscale__resource_contention__r14,autoscale,resource_contention,14,57748609,decision_correct,0.0
autoscale__resource_contention__r14,autoscale,resource_contention,14,57748609,wall_clock_s,310.3980120829947
autoscale__resource_contention__r14,autoscale,resource_contention,14,57748609,api_tokens,0.0
autoscale__resource_contention__r14,autoscale,resource_contention,14,57748609,llm_calls,0.0
autoscale__resource_contention__r14,autoscale,resource_contention,14,57748609,llm_cache_hits,0.0
autoscale__resource_contention__r14,autoscale,resource_contention,14,57748609,llm_degraded,0.0
autoscale__resource_contention__r14,autoscale,resource_contention,14,57748609,llm_invalid,0.0
autoscale__resource_contention__r14,autoscale,resource_contention,14,57748609,llm_latency_s,0.0
autoscale__resource_contention__r15,autoscale,resource_contention,15,1352848564,mttr_s,20.0
autoscale__resource_contention__r15,autoscale,resource_contention,15,1352848564,cost_units,532.5000021432322
autoscale__resource_contention__r15,autoscale,resource_contention,15,1352848564,manual_interventions,0.0
autoscale__resource_contention__r15,autoscale,resource_contention,15,1352848564,llm_tokens,0.0
autoscale__resource_contention__r15,autoscale,resource_contention,15,1352848564,freshness_s,0.0
autoscale__resource_contention__r15,autoscale,resource_contention,15,1352848564,decision_correct,0.0
autoscale__resource_contention__r15,autoscale,resource_contention,15,1352848564,wall_clock_s,310.5396388329973
autoscale__resource_contention__r15,autoscale,resource_contention,15,1352848564,api_tokens,0.0
autoscale__resource_contention__r15,autoscale,resource_contention,15,1352848564,llm_calls,0.0
autoscale__resource_contention__r15,autoscale,resource_contention,15,1352848564,llm_cache_hits,0.0
autoscale__resource_contention__r15,autoscale,resource_contention,15,1352848564,llm_degraded,0.0
autoscale__resource_contention__r15,autoscale,resource_contention,15,1352848564,llm_invalid,0.0
autoscale__resource_contention__r15,autoscale,resource_contention,15,1352848564,llm_latency_s,0.0
autoscale__resource_contention__r16,autoscale,resource_contention,16,3558601097,mttr_s,20.0
autoscale__resource_contention__r16,autoscale,resource_contention,16,3558601097,cost_units,532.5000021432322
autoscale__resource_contention__r16,autoscale,resource_contention,16,3558601097,manual_interventions,0.0
autoscale__resource_contention__r16,autoscale,resource_contention,16,3558601097,llm_tokens,0.0
autoscale__resource_contention__r16,autoscale,resource_contention,16,3558601097,freshness_s,0.0
autoscale__resource_contention__r16,autoscale,resource_contention,16,3558601097,decision_correct,0.0
autoscale__resource_contention__r16,autoscale,resource_contention,16,3558601097,wall_clock_s,311.0836777079967
autoscale__resource_contention__r16,autoscale,resource_contention,16,3558601097,api_tokens,0.0
autoscale__resource_contention__r16,autoscale,resource_contention,16,3558601097,llm_calls,0.0
autoscale__resource_contention__r16,autoscale,resource_contention,16,3558601097,llm_cache_hits,0.0
autoscale__resource_contention__r16,autoscale,resource_contention,16,3558601097,llm_degraded,0.0
autoscale__resource_contention__r16,autoscale,resource_contention,16,3558601097,llm_invalid,0.0
autoscale__resource_contention__r16,autoscale,resource_contention,16,3558601097,llm_latency_s,0.0
autoscale__resource_contention__r17,autoscale,resource_contention,17,1098095357,mttr_s,20.0
autoscale__resource_contention__r17,autoscale,resource_contention,17,1098095357,cost_units,532.5000021432322
autoscale__resource_contention__r17,autoscale,resource_contention,17,1098095357,manual_interventions,0.0
autoscale__resource_contention__r17,autoscale,resource_contention,17,1098095357,llm_tokens,0.0
autoscale__resource_contention__r17,autoscale,resource_contention,17,1098095357,freshness_s,0.0
autoscale__resource_contention__r17,autoscale,resource_contention,17,1098095357,decision_correct,0.0
autoscale__resource_contention__r17,autoscale,resource_contention,17,1098095357,wall_clock_s,310.8287496249832
autoscale__resource_contention__r17,autoscale,resource_contention,17,1098095357,api_tokens,0.0
autoscale__resource_contention__r17,autoscale,resource_contention,17,1098095357,llm_calls,0.0
autoscale__resource_contention__r17,autoscale,resource_contention,17,1098095357,llm_cache_hits,0.0
autoscale__resource_contention__r17,autoscale,resource_contention,17,1098095357,llm_degraded,0.0
autoscale__resource_contention__r17,autoscale,resource_contention,17,1098095357,llm_invalid,0.0
autoscale__resource_contention__r17,autoscale,resource_contention,17,1098095357,llm_latency_s,0.0
autoscale__resource_contention__r18,autoscale,resource_contention,18,2395668986,mttr_s,20.0
autoscale__resource_contention__r18,autoscale,resource_contention,18,2395668986,cost_units,532.5000021432322
autoscale__resource_contention__r18,autoscale,resource_contention,18,2395668986,manual_interventions,0.0
autoscale__resource_contention__r18,autoscale,resource_contention,18,2395668986,llm_tokens,0.0
autoscale__resource_contention__r18,autoscale,resource_contention,18,2395668986,freshness_s,0.0
autoscale__resource_contention__r18,autoscale,resource_contention,18,2395668986,decision_correct,0.0
autoscale__resource_contention__r18,autoscale,resource_contention,18,2395668986,wall_clock_s,310.7509789999749
autoscale__resource_contention__r18,autoscale,resource_contention,18,2395668986,api_tokens,0.0
autoscale__resource_contention__r18,autoscale,resource_contention,18,2395668986,llm_calls,0.0
autoscale__resource_contention__r18,autoscale,resource_contention,18,2395668986,llm_cache_hits,0.0
autoscale__resource_contention__r18,autoscale,resource_contention,18,2395668986,llm_degraded,0.0
autoscale__resource_contention__r18,autoscale,resource_contention,18,2395668986,llm_invalid,0.0
autoscale__resource_contention__r18,autoscale,resource_contention,18,2395668986,llm_latency_s,0.0
autoscale__resource_contention__r19,autoscale,resource_contention,19,918554450,mttr_s,20.0
autoscale__resource_contention__r19,autoscale,resource_contention,19,918554450,cost_units,532.5000021432322
autoscale__resource_contention__r19,autoscale,resource_contention,19,918554450,manual_interventions,0.0
autoscale__resource_contention__r19,autoscale,resource_contention,19,918554450,llm_tokens,0.0
autoscale__resource_contention__r19,autoscale,resource_contention,19,918554450,freshness_s,0.0
autoscale__resource_contention__r19,autoscale,resource_contention,19,918554450,decision_correct,0.0
autoscale__resource_contention__r19,autoscale,resource_contention,19,918554450,wall_clock_s,310.6685104589851
autoscale__resource_contention__r19,autoscale,resource_contention,19,918554450,api_tokens,0.0
autoscale__resource_contention__r19,autoscale,resource_contention,19,918554450,llm_calls,0.0
autoscale__resource_contention__r19,autoscale,resource_contention,19,918554450,llm_cache_hits,0.0
autoscale__resource_contention__r19,autoscale,resource_contention,19,918554450,llm_degraded,0.0
autoscale__resource_contention__r19,autoscale,resource_contention,19,918554450,llm_invalid,0.0
autoscale__resource_contention__r19,autoscale,resource_contention,19,918554450,llm_latency_s,0.0
autoscale__ingress_burst__r0,autoscale,ingress_burst,0,2620726103,mttr_s,20.0
autoscale__ingress_burst__r0,autoscale,ingress_burst,0,2620726103,cost_units,82.500000164864
autoscale__ingress_burst__r0,autoscale,ingress_burst,0,2620726103,manual_interventions,0.0
autoscale__ingress_burst__r0,autoscale,ingress_burst,0,2620726103,llm_tokens,0.0
autoscale__ingress_burst__r0,autoscale,ingress_burst,0,2620726103,freshness_s,20.0
autoscale__ingress_burst__r0,autoscale,ingress_burst,0,2620726103,decision_correct,0.0
autoscale__ingress_burst__r0,autoscale,ingress_burst,0,2620726103,wall_clock_s,129.77947258300264
autoscale__ingress_burst__r0,autoscale,ingress_burst,0,2620726103,api_tokens,0.0
autoscale__ingress_burst__r0,autoscale,ingress_burst,0,2620726103,llm_calls,0.0
autoscale__ingress_burst__r0,autoscale,ingress_burst,0,2620726103,llm_cache_hits,0.0
autoscale__ingress_burst__r0,autoscale,ingress_burst,0,2620726103,llm_degraded,0.0
autoscale__ingress_burst__r0,autoscale,ingress_burst,0,2620726103,llm_invalid,0.0
autoscale__ingress_burst__r0,autoscale,ingress_burst,0,2620726103,llm_latency_s,0.0
autoscale__ingress_burst__r1,autoscale,ingress_burst,1,2917512562,mttr_s,20.0
autoscale__ingress_burst__r1,autoscale,ingress_burst,1,2917512562,cost_units,82.500000164864
autoscale__ingress_burst__r1,autoscale,ingress_burst,1,2917512562,manual_interventions,0.0
autoscale__ingress_burst__r1,autoscale,ingress_burst,1,2917512562,llm_tokens,0.0
autoscale__ingress_burst__r1,autoscale,ingress_burst,1,2917512562,freshness_s,20.0
autoscale__ingress_burst__r1,autoscale,ingress_burst,1,2917512562,decision_correct,0.0
autoscale__ingress_burst__r1,autoscale,ingress_burst,1,2917512562,wall_clock_s,130.09871420901618
autoscale__ingress_burst__r1,autoscale,ingress_burst,1,2917512562,api_tokens,0.0
autoscale__ingress_burst__r1,autoscale,ingress_burst,1,2917512562,llm_calls,0.0
autoscale__ingress_burst__r1,autoscale,ingress_burst,1,2917512562,llm_cache_hits,0.0
autoscale__ingress_burst__r1,autoscale,ingress_burst,1,2917512562,llm_degraded,0.0
autoscale__ingress_burst__r1,autoscale,ingress_burst,1,2917512562,llm_invalid,0.0
autoscale__ingress_burst__r1,autoscale,ingress_burst,1,2917512562,llm_latency_s,0.0
autoscale__ingress_burst__r2,autoscale,ingress_burst,2,2605537455,mttr_s,20.0
autoscale__ingress_burst__r2,autoscale,ingress_burst,2,2605537455,cost_units,82.500000164864
autoscale__ingress_burst__r2,autoscale,ingress_burst,2,2605537455,manual_interventions,0.0
autoscale__ingress_burst__r2,autoscale,ingress_burst,2,2605537455,llm_tokens,0.0
autoscale__ingress_burst__r2,autoscale,ingress_burst,2,2605537455,freshness_s,20.0
autoscale__ingress_burst__r2,autoscale,ingress_burst,2,2605537455,decision_correct,0.0
autoscale__ingress_burst__r2,autoscale,ingress_burst,2,2605537455,wall_clock_s,130.36943041699124
autoscale__ingress_burst__r2,autoscale,ingress_burst,2,2605537455,api_tokens,0.0
autoscale__ingress_burst__r2,autoscale,ingress_burst,2,2605537455,llm_calls,0.0
autoscale__ingress_burst__r2,autoscale,ingress_burst,2,2605537455,llm_cache_hits,0.0
autoscale__ingress_burst__r2,autoscale,ingress_burst,2,2605537455,llm_degraded,0.0
autoscale__ingress_burst__r2,autoscale,ingress_burst,2,2605537455,llm_invalid,0.0
autoscale__ingress_burst__r2,autoscale,ingress_burst,2,2605537455,llm_latency_s,0.0
autoscale__ingress_burst__r3,autoscale,ingress_burst,3,2335154484,mttr_s,20.0
autoscale__ingress_burst__r3,autoscale,ingress_burst,3,2335154484,cost_units,82.500000164864
autoscale__ingress_burst__r3,autoscale,ingress_burst,3,2335154484,manual_interventions,0.0
autoscale__ingress_burst__r3,autoscale,ingress_burst,3,2335154484,llm_tokens,0.0
autoscale__ingress_burst__r3,autoscale,ingress_burst,3,2335154484,freshness_s,20.0
autoscale__ingress_burst__r3,autoscale,ingress_burst,3,2335154484,decision_correct,0.0
autoscale__ingress_burst__r3,autoscale,ingress_burst,3,2335154484,wall_clock_s,130.02977220900357
autoscale__ingress_burst__r3,autoscale,ingress_burst,3,2335154484,api_tokens,0.0
autoscale__ingress_burst__r3,autoscale,ingress_burst,3,2335154484,llm_calls,0.0
autoscale__ingress_burst__r3,autoscale,ingress_burst,3,2335154484,llm_cache_hits,0.0
autoscale__ingress_burst__r3,autoscale,ingress_burst,3,2335154484,llm_degraded,0.0
autoscale__ingress_burst__r3,autoscale,ingress_burst,3,2335154484,llm_invalid,0.0
autoscale__ingress_burst__r3,autoscale,ingress_burst,3,2335154484,llm_latency_s,0.0
autoscale__ingress_burst__r4,autoscale,ingress_burst,4,1004024052,mttr_s,20.0
autoscale__ingress_burst__r4,autoscale,ingress_burst,4,1004024052,cost_units,82.500000164864
autoscale__ingress_burst__r4,autoscale,ingress_burst,4,1004024052,manual_interventions,0.0
autoscale__ingress_burst__r4,autoscale,ingress_burst,4,1004024052,llm_tokens,0.0
autoscale__ingress_burst__r4,autoscale,ingress_burst,4,1004024052,freshness_s,20.0
autoscale__ingress_burst__r4,autoscale,ingress_burst,4,1004024052,decision_correct,0.0
autoscale__ingress_burst__r4,autoscale,ingress_burst,4,1004024052,wall_clock_s,130.49781341699418
autoscale__ingress_burst__r4,autoscale,ingress_burst,4,1004024052,api_tokens,0.0
autoscale__ingress_burst__r4,autoscale,ingress_burst,4,1004024052,llm_calls,0.0
autoscale__ingress_burst__r4,autoscale,ingress_burst,4,1004024052,llm_cache_hits,0.0
autoscale__ingress_burst__r4,autoscale,ingress_burst,4,1004024052,llm_degraded,0.0
autoscale__ingress_burst__r4,autoscale,ingress_burst,4,1004024052,llm_invalid,0.0
autoscale__ingress_burst__r4,autoscale,ingress_burst,4,1004024052,llm_latency_s,0.0
autoscale__ingress_burst__r5,autoscale,ingress_burst,5,792613761,mttr_s,20.0
autoscale__ingress_burst__r5,autoscale,ingress_burst,5,792613761,cost_units,82.500000164864
autoscale__ingress_burst__r5,autoscale,ingress_burst,5,792613761,manual_interventions,0.0
autoscale__ingress_burst__r5,autoscale,ingress_burst,5,792613761,llm_tokens,0.0
autoscale__ingress_burst__r5,autoscale,ingress_burst,5,792613761,freshness_s,20.0
autoscale__ingress_burst__r5,autoscale,ingress_burst,5,792613761,decision_correct,0.0
autoscale__ingress_burst__r5,autoscale,ingress_burst,5,792613761,wall_clock_s,130.7384500830085
autoscale__ingress_burst__r5,autoscale,ingress_burst,5,792613761,api_tokens,0.0
autoscale__ingress_burst__r5,autoscale,ingress_burst,5,792613761,llm_calls,0.0
autoscale__ingress_burst__r5,autoscale,ingress_burst,5,792613761,llm_cache_hits,0.0
autoscale__ingress_burst__r5,autoscale,ingress_burst,5,792613761,llm_degraded,0.0
autoscale__ingress_burst__r5,autoscale,ingress_burst,5,792613761,llm_invalid,0.0
autoscale__ingress_burst__r5,autoscale,ingress_burst,5,792613761,llm_latency_s,0.0
autoscale__ingress_burst__r6,autoscale,ingress_burst,6,3614440623,mttr_s,20.0
autoscale__ingress_burst__r6,autoscale,ingress_burst,6,3614440623,cost_units,82.500000164864
autoscale__ingress_burst__r6,autoscale,ingress_burst,6,3614440623,manual_interventions,0.0
autoscale__ingress_burst__r6,autoscale,ingress_burst,6,3614440623,llm_tokens,0.0
autoscale__ingress_burst__r6,autoscale,ingress_burst,6,3614440623,freshness_s,20.0
autoscale__ingress_burst__r6,autoscale,ingress_burst,6,3614440623,decision_correct,0.0
autoscale__ingress_burst__r6,autoscale,ingress_burst,6,3614440623,wall_clock_s,130.48592512498726
autoscale__ingress_burst__r6,autoscale,ingress_burst,6,3614440623,api_tokens,0.0
autoscale__ingress_burst__r6,autoscale,ingress_burst,6,3614440623,llm_calls,0.0
autoscale__ingress_burst__r6,autoscale,ingress_burst,6,3614440623,llm_cache_hits,0.0
autoscale__ingress_burst__r6,autoscale,ingress_burst,6,3614440623,llm_degraded,0.0
autoscale__ingress_burst__r6,autoscale,ingress_burst,6,3614440623,llm_invalid,0.0
autoscale__ingress_burst__r6,autoscale,ingress_burst,6,3614440623,llm_latency_s,0.0
autoscale__ingress_burst__r7,autoscale,ingress_burst,7,1989448398,mttr_s,20.0
autoscale__ingress_burst__r7,autoscale,ingress_burst,7,1989448398,cost_units,82.500000164864
autoscale__ingress_burst__r7,autoscale,ingress_burst,7,1989448398,manual_interventions,0.0
autoscale__ingress_burst__r7,autoscale,ingress_burst,7,1989448398,llm_tokens,0.0
autoscale__ingress_burst__r7,autoscale,ingress_burst,7,1989448398,freshness_s,20.0
autoscale__ingress_burst__r7,autoscale,ingress_burst,7,1989448398,decision_correct,0.0
autoscale__ingress_burst__r7,autoscale,ingress_burst,7,1989448398,wall_clock_s,130.45097379101207
autoscale__ingress_burst__r7,autoscale,ingress_burst,7,1989448398,api_tokens,0.0
autoscale__ingress_burst__r7,autoscale,ingress_burst,7,1989448398,llm_calls,0.0
autoscale__ingress_burst__r7,autoscale,ingress_burst,7,1989448398,llm_cache_hits,0.0
autoscale__ingress_burst__r7,autoscale,ingress_burst,7,1989448398,llm_degraded,0.0
autoscale__ingress_burst__r7,autoscale,ingress_burst,7,1989448398,llm_invalid,0.0
autoscale__ingress_burst__r7,autoscale,ingress_burst,7,1989448398,llm_latency_s,0.0
autoscale__ingress_burst__r8,autoscale,ingress_burst,8,1750427293,mttr_s,20.0
autoscale__ingress_burst__r8,autoscale,ingress_burst,8,1750427293,cost_units,82.500000164864
autoscale__ingress_burst__r8,autoscale,ingress_burst,8,1750427293,manual_interventions,0.0
autoscale__ingress_burst__r8,autoscale,ingress_burst,8,1750427293,llm_tokens,0.0
autoscale__ingress_burst__r8,autoscale,ingress_burst,8,1750427293,freshness_s,20.0
autoscale__ingress_burst__r8,autoscale,ingress_burst,8,1750427293,decision_correct,0.0
autoscale__ingress_burst__r8,autoscale,ingress_burst,8,1750427293,wall_clock_s,130.44022454199148
autoscale__ingress_burst__r8,autoscale,ingress_burst,8,1750427293,api_tokens,0.0
autoscale__ingress_burst__r8,autoscale,ingress_burst,8,1750427293,llm_calls,0.0
autoscale__ingress_burst__r8,autoscale,ingress_burst,8,1750427293,llm_cache_hits,0.0
autoscale__ingress_burst__r8,autoscale,ingress_burst,8,1750427293,llm_degraded,0.0
autoscale__ingress_burst__r8,autoscale,ingress_burst,8,1750427293,llm_invalid,0.0
autoscale__ingress_burst__r8,autoscale,ingress_burst,8,1750427293,llm_latency_s,0.0
autoscale__ingress_burst__r9,autoscale,ingress_burst,9,2940344085,mttr_s,20.0
autoscale__ingress_burst__r9,autoscale,ingress_burst,9,2940344085,cost_units,82.500000164864
autoscale__ingress_burst__r9,autoscale,ingress_burst,9,2940344085,manual_interventions,0.0
autoscale__ingress_burst__r9,autoscale,ingress_burst,9,2940344085,llm_tokens,0.0
autoscale__ingress_burst__r9,autoscale,ingress_burst,9,2940344085,freshness_s,20.0
autoscale__ingress_burst__r9,autoscale,ingress_burst,9,2940344085,decision_correct,0.0
autoscale__ingress_burst__r9,autoscale,ingress_burst,9,2940344085,wall_clock_s,130.19510129201808
autoscale__ingress_burst__r9,autoscale,ingress_burst,9,2940344085,api_tokens,0.0
autoscale__ingress_burst__r9,autoscale,ingress_burst,9,2940344085,llm_calls,0.0
autoscale__ingress_burst__r9,autoscale,ingress_burst,9,2940344085,llm_cache_hits,0.0
autoscale__ingress_burst__r9,autoscale,ingress_burst,9,2940344085,llm_degraded,0.0
autoscale__ingress_burst__r9,autoscale,ingress_burst,9,2940344085,llm_invalid,0.0
autoscale__ingress_burst__r9,autoscale,ingress_burst,9,2940344085,llm_latency_s,0.0
autoscale__ingress_burst__r10,autoscale,ingress_burst,10,2675760246,mttr_s,20.0
autoscale__ingress_burst__r10,autoscale,ingress_burst,10,2675760246,cost_units,82.500000164864
autoscale__ingress_burst__r10,autoscale,ingress_burst,10,2675760246,manual_interventions,0.0
autoscale__ingress_burst__r10,autoscale,ingress_burst,10,2675760246,llm_tokens,0.0
autoscale__ingress_burst__r10,autoscale,ingress_burst,10,2675760246,freshness_s,20.0
autoscale__ingress_burst__r10,autoscale,ingress_burst,10,2675760246,decision_correct,0.0
autoscale__ingress_burst__r10,autoscale,ingress_burst,10,2675760246,wall_clock_s,130.45666791699477
autoscale__ingress_burst__r10,autoscale,ingress_burst,10,2675760246,api_tokens,0.0
autoscale__ingress_burst__r10,autoscale,ingress_burst,10,2675760246,llm_calls,0.0
autoscale__ingress_burst__r10,autoscale,ingress_burst,10,2675760246,llm_cache_hits,0.0
autoscale__ingress_burst__r10,autoscale,ingress_burst,10,2675760246,llm_degraded,0.0
autoscale__ingress_burst__r10,autoscale,ingress_burst,10,2675760246,llm_invalid,0.0
autoscale__ingress_burst__r10,autoscale,ingress_burst,10,2675760246,llm_latency_s,0.0
autoscale__ingress_burst__r11,autoscale,ingress_burst,11,1037560241,mttr_s,20.0
autoscale__ingress_burst__r11,autoscale,ingress_burst,11,1037560241,cost_units,82.500000164864
autoscale__ingress_burst__r11,autoscale,ingress_burst,11,1037560241,manual_interventions,0.0
autoscale__ingress_burst__r11,autoscale,ingress_burst,11,1037560241,llm_tokens,0.0
autoscale__ingress_burst__r11,autoscale,ingress_burst,11,1037560241,freshness_s,20.0
autoscale__ingress_burst__r11,autoscale,ingress_burst,11,1037560241,decision_correct,0.0
autoscale__ingress_burst__r11,autoscale,ingress_burst,11,1037560241,wall_clock_s,129.44058891700115
autoscale__ingress_burst__r11,autoscale,ingress_burst,11,1037560241,api_tokens,0.0
autoscale__ingress_burst__r11,autoscale,ingress_burst,11,1037560241,llm_calls,0.0
autoscale__ingress_burst__r11,autoscale,ingress_burst,11,1037560241,llm_cache_hits,0.0
autoscale__ingress_burst__r11,autoscale,ingress_burst,11,1037560241,llm_degraded,0.0
autoscale__ingress_burst__r11,autoscale,ingress_burst,11,1037560241,llm_invalid,0.0
autoscale__ingress_burst__r11,autoscale,ingress_burst,11,1037560241,llm_latency_s,0.0
autoscale__ingress_burst__r12,autoscale,ingress_burst,12,4287855875,mttr_s,20.0
autoscale__ingress_burst__r12,autoscale,ingress_burst,12,4287855875,cost_units,82.500000164864
autoscale__ingress_burst__r12,autoscale,ingress_burst,12,4287855875,manual_interventions,0.0
autoscale__ingress_burst__r12,autoscale,ingress_burst,12,4287855875,llm_tokens,0.0
autoscale__ingress_burst__r12,autoscale,ingress_burst,12,4287855875,freshness_s,20.0
autoscale__ingress_burst__r12,autoscale,ingress_burst,12,4287855875,decision_correct,0.0
autoscale__ingress_burst__r12,autoscale,ingress_burst,12,4287855875,wall_clock_s,130.5406947080046
autoscale__ingress_burst__r12,autoscale,ingress_burst,12,4287855875,api_tokens,0.0
autoscale__ingress_burst__r12,autoscale,ingress_burst,12,4287855875,llm_calls,0.0
autoscale__ingress_burst__r12,autoscale,ingress_burst,12,4287855875,llm_cache_hits,0.0
autoscale__ingress_burst__r12,autoscale,ingress_burst,12,4287855875,llm_degraded,0.0
autoscale__ingress_burst__r12,autoscale,ingress_burst,12,4287855875,llm_invalid,0.0
autoscale__ingress_burst__r12,autoscale,ingress_burst,12,4287855875,llm_latency_s,0.0
autoscale__ingress_burst__r13,autoscale,ingress_burst,13,1432847982,mttr_s,20.0
autoscale__ingress_burst__r13,autoscale,ingress_burst,13,1432847982,cost_units,82.500000164864
autoscale__ingress_burst__r13,autoscale,ingress_burst,13,1432847982,manual_interventions,0.0
autoscale__ingress_burst__r13,autoscale,ingress_burst,13,1432847982,llm_tokens,0.0
autoscale__ingress_burst__r13,autoscale,ingress_burst,13,1432847982,freshness_s,20.0
autoscale__ingress_burst__r13,autoscale,ingress_burst,13,1432847982,decision_correct,0.0
autoscale__ingress_burst__r13,autoscale,ingress_burst,13,1432847982,wall_clock_s,130.88381800000207
autoscale__ingress_burst__r13,autoscale,ingress_burst,13,1432847982,api_tokens,0.0
autoscale__ingress_burst__r13,autoscale,ingress_burst,13,1432847982,llm_calls,0.0
autoscale__ingress_burst__r13,autoscale,ingress_burst,13,1432847982,llm_cache_hits,0.0
autoscale__ingress_burst__r13,autoscale,ingress_burst,13,1432847982,llm_degraded,0.0
autoscale__ingress_burst__r13,autoscale,ingress_burst,13,1432847982,llm_invalid,0.0
autoscale__ingress_burst__r13,autoscale,ingress_burst,13,1432847982,llm_latency_s,0.0
autoscale__ingress_burst__r14,autoscale,ingress_burst,14,340011915,mttr_s,20.0
autoscale__ingress_burst__r14,autoscale,ingress_burst,14,340011915,cost_units,82.500000164864
autoscale__ingress_burst__r14,autoscale,ingress_burst,14,340011915,manual_interventions,0.0
autoscale__ingress_burst__r14,autoscale,ingress_burst,14,340011915,llm_tokens,0.0
autoscale__ingress_burst__r14,autoscale,ingress_burst,14,340011915,freshness_s,20.0
autoscale__ingress_burst__r14,autoscale,ingress_burst,14,340011915,decision_correct,0.0
autoscale__ingress_burst__r14,autoscale,ingress_burst,14,340011915,wall_clock_s,130.93814650000422
autoscale__ingress_burst__r14,autoscale,ingress_burst,14,340011915,api_tokens,0.0
autoscale__ingress_burst__r14,autoscale,ingress_burst,14,340011915,llm_calls,0.0
autoscale__ingress_burst__r14,autoscale,ingress_burst,14,340011915,llm_cache_hits,0.0
autoscale__ingress_burst__r14,autoscale,ingress_burst,14,340011915,llm_degraded,0.0
autoscale__ingress_burst__r14,autoscale,ingress_burst,14,340011915,llm_invalid,0.0
autoscale__ingress_burst__r14,autoscale,ingress_burst,14,340011915,llm_latency_s,0.0
autoscale__ingress_burst__r15,autoscale,ingress_burst,15,1634233555,mttr_s,20.0
autoscale__ingress_burst__r15,autoscale,ingress_burst,15,1634233555,cost_units,82.500000164864
autoscale__ingress_burst__r15,autoscale,ingress_burst,15,1634233555,manual_interventions,0.0
autoscale__ingress_burst__r15,autoscale,ingress_burst,15,1634233555,llm_tokens,0.0
autoscale__ingress_burst__r15,autoscale,ingress_burst,15,1634233555,freshness_s,20.0
autoscale__ingress_burst__r15,autoscale,ingress_burst,15,1634233555,decision_correct,0.0
autoscale__ingress_burst__r15,autoscale,ingress_burst,15,1634233555,wall_clock_s,130.79313525001635
autoscale__ingress_burst__r15,autoscale,ingress_burst,15,1634233555,api_tokens,0.0
autoscale__ingress_burst__r15,autoscale,ingress_burst,15,1634233555,llm_calls,0.0
autoscale__ingress_burst__r15,autoscale,ingress_burst,15,1634233555,llm_cache_hits,0.0
autoscale__ingress_burst__r15,autoscale,ingress_burst,15,1634233555,llm_degraded,0.0
autoscale__ingress_burst__r15,autoscale,ingress_burst,15,1634233555,llm_invalid,0.0
autoscale__ingress_burst__r15,autoscale,ingress_burst,15,1634233555,llm_latency_s,0.0
autoscale__ingress_burst__r16,autoscale,ingress_burst,16,1080725503,mttr_s,20.0
autoscale__ingress_burst__r16,autoscale,ingress_burst,16,1080725503,cost_units,82.500000164864
autoscale__ingress_burst__r16,autoscale,ingress_burst,16,1080725503,manual_interventions,0.0
autoscale__ingress_burst__r16,autoscale,ingress_burst,16,1080725503,llm_tokens,0.0
autoscale__ingress_burst__r16,autoscale,ingress_burst,16,1080725503,freshness_s,20.0
autoscale__ingress_burst__r16,autoscale,ingress_burst,16,1080725503,decision_correct,0.0
autoscale__ingress_burst__r16,autoscale,ingress_burst,16,1080725503,wall_clock_s,131.03776054098853
autoscale__ingress_burst__r16,autoscale,ingress_burst,16,1080725503,api_tokens,0.0
autoscale__ingress_burst__r16,autoscale,ingress_burst,16,1080725503,llm_calls,0.0
autoscale__ingress_burst__r16,autoscale,ingress_burst,16,1080725503,llm_cache_hits,0.0
autoscale__ingress_burst__r16,autoscale,ingress_burst,16,1080725503,llm_degraded,0.0
autoscale__ingress_burst__r16,autoscale,ingress_burst,16,1080725503,llm_invalid,0.0
autoscale__ingress_burst__r16,autoscale,ingress_burst,16,1080725503,llm_latency_s,0.0
autoscale__ingress_burst__r17,autoscale,ingress_burst,17,3393034433,mttr_s,20.0
autoscale__ingress_burst__r17,autoscale,ingress_burst,17,3393034433,cost_units,82.500000164864
autoscale__ingress_burst__r17,autoscale,ingress_burst,17,3393034433,manual_interventions,0.0
autoscale__ingress_burst__r17,autoscale,ingress_burst,17,3393034433,llm_tokens,0.0
autoscale__ingress_burst__r17,autoscale,ingress_burst,17,3393034433,freshness_s,20.0
autoscale__ingress_burst__r17,autoscale,ingress_burst,17,3393034433,decision_correct,0.0
autoscale__ingress_burst__r17,autoscale,ingress_burst,17,3393034433,wall_clock_s,131.4371099169948
autoscale__ingress_burst__r17,autoscale,ingress_burst,17,3393034433,api_tokens,0.0
autoscale__ingress_burst__r17,autoscale,ingress_burst,17,3393034433,llm_calls,0.0
autoscale__ingress_burst__r17,autoscale,ingress_burst,17,3393034433,llm_cache_hits,0.0
autoscale__ingress_burst__r17,autoscale,ingress_burst,17,3393034433,llm_degraded,0.0
autoscale__ingress_burst__r17,autoscale,ingress_burst,17,3393034433,llm_invalid,0.0
autoscale__ingress_burst__r17,autoscale,ingress_burst,17,3393034433,llm_latency_s,0.0
autoscale__ingress_burst__r18,autoscale,ingress_burst,18,2125723925,mttr_s,20.0
autoscale__ingress_burst__r18,autoscale,ingress_burst,18,2125723925,cost_units,95.00000021981867
autoscale__ingress_burst__r18,autoscale,ingress_burst,18,2125723925,manual_interventions,0.0
autoscale__ingress_burst__r18,autoscale,ingress_burst,18,2125723925,llm_tokens,0.0
autoscale__ingress_burst__r18,autoscale,ingress_burst,18,2125723925,freshness_s,20.0
autoscale__ingress_burst__r18,autoscale,ingress_burst,18,2125723925,decision_correct,0.0
autoscale__ingress_burst__r18,autoscale,ingress_burst,18,2125723925,wall_clock_s,133.64501441598986
autoscale__ingress_burst__r18,autoscale,ingress_burst,18,2125723925,api_tokens,0.0
autoscale__ingress_burst__r18,autoscale,ingress_burst,18,2125723925,llm_calls,0.0
autoscale__ingress_burst__r18,autoscale,ingress_burst,18,2125723925,llm_cache_hits,0.0
autoscale__ingress_burst__r18,autoscale,ingress_burst,18,2125723925,llm_degraded,0.0
autoscale__ingress_burst__r18,autoscale,ingress_burst,18,2125723925,llm_invalid,0.0
autoscale__ingress_burst__r18,autoscale,ingress_burst,18,2125723925,llm_latency_s,0.0
autoscale__ingress_burst__r19,autoscale,ingress_burst,19,1497595277,mttr_s,20.0
autoscale__ingress_burst__r19,autoscale,ingress_burst,19,1497595277,cost_units,82.500000164864
autoscale__ingress_burst__r19,autoscale,ingress_burst,19,1497595277,manual_interventions,0.0
autoscale__ingress_burst__r19,autoscale,ingress_burst,19,1497595277,llm_tokens,0.0
autoscale__ingress_burst__r19,autoscale,ingress_burst,19,1497595277,freshness_s,20.0
autoscale__ingress_burst__r19,autoscale,ingress_burst,19,1497595277,decision_correct,0.0
autoscale__ingress_burst__r19,autoscale,ingress_burst,19,1497595277,wall_clock_s,130.83222241699696
autoscale__ingress_burst__r19,autoscale,ingress_burst,19,1497595277,api_tokens,0.0
autoscale__ingress_burst__r19,autoscale,ingress_burst,19,1497595277,llm_calls,0.0
autoscale__ingress_burst__r19,autoscale,ingress_burst,19,1497595277,llm_cache_hits,0.0
autoscale__ingress_burst__r19,autoscale,ingress_burst,19,1497595277,llm_degraded,0.0
autoscale__ingress_burst__r19,autoscale,ingress_burst,19,1497595277,llm_invalid,0.0
autoscale__ingress_burst__r19,autoscale,ingress_burst,19,1497595277,llm_latency_s,0.0
