run_id,config,scenario,replicate,seed,metric,value
full__schema_drift__r0,full,schema_drift,0,558707895,mttr_s,368.298309
full__schema_drift__r0,full,schema_drift,0,558707895,cost_units,138.72268496913586
full__schema_drift__r0,full,schema_drift,0,558707895,manual_interventions,12.0
full__schema_drift__r0,full,schema_drift,0,558707895,llm_tokens,128877.0
full__schema_drift__r0,full,schema_drift,0,558707895,freshness_s,0.0
full__schema_drift__r0,full,schema_drift,0,558707895,decision_correct,1.0
full__schema_drift__r0,full,schema_drift,0,558707895,wall_clock_s,434.1533551249995
full__schema_drift__r0,full,schema_drift,0,558707895,api_tokens,14008.0
full__schema_drift__r0,full,schema_drift,0,558707895,llm_calls,8.0
full__schema_drift__r0,full,schema_drift,0,558707895,llm_cache_hits,68.0
full__schema_drift__r0,full,schema_drift,0,558707895,llm_degraded,0.0
full__schema_drift__r0,full,schema_drift,0,558707895,llm_invalid,0.0
full__schema_drift__r0,full,schema_drift,0,558707895,llm_latency_s,11.693087521000052
full__schema_drift__r1,full,schema_drift,1,3905009039,mttr_s,165.65604249999998
full__schema_drift__r1,full,schema_drift,1,3905009039,cost_units,91.59948771913602
full__schema_drift__r1,full,schema_drift,1,3905009039,manual_interventions,11.0
full__schema_drift__r1,full,schema_drift,1,3905009039,llm_tokens,201845.0
full__schema_drift__r1,full,schema_drift,1,3905009039,freshness_s,0.0
full__schema_drift__r1,full,schema_drift,1,3905009039,decision_correct,1.0
full__schema_drift__r1,full,schema_drift,1,3905009039,wall_clock_s,431.9642258749991
full__schema_drift__r1,full,schema_drift,1,3905009039,api_tokens,11799.0
full__schema_drift__r1,full,schema_drift,1,3905009039,llm_calls,8.0
full__schema_drift__r1,full,schema_drift,1,3905009039,llm_cache_hits,128.0
full__schema_drift__r1,full,schema_drift,1,3905009039,llm_degraded,0.0
full__schema_drift__r1,full,schema_drift,1,3905009039,llm_invalid,0.0
full__schema_drift__r1,full,schema_drift,1,3905009039,llm_latency_s,23.604888208001285
full__schema_drift__r2,full,schema_drift,2,3473685173,mttr_s,147.8476995
full__schema_drift__r2,full,schema_drift,2,3473685173,cost_units,60.75000341913601
full__schema_drift__r2,full,schema_drift,2,3473685173,manual_interventions,11.0
full__schema_drift__r2,full,schema_drift,2,3473685173,llm_tokens,88710.0
full__schema_drift__r2,full,schema_drift,2,3473685173,freshness_s,0.0
full__schema_drift__r2,full,schema_drift,2,3473685173,decision_correct,1.0
full__schema_drift__r2,full,schema_drift,2,3473685173,wall_clock_s,430.89004908300194
full__schema_drift__r2,full,schema_drift,2,3473685173,api_tokens,11700.0
full__schema_drift__r2,full,schema_drift,2,3473685173,llm_calls,8.0
full__schema_drift__r2,full,schema_drift,2,3473685173,llm_cache_hits,72.0
full__schema_drift__r2,full,schema_drift,2,3473685173,llm_degraded,0.0
full__schema_drift__r2,full,schema_drift,2,3473685173,llm_invalid,0.0
full__schema_drift__r2,full,schema_drift,2,3473685173,llm_latency_s,21.137613437500477
full__schema_drift__r3,full,schema_drift,3,2355155632,mttr_s,212.91751250000002
full__schema_drift__r3,full,schema_drift,3,2355155632,cost_units,60.75000341913601
full__schema_drift__r3,full,schema_drift,3,2355155632,manual_interventions,11.0
full__schema_drift__r3,full,schema_drift,3,2355155632,llm_tokens,138114.0
full__schema_drift__r3,full,schema_drift,3,2355155632,freshness_s,0.0
full__schema_drift__r3,full,schema_drift,3,2355155632,decision_correct,1.0
full__schema_drift__r3,full,schema_drift,3,2355155632,wall_clock_s,432.2007953340035
full__schema_drift__r3,full,schema_drift,3,2355155632,api_tokens,11466.0
full__schema_drift__r3,full,schema_drift,3,2355155632,llm_calls,8.0
full__schema_drift__r3,full,schema_drift,3,2355155632,llm_cache_hits,124.0
full__schema_drift__r3,full,schema_drift,3,2355155632,llm_degraded,0.0
full__schema_drift__r3,full,schema_drift,3,2355155632,llm_invalid,0.0
full__schema_drift__r3,full,schema_drift,3,2355155632,llm_latency_s,16.625165812998603
full__schema_drift__r4,full,schema_drift,4,3410195450,mttr_s,187.5499495
full__schema_drift__r4,full,schema_drift,4,3410195450,cost_units,60.75000342630399
full__schema_drift__r4,full,schema_drift,4,3410195450,manual_interventions,11.0
full__schema_drift__r4,full,schema_drift,4,3410195450,llm_tokens,280838.0
full__schema_drift__r4,full,schema_drift,4,3410195450,freshness_s,0.0
full__schema_drift__r4,full,schema_drift,4,3410195450,decision_correct,1.0
full__schema_drift__r4,full,schema_drift,4,3410195450,wall_clock_s,431.8198177919985
full__schema_drift__r4,full,schema_drift,4,3410195450,api_tokens,11546.0
full__schema_drift__r4,full,schema_drift,4,3410195450,llm_calls,8.0
full__schema_drift__r4,full,schema_drift,4,3410195450,llm_cache_hits,268.0
full__schema_drift__r4,full,schema_drift,4,3410195450,llm_degraded,0.0
full__schema_drift__r4,full,schema_drift,4,3410195450,llm_invalid,0.0
full__schema_drift__r4,full,schema_drift,4,3410195450,llm_latency_s,17.490584791501533
full__schema_drift__r5,full,schema_drift,5,828903508,mttr_s,214.2954475
full__schema_drift__r5,full,schema_drift,5,828903508,cost_units,60.75000342630399
full__schema_drift__r5,full,schema_drift,5,828903508,manual_interventions,11.0
full__schema_drift__r5,full,schema_drift,5,828903508,llm_tokens,263464.0
full__schema_drift__r5,full,schema_drift,5,828903508,freshness_s,0.0
full__schema_drift__r5,full,schema_drift,5,828903508,decision_correct,1.0
full__schema_drift__r5,full,schema_drift,5,828903508,wall_clock_s,430.7191300830018
full__schema_drift__r5,full,schema_drift,5,828903508,api_tokens,11109.0
full__schema_drift__r5,full,schema_drift,5,828903508,llm_calls,8.0
full__schema_drift__r5,full,schema_drift,5,828903508,llm_cache_hits,240.0
full__schema_drift__r5,full,schema_drift,5,828903508,llm_degraded,0.0
full__schema_drift__r5,full,schema_drift,5,828903508,llm_invalid,0.0
full__schema_drift__r5,full,schema_drift,5,828903508,llm_latency_s,10.58061141700091
full__schema_drift__r6,full,schema_drift,6,373160175,mttr_s,123.765749
full__schema_drift__r6,full,schema_drift,6,373160175,cost_units,61.50000358946133
full__schema_drift__r6,full,schema_drift,6,373160175,manual_interventions,8.0
full__schema_drift__r6,full,schema_drift,6,373160175,llm_tokens,11547.0
full__schema_drift__r6,full,schema_drift,6,373160175,freshness_s,0.0
full__schema_drift__r6,full,schema_drift,6,373160175,decision_correct,1.0
full__schema_drift__r6,full,schema_drift,6,373160175,wall_clock_s,445.2895861249999
full__schema_drift__r6,full,schema_drift,6,373160175,api_tokens,16042.0
full__schema_drift__r6,full,schema_drift,6,373160175,llm_calls,11.0
full__schema_drift__r6,full,schema_drift,6,373160175,llm_cache_hits,0.0
full__schema_drift__r6,full,schema_drift,6,373160175,llm_degraded,1.0
full__schema_drift__r6,full,schema_drift,6,373160175,llm_invalid,0.0
full__schema_drift__r6,full,schema_drift,6,373160175,llm_latency_s,14.22773700000107
full__schema_drift__r7,full,schema_drift,7,3446686795,mttr_s,178.75393250000002
full__schema_drift__r7,full,schema_drift,7,3446686795,cost_units,61.00000348068977
full__schema_drift__r7,full,schema_drift,7,3446686795,manual_interventions,11.0
full__schema_drift__r7,full,schema_drift,7,3446686795,llm_tokens,117667.0
full__schema_drift__r7,full,schema_drift,7,3446686795,freshness_s,0.0
full__schema_drift__r7,full,schema_drift,7,3446686795,decision_correct,1.0
full__schema_drift__r7,full,schema_drift,7,3446686795,wall_clock_s,432.80390266599716
full__schema_drift__r7,full,schema_drift,7,3446686795,api_tokens,11383.0
full__schema_drift__r7,full,schema_drift,7,3446686795,llm_calls,8.0
full__schema_drift__r7,full,schema_drift,7,3446686795,llm_cache_hits,100.0
full__schema_drift__r7,full,schema_drift,7,3446686795,llm_degraded,0.0
full__schema_drift__r7,full,schema_drift,7,3446686795,llm_invalid,0.0
full__schema_drift__r7,full,schema_drift,7,3446686795,llm_latency_s,23.80571077049899
full__schema_drift__r8,full,schema_drift,8,1491211485,mttr_s,280.99186100000003
full__schema_drift__r8,full,schema_drift,8,1491211485,cost_units,60.75000342630399
full__schema_drift__r8,full,schema_drift,8,1491211485,manual_interventions,11.0
full__schema_drift__r8,full,schema_drift,8,1491211485,llm_tokens,81892.0
full__schema_drift__r8,full,schema_drift,8,1491211485,freshness_s,0.0
full__schema_drift__r8,full,schema_drift,8,1491211485,decision_correct,1.0
full__schema_drift__r8,full,schema_drift,8,1491211485,wall_clock_s,430.2460200420028
full__schema_drift__r8,full,schema_drift,8,1491211485,api_tokens,11315.0
full__schema_drift__r8,full,schema_drift,8,1491211485,llm_calls,8.0
full__schema_drift__r8,full,schema_drift,8,1491211485,llm_cache_hits,68.0
full__schema_drift__r8,full,schema_drift,8,1491211485,llm_degraded,0.0
full__schema_drift__r8,full,schema_drift,8,1491211485,llm_invalid,0.0
full__schema_drift__r8,full,schema_drift,8,1491211485,llm_latency_s,20.35493695850164
full__schema_drift__r9,full,schema_drift,9,2202240978,mttr_s,217.3523115
full__schema_drift__r9,full,schema_drift,9,2202240978,cost_units,60.75000342630399
full__schema_drift__r9,full,schema_drift,9,2202240978,manual_interventions,11.0
full__schema_drift__r9,full,schema_drift,9,2202240978,llm_tokens,302707.0
full__schema_drift__r9,full,schema_drift,9,2202240978,freshness_s,0.0
full__schema_drift__r9,full,schema_drift,9,2202240978,decision_correct,1.0
full__schema_drift__r9,full,schema_drift,9,2202240978,wall_clock_s,431.36492950000684
full__schema_drift__r9,full,schema_drift,9,2202240978,api_tokens,10757.0
full__schema_drift__r9,full,schema_drift,9,2202240978,llm_calls,8.0
full__schema_drift__r9,full,schema_drift,9,2202240978,llm_cache_hits,304.0
full__schema_drift__r9,full,schema_drift,9,2202240978,llm_degraded,0.0
full__schema_drift__r9,full,schema_drift,9,2202240978,llm_invalid,0.0
full__schema_drift__r9,full,schema_drift,9,2202240978,llm_latency_s,8.32094589549888
full__schema_drift__r10,full,schema_drift,10,3889749152,mttr_s,195.4879195
full__schema_drift__r10,full,schema_drift,10,3889749152,cost_units,60.75000342630399
full__schema_drift__r10,full,schema_drift,10,3889749152,manual_interventions,11.0
full__schema_drift__r10,full,schema_drift,10,3889749152,llm_tokens,375936.0
full__schema_drift__r10,full,schema_drift,10,3889749152,freshness_s,0.0
full__schema_drift__r10,full,schema_drift,10,3889749152,decision_correct,1.0
full__schema_drift__r10,full,schema_drift,10,3889749152,wall_clock_s,431.6658650840036
full__schema_drift__r10,full,schema_drift,10,3889749152,api_tokens,11129.0
full__schema_drift__r10,full,schema_drift,10,3889749152,llm_calls,8.0
full__schema_drift__r10,full,schema_drift,10,3889749152,llm_cache_hits,364.0
full__schema_drift__r10,full,schema_drift,10,3889749152,llm_degraded,0.0
full__schema_drift__r10,full,schema_drift,10,3889749152,llm_invalid,0.0
full__schema_drift__r10,full,schema_drift,10,3889749152,llm_latency_s,11.211701104501117
full__schema_drift__r11,full,schema_drift,11,156430749,mttr_s,266.4121625
full__schema_drift__r11,full,schema_drift,11,156430749,cost_units,60.75000342630399
full__schema_drift__r11,full,schema_drift,11,156430749,manual_interventions,15.0
full__schema_drift__r11,full,schema_drift,11,156430749,llm_tokens,127426.0
full__schema_drift__r11,full,schema_drift,11,156430749,freshness_s,0.0
full__schema_drift__r11,full,schema_drift,11,156430749,decision_correct,1.0
full__schema_drift__r11,full,schema_drift,11,156430749,wall_clock_s,431.70794345800095
full__schema_drift__r11,full,schema_drift,11,156430749,api_tokens,11194.0
full__schema_drift__r11,full,schema_drift,11,156430749,llm_calls,8.0
full__schema_drift__r11,full,schema_drift,11,156430749,llm_cache_hits,112.0
full__schema_drift__r11,full,schema_drift,11,156430749,llm_degraded,0.0
full__schema_drift__r11,full,schema_drift,11,156430749,llm_invalid,0.0
full__schema_drift__r11,full,schema_drift,11,156430749,llm_latency_s,21.18662483299704
full__schema_drift__r12,full,schema_drift,12,10392536,mttr_s,221.95137499999998
full__schema_drift__r12,full,schema_drift,12,10392536,cost_units,63.000003915776006
full__schema_drift__r12,full,schema_drift,12,10392536,manual_interventions,3.0
full__schema_drift__r12,full,schema_drift,12,10392536,llm_tokens,5349.0
full__schema_drift__r12,full,schema_drift,12,10392536,freshness_s,0.0
full__schema_drift__r12,full,schema_drift,12,10392536,decision_correct,1.0
full__schema_drift__r12,full,schema_drift,12,10392536,wall_clock_s,476.9309195829992
full__schema_drift__r12,full,schema_drift,12,10392536,api_tokens,8371.0
full__schema_drift__r12,full,schema_drift,12,10392536,llm_calls,6.0
full__schema_drift__r12,full,schema_drift,12,10392536,llm_cache_hits,0.0
full__schema_drift__r12,full,schema_drift,12,10392536,llm_degraded,0.0
full__schema_drift__r12,full,schema_drift,12,10392536,llm_invalid,0.0
full__schema_drift__r12,full,schema_drift,12,10392536,llm_latency_s,21.669288249500823
full__schema_drift__r13,full,schema_drift,13,2220641282,mttr_s,246.6701495
full__schema_drift__r13,full,schema_drift,13,2220641282,cost_units,60.75000343347199
full__schema_drift__r13,full,schema_drift,13,2220641282,manual_interventions,11.0
full__schema_drift__r13,full,schema_drift,13,2220641282,llm_tokens,55762.0
full__schema_drift__r13,full,schema_drift,13,2220641282,freshness_s,0.0
full__schema_drift__r13,full,schema_drift,13,2220641282,decision_correct,1.0
full__schema_drift__r13,full,schema_drift,13,2220641282,wall_clock_s,431.54237754100177
full__schema_drift__r13,full,schema_drift,13,2220641282,api_tokens,11389.0
full__schema_drift__r13,full,schema_drift,13,2220641282,llm_calls,8.0
full__schema_drift__r13,full,schema_drift,13,2220641282,llm_cache_hits,44.0
full__schema_drift__r13,full,schema_drift,13,2220641282,llm_degraded,0.0
full__schema_drift__r13,full,schema_drift,13,2220641282,llm_invalid,0.0
full__schema_drift__r13,full,schema_drift,13,2220641282,llm_latency_s,13.500570541502384
full__schema_drift__r14,full,schema_drift,14,2610438489,mttr_s,249.10652399999998
full__schema_drift__r14,full,schema_drift,14,2610438489,cost_units,60.75000343347199
full__schema_drift__r14,full,schema_drift,14,2610438489,manual_interventions,17.0
full__schema_drift__r14,full,schema_drift,14,2610438489,llm_tokens,446368.0
full__schema_drift__r14,full,schema_drift,14,2610438489,freshness_s,0.0
full__schema_drift__r14,full,schema_drift,14,2610438489,decision_correct,0.0
full__schema_drift__r14,full,schema_drift,14,2610438489,wall_clock_s,431.3052458339953
full__schema_drift__r14,full,schema_drift,14,2610438489,api_tokens,5684.0
full__schema_drift__r14,full,schema_drift,14,2610438489,llm_calls,4.0
full__schema_drift__r14,full,schema_drift,14,2610438489,llm_cache_hits,412.0
full__schema_drift__r14,full,schema_drift,14,2610438489,llm_degraded,0.0
full__schema_drift__r14,full,schema_drift,14,2610438489,llm_invalid,0.0
full__schema_drift__r14,full,schema_drift,14,2610438489,llm_latency_s,14.647900583498995
full__schema_drift__r15,full,schema_drift,15,812999480,mttr_s,118.922156
full__schema_drift__r15,full,schema_drift,15,812999480,cost_units,60.75000343347199
full__schema_drift__r15,full,schema_drift,15,812999480,manual_interventions,11.0
full__schema_drift__r15,full,schema_drift,15,812999480,llm_tokens,192643.0
full__schema_drift__r15,full,schema_drift,15,812999480,freshness_s,0.0
full__schema_drift__r15,full,schema_drift,15,812999480,decision_correct,1.0
full__schema_drift__r15,full,schema_drift,15,812999480,wall_clock_s,430.73363658299786
full__schema_drift__r15,full,schema_drift,15,812999480,api_tokens,10952.0
full__schema_drift__r15,full,schema_drift,15,812999480,llm_calls,8.0
full__schema_drift__r15,full,schema_drift,15,812999480,llm_cache_hits,184.0
full__schema_drift__r15,full,schema_drift,15,812999480,llm_degraded,0.0
full__schema_drift__r15,full,schema_drift,15,812999480,llm_invalid,0.0
full__schema_drift__r15,full,schema_drift,15,812999480,llm_latency_s,16.64547658349693
full__schema_drift__r16,full,schema_drift,16,4226887780,mttr_s,113.924435
full__schema_drift__r16,full,schema_drift,16,4226887780,cost_units,60.75000343347199
full__schema_drift__r16,full,schema_drift,16,4226887780,manual_interventions,11.0
full__schema_drift__r16,full,schema_drift,16,4226887780,llm_tokens,290396.0
full__schema_drift__r16,full,schema_drift,16,4226887780,freshness_s,0.0
full__schema_drift__r16,full,schema_drift,16,4226887780,decision_correct,1.0
full__schema_drift__r16,full,schema_drift,16,4226887780,wall_clock_s,431.3564274160017
full__schema_drift__r16,full,schema_drift,16,4226887780,api_tokens,11158.0
full__schema_drift__r16,full,schema_drift,16,4226887780,llm_calls,8.0
full__schema_drift__r16,full,schema_drift,16,4226887780,llm_cache_hits,268.0
full__schema_drift__r16,full,schema_drift,16,4226887780,llm_degraded,0.0
full__schema_drift__r16,full,schema_drift,16,4226887780,llm_invalid,0.0
full__schema_drift__r16,full,schema_drift,16,4226887780,llm_latency_s,13.789287645999138
full__schema_drift__r17,full,schema_drift,17,3000453668,mttr_s,242.1272255
full__schema_drift__r17,full,schema_drift,17,3000453668,cost_units,60.75000343347199
full__schema_drift__r17,full,schema_drift,17,3000453668,manual_interventions,15.0
full__schema_drift__r17,full,schema_drift,17,3000453668,llm_tokens,159090.0
full__schema_drift__r17,full,schema_drift,17,3000453668,freshness_s,0.0
full__schema_drift__r17,full,schema_drift,17,3000453668,decision_correct,1.0
full__schema_drift__r17,full,schema_drift,17,3000453668,wall_clock_s,431.25574216699897
full__schema_drift__r17,full,schema_drift,17,3000453668,api_tokens,11309.0
full__schema_drift__r17,full,schema_drift,17,3000453668,llm_calls,8.0
full__schema_drift__r17,full,schema_drift,17,3000453668,llm_cache_hits,148.0
full__schema_drift__r17,full,schema_drift,17,3000453668,llm_degraded,0.0
full__schema_drift__r17,full,schema_drift,17,3000453668,llm_invalid,0.0
full__schema_drift__r17,full,schema_drift,17,3000453668,llm_latency_s,13.59800589599763
full__schema_drift__r18,full,schema_drift,18,510706460,mttr_s,234.72436599999997
full__schema_drift__r18,full,schema_drift,18,510706460,cost_units,60.75000343347199
full__schema_drift__r18,full,schema_drift,18,510706460,manual_interventions,11.0
full__schema_drift__r18,full,schema_drift,18,510706460,llm_tokens,113050.0
full__schema_drift__r18,full,schema_drift,18,510706460,freshness_s,0.0
full__schema_drift__r18,full,schema_drift,18,510706460,decision_correct,1.0
full__schema_drift__r18,full,schema_drift,18,510706460,wall_clock_s,431.59400504099904
full__schema_drift__r18,full,schema_drift,18,510706460,api_tokens,11612.0
full__schema_drift__r18,full,schema_drift,18,510706460,llm_calls,8.0
full__schema_drift__r18,full,schema_drift,18,510706460,llm_cache_hits,100.0
full__schema_drift__r18,full,schema_drift,18,510706460,llm_degraded,0.0
full__schema_drift__r18,full,schema_drift,18,510706460,llm_invalid,0.0
full__schema_drift__r18,full,schema_drift,18,510706460,llm_latency_s,12.08048543750192
full__schema_drift__r19,full,schema_drift,19,2808389217,mttr_s,127.29252550000001
full__schema_drift__r19,full,schema_drift,19,2808389217,cost_units,60.75000343347199
full__schema_drift__r19,full,schema_drift,19,2808389217,manual_interventions,15.0
full__schema_drift__r19,full,schema_drift,19,2808389217,llm_tokens,374906.0
full__schema_drift__r19,full,schema_drift,19,2808389217,freshness_s,0.0
full__schema_drift__r19,full,schema_drift,19,2808389217,decision_correct,1.0
full__schema_drift__r19,full,schema_drift,19,2808389217,wall_clock_s,430.53275170800043
full__schema_drift__r19,full,schema_drift,19,2808389217,api_tokens,11189.0
full__schema_drift__r19,full,schema_drift,19,2808389217,llm_calls,8.0
full__schema_drift__r19,full,schema_drift,19,2808389217,llm_cache_hits,344.0
full__schema_drift__r19,full,schema_drift,19,2808389217,llm_degraded,0.0
full__schema_drift__r19,full,schema_drift,19,2808389217,llm_invalid,0.0
full__schema_drift__r19,full,schema_drift,19,2808389217,llm_latency_s,10.498282604501583
full__upstream_delay__r0,full,upstream_delay,0,1899498806,mttr_s,227.228929
full__upstream_delay__r0,full,upstream_delay,0,1899498806,cost_units,60.75000343347199
full__upstream_delay__r0,full,upstream_delay,0,1899498806,manual_interventions,6.0
full__upstream_delay__r0,full,upstream_delay,0,1899498806,llm_tokens,315931.0
full__upstream_delay__r0,full,upstream_delay,0,1899498806,freshness_s,231.880292
full__upstream_delay__r0,full,upstream_delay,0,1899498806,decision_correct,0.0
full__upstream_delay__r0,full,upstream_delay,0,1899498806,wall_clock_s,430.41972566700133
full__upstream_delay__r0,full,upstream_delay,0,1899498806,api_tokens,5557.0
full__upstream_delay__r0,full,upstream_delay,0,1899498806,llm_calls,4.0
full__upstream_delay__r0,full,upstream_delay,0,1899498806,llm_cache_hits,480.0
full__upstream_delay__r0,full,upstream_delay,0,1899498806,llm_degraded,0.0
full__upstream_delay__r0,full,upstream_delay,0,1899498806,llm_invalid,0.0
full__upstream_delay__r0,full,upstream_delay,0,1899498806,llm_latency_s,11.172129979502643
full__upstream_delay__r1,full,upstream_delay,1,1158765143,mttr_s,238.482641
full__upstream_delay__r1,full,upstream_delay,1,1158765143,cost_units,60.75000343347199
full__upstream_delay__r1,full,upstream_delay,1,1158765143,manual_interventions,6.0
full__upstream_delay__r1,full,upstream_delay,1,1158765143,llm_tokens,40200.0
full__upstream_delay__r1,full,upstream_delay,1,1158765143,freshness_s,243.115505
full__upstream_delay__r1,full,upstream_delay,1,1158765143,decision_correct,0.0
full__upstream_delay__r1,full,upstream_delay,1,1158765143,wall_clock_s,430.5996279579995
full__upstream_delay__r1,full,upstream_delay,1,1158765143,api_tokens,5670.0
full__upstream_delay__r1,full,upstream_delay,1,1158765143,llm_calls,4.0
full__upstream_delay__r1,full,upstream_delay,1,1158765143,llm_cache_hits,56.0
full__upstream_delay__r1,full,upstream_delay,1,1158765143,llm_degraded,0.0
full__upstream_delay__r1,full,upstream_delay,1,1158765143,llm_invalid,0.0
full__upstream_delay__r1,full,upstream_delay,1,1158765143,llm_latency_s,59.29799358349919
full__upstream_delay__r2,full,upstream_delay,2,1047169737,mttr_s,366.6320995
full__upstream_delay__r2,full,upstream_delay,2,1047169737,cost_units,61.06000903347199
full__upstream_delay__r2,full,upstream_delay,2,1047169737,manual_interventions,7.0
full__upstream_delay__r2,full,upstream_delay,2,1047169737,llm_tokens,409425.0
full__upstream_delay__r2,full,upstream_delay,2,1047169737,freshness_s,390.962154
full__upstream_delay__r2,full,upstream_delay,2,1047169737,decision_correct,0.0
full__upstream_delay__r2,full,upstream_delay,2,1047169737,wall_clock_s,431.7844560000012
full__upstream_delay__r2,full,upstream_delay,2,1047169737,api_tokens,6948.0
full__upstream_delay__r2,full,upstream_delay,2,1047169737,llm_calls,4.0
full__upstream_delay__r2,full,upstream_delay,2,1047169737,llm_cache_hits,296.0
full__upstream_delay__r2,full,upstream_delay,2,1047169737,llm_degraded,0.0
full__upstream_delay__r2,full,upstream_delay,2,1047169737,llm_invalid,0.0
full__upstream_delay__r2,full,upstream_delay,2,1047169737,llm_latency_s,20.47698685400246
full__upstream_delay__r3,full,upstream_delay,3,1967697713,mttr_s,305.265539
full__upstream_delay__r3,full,upstream_delay,3,1967697713,cost_units,76.50000343347199
full__upstream_delay__r3,full,upstream_delay,3,1967697713,manual_interventions,6.0
full__upstream_delay__r3,full,upstream_delay,3,1967697713,llm_tokens,348869.0
full__upstream_delay__r3,full,upstream_delay,3,1967697713,freshness_s,312.119245
full__upstream_delay__r3,full,upstream_delay,3,1967697713,decision_correct,0.0
full__upstream_delay__r3,full,upstream_delay,3,1967697713,wall_clock_s,432.1852718750015
full__upstream_delay__r3,full,upstream_delay,3,1967697713,api_tokens,5546.0
full__upstream_delay__r3,full,upstream_delay,3,1967697713,llm_calls,4.0
full__upstream_delay__r3,full,upstream_delay,3,1967697713,llm_cache_hits,504.0
full__upstream_delay__r3,full,upstream_delay,3,1967697713,llm_degraded,0.0
full__upstream_delay__r3,full,upstream_delay,3,1967697713,llm_invalid,0.0
full__upstream_delay__r3,full,upstream_delay,3,1967697713,llm_latency_s,6.024212604501372
full__upstream_delay__r4,full,upstream_delay,4,4252950409,mttr_s,236.404598
full__upstream_delay__r4,full,upstream_delay,4,4252950409,cost_units,76.50000343347199
full__upstream_delay__r4,full,upstream_delay,4,4252950409,manual_interventions,6.0
full__upstream_delay__r4,full,upstream_delay,4,4252950409,llm_tokens,148444.0
full__upstream_delay__r4,full,upstream_delay,4,4252950409,freshness_s,243.52219
full__upstream_delay__r4,full,upstream_delay,4,4252950409,decision_correct,0.0
full__upstream_delay__r4,full,upstream_delay,4,4252950409,wall_clock_s,431.6655832500037
full__upstream_delay__r4,full,upstream_delay,4,4252950409,api_tokens,5352.0
full__upstream_delay__r4,full,upstream_delay,4,4252950409,llm_calls,4.0
full__upstream_delay__r4,full,upstream_delay,4,4252950409,llm_cache_hits,231.0
full__upstream_delay__r4,full,upstream_delay,4,4252950409,llm_degraded,1.0
full__upstream_delay__r4,full,upstream_delay,4,4252950409,llm_invalid,0.0
full__upstream_delay__r4,full,upstream_delay,4,4252950409,llm_latency_s,15.382707708500675
full__upstream_delay__r5,full,upstream_delay,5,3407407722,mttr_s,216.139606
full__upstream_delay__r5,full,upstream_delay,5,3407407722,cost_units,76.50000343347199
full__upstream_delay__r5,full,upstream_delay,5,3407407722,manual_interventions,6.0
full__upstream_delay__r5,full,upstream_delay,5,3407407722,llm_tokens,128233.0
full__upstream_delay__r5,full,upstream_delay,5,3407407722,freshness_s,300.679191
full__upstream_delay__r5,full,upstream_delay,5,3407407722,decision_correct,0.0
full__upstream_delay__r5,full,upstream_delay,5,3407407722,wall_clock_s,429.86519154100097
full__upstream_delay__r5,full,upstream_delay,5,3407407722,api_tokens,5225.0
full__upstream_delay__r5,full,upstream_delay,5,3407407722,llm_calls,4.0
full__upstream_delay__r5,full,upstream_delay,5,3407407722,llm_cache_hits,192.0
full__upstream_delay__r5,full,upstream_delay,5,3407407722,llm_degraded,36.0
full__upstream_delay__r5,full,upstream_delay,5,3407407722,llm_invalid,0.0
full__upstream_delay__r5,full,upstream_delay,5,3407407722,llm_latency_s,18.411925979500666
full__upstream_delay__r6,full,upstream_delay,6,3552363329,mttr_s,311.110586
full__upstream_delay__r6,full,upstream_delay,6,3552363329,cost_units,76.12342428347198
full__upstream_delay__r6,full,upstream_delay,6,3552363329,manual_interventions,6.0
full__upstream_delay__r6,full,upstream_delay,6,3552363329,llm_tokens,474727.0
full__upstream_delay__r6,full,upstream_delay,6,3552363329,freshness_s,316.822482
full__upstream_delay__r6,full,upstream_delay,6,3552363329,decision_correct,0.0
full__upstream_delay__r6,full,upstream_delay,6,3552363329,wall_clock_s,430.11264704100176
full__upstream_delay__r6,full,upstream_delay,6,3552363329,api_tokens,5968.0
full__upstream_delay__r6,full,upstream_delay,6,3552363329,llm_calls,4.0
full__upstream_delay__r6,full,upstream_delay,6,3552363329,llm_cache_hits,408.0
full__upstream_delay__r6,full,upstream_delay,6,3552363329,llm_degraded,0.0
full__upstream_delay__r6,full,upstream_delay,6,3552363329,llm_invalid,0.0
full__upstream_delay__r6,full,upstream_delay,6,3552363329,llm_latency_s,15.385249624996504
full__upstream_delay__r7,full,upstream_delay,7,2339265433,mttr_s,277.873944
full__upstream_delay__r7,full,upstream_delay,7,2339265433,cost_units,60.75000343347199
full__upstream_delay__r7,full,upstream_delay,7,2339265433,manual_interventions,6.0
full__upstream_delay__r7,full,upstream_delay,7,2339265433,llm_tokens,210560.0
full__upstream_delay__r7,full,upstream_delay,7,2339265433,freshness_s,282.277189
full__upstream_delay__r7,full,upstream_delay,7,2339265433,decision_correct,0.0
full__upstream_delay__r7,full,upstream_delay,7,2339265433,wall_clock_s,430.3949074580014
full__upstream_delay__r7,full,upstream_delay,7,2339265433,api_tokens,5368.0
full__upstream_delay__r7,full,upstream_delay,7,2339265433,llm_calls,4.0
full__upstream_delay__r7,full,upstream_delay,7,2339265433,llm_cache_hits,316.0
full__upstream_delay__r7,full,upstream_delay,7,2339265433,llm_degraded,0.0
full__upstream_delay__r7,full,upstream_delay,7,2339265433,llm_invalid,0.0
full__upstream_delay__r7,full,upstream_delay,7,2339265433,llm_latency_s,22.889541542001098
full__upstream_delay__r8,full,upstream_delay,8,2069724420,mttr_s,183.928061
full__upstream_delay__r8,full,upstream_delay,8,2069724420,cost_units,60.75000343347199
full__upstream_delay__r8,full,upstream_delay,8,2069724420,manual_interventions,6.0
full__upstream_delay__r8,full,upstream_delay,8,2069724420,llm_tokens,341586.0
full__upstream_delay__r8,full,upstream_delay,8,2069724420,freshness_s,192.743966
full__upstream_delay__r8,full,upstream_delay,8,2069724420,decision_correct,0.0
full__upstream_delay__r8,full,upstream_delay,8,2069724420,wall_clock_s,432.6280901249993
full__upstream_delay__r8,full,upstream_delay,8,2069724420,api_tokens,5389.0
full__upstream_delay__r8,full,upstream_delay,8,2069724420,llm_calls,4.0
full__upstream_delay__r8,full,upstream_delay,8,2069724420,llm_cache_hits,500.0
full__upstream_delay__r8,full,upstream_delay,8,2069724420,llm_degraded,0.0
full__upstream_delay__r8,full,upstream_delay,8,2069724420,llm_invalid,0.0
full__upstream_delay__r8,full,upstream_delay,8,2069724420,llm_latency_s,9.995736478500476
full__upstream_delay__r9,full,upstream_delay,9,3094635321,mttr_s,304.200178
full__upstream_delay__r9,full,upstream_delay,9,3094635321,cost_units,61.00000348797155
full__upstream_delay__r9,full,upstream_delay,9,3094635321,manual_interventions,6.0
full__upstream_delay__r9,full,upstream_delay,9,3094635321,llm_tokens,122760.0
full__upstream_delay__r9,full,upstream_delay,9,3094635321,freshness_s,308.417551
full__upstream_delay__r9,full,upstream_delay,9,3094635321,decision_correct,0.0
full__upstream_delay__r9,full,upstream_delay,9,3094635321,wall_clock_s,432.7038865830036
full__upstream_delay__r9,full,upstream_delay,9,3094635321,api_tokens,5427.0
full__upstream_delay__r9,full,upstream_delay,9,3094635321,llm_calls,4.0
full__upstream_delay__r9,full,upstream_delay,9,3094635321,llm_cache_hits,176.0
full__upstream_delay__r9,full,upstream_delay,9,3094635321,llm_degraded,0.0
full__upstream_delay__r9,full,upstream_delay,9,3094635321,llm_invalid,0.0
full__upstream_delay__r9,full,upstream_delay,9,3094635321,llm_latency_s,63.947343416995864
full__upstream_delay__r10,full,upstream_delay,10,3649190243,mttr_s,54.187046
full__upstream_delay__r10,full,upstream_delay,10,3649190243,cost_units,60.75000343347199
full__upstream_delay__r10,full,upstream_delay,10,3649190243,manual_interventions,6.0
full__upstream_delay__r10,full,upstream_delay,10,3649190243,llm_tokens,92752.0
full__upstream_delay__r10,full,upstream_delay,10,3649190243,freshness_s,57.668648
full__upstream_delay__r10,full,upstream_delay,10,3649190243,decision_correct,0.0
full__upstream_delay__r10,full,upstream_delay,10,3649190243,wall_clock_s,433.01905804199487
full__upstream_delay__r10,full,upstream_delay,10,3649190243,api_tokens,5535.0
full__upstream_delay__r10,full,upstream_delay,10,3649190243,llm_calls,4.0
full__upstream_delay__r10,full,upstream_delay,10,3649190243,llm_cache_hits,132.0
full__upstream_delay__r10,full,upstream_delay,10,3649190243,llm_degraded,0.0
full__upstream_delay__r10,full,upstream_delay,10,3649190243,llm_invalid,0.0
full__upstream_delay__r10,full,upstream_delay,10,3649190243,llm_latency_s,24.929377166499762
full__upstream_delay__r11,full,upstream_delay,11,189812514,mttr_s,208.845566
full__upstream_delay__r11,full,upstream_delay,11,189812514,cost_units,61.00000348797155
full__upstream_delay__r11,full,upstream_delay,11,189812514,manual_interventions,6.0
full__upstream_delay__r11,full,upstream_delay,11,189812514,llm_tokens,336420.0
full__upstream_delay__r11,full,upstream_delay,11,189812514,freshness_s,212.005745
full__upstream_delay__r11,full,upstream_delay,11,189812514,decision_correct,0.0
full__upstream_delay__r11,full,upstream_delay,11,189812514,wall_clock_s,432.27839941699494
full__upstream_delay__r11,full,upstream_delay,11,189812514,api_tokens,5469.0
full__upstream_delay__r11,full,upstream_delay,11,189812514,llm_calls,4.0
full__upstream_delay__r11,full,upstream_delay,11,189812514,llm_cache_hits,500.0
full__upstream_delay__r11,full,upstream_delay,11,189812514,llm_degraded,0.0
full__upstream_delay__r11,full,upstream_delay,11,189812514,llm_invalid,0.0
full__upstream_delay__r11,full,upstream_delay,11,189812514,llm_latency_s,8.780421750001551
full__upstream_delay__r12,full,upstream_delay,12,1809224384,mttr_s,272.629479
full__upstream_delay__r12,full,upstream_delay,12,1809224384,cost_units,60.75000343347199
full__upstream_delay__r12,full,upstream_delay,12,1809224384,manual_interventions,12.0
full__upstream_delay__r12,full,upstream_delay,12,1809224384,llm_tokens,374640.0
full__upstream_delay__r12,full,upstream_delay,12,1809224384,freshness_s,276.322759
full__upstream_delay__r12,full,upstream_delay,12,1809224384,decision_correct,0.0
full__upstream_delay__r12,full,upstream_delay,12,1809224384,wall_clock_s,431.50565770899993
full__upstream_delay__r12,full,upstream_delay,12,1809224384,api_tokens,6829.0
full__upstream_delay__r12,full,upstream_delay,12,1809224384,llm_calls,4.0
full__upstream_delay__r12,full,upstream_delay,12,1809224384,llm_cache_hits,276.0
full__upstream_delay__r12,full,upstream_delay,12,1809224384,llm_degraded,0.0
full__upstream_delay__r12,full,upstream_delay,12,1809224384,llm_invalid,0.0
full__upstream_delay__r12,full,upstream_delay,12,1809224384,llm_latency_s,21.942101062497386
full__upstream_delay__r13,full,upstream_delay,13,2267716746,mttr_s,209.038495
full__upstream_delay__r13,full,upstream_delay,13,2267716746,cost_units,60.75000343347199
full__upstream_delay__r13,full,upstream_delay,13,2267716746,manual_interventions,6.0
full__upstream_delay__r13,full,upstream_delay,13,2267716746,llm_tokens,292041.0
full__upstream_delay__r13,full,upstream_delay,13,2267716746,freshness_s,212.549798
full__upstream_delay__r13,full,upstream_delay,13,2267716746,decision_correct,0.0
full__upstream_delay__r13,full,upstream_delay,13,2267716746,wall_clock_s,432.00524508399394
full__upstream_delay__r13,full,upstream_delay,13,2267716746,api_tokens,5311.0
full__upstream_delay__r13,full,upstream_delay,13,2267716746,llm_calls,4.0
full__upstream_delay__r13,full,upstream_delay,13,2267716746,llm_cache_hits,440.0
full__upstream_delay__r13,full,upstream_delay,13,2267716746,llm_degraded,0.0
full__upstream_delay__r13,full,upstream_delay,13,2267716746,llm_invalid,0.0
full__upstream_delay__r13,full,upstream_delay,13,2267716746,llm_latency_s,18.952081791998353
full__upstream_delay__r14,full,upstream_delay,14,3891126663,mttr_s,255.926959
full__upstream_delay__r14,full,upstream_delay,14,3891126663,cost_units,60.75000343347199
full__upstream_delay__r14,full,upstream_delay,14,3891126663,manual_interventions,6.0
full__upstream_delay__r14,full,upstream_delay,14,3891126663,llm_tokens,332320.0
full__upstream_delay__r14,full,upstream_delay,14,3891126663,freshness_s,261.669173
full__upstream_delay__r14,full,upstream_delay,14,3891126663,decision_correct,0.0
full__upstream_delay__r14,full,upstream_delay,14,3891126663,wall_clock_s,431.9235251249993
full__upstream_delay__r14,full,upstream_delay,14,3891126663,api_tokens,5475.0
full__upstream_delay__r14,full,upstream_delay,14,3891126663,llm_calls,4.0
full__upstream_delay__r14,full,upstream_delay,14,3891126663,llm_cache_hits,492.0
full__upstream_delay__r14,full,upstream_delay,14,3891126663,llm_degraded,0.0
full__upstream_delay__r14,full,upstream_delay,14,3891126663,llm_invalid,0.0
full__upstream_delay__r14,full,upstream_delay,14,3891126663,llm_latency_s,8.186842813000112
full__upstream_delay__r15,full,upstream_delay,15,283824752,mttr_s,219.566189
full__upstream_delay__r15,full,upstream_delay,15,283824752,cost_units,60.75000343347199
full__upstream_delay__r15,full,upstream_delay,15,283824752,manual_interventions,6.0
full__upstream_delay__r15,full,upstream_delay,15,283824752,llm_tokens,275937.0
full__upstream_delay__r15,full,upstream_delay,15,283824752,freshness_s,225.431066
full__upstream_delay__r15,full,upstream_delay,15,283824752,decision_correct,0.0
full__upstream_delay__r15,full,upstream_delay,15,283824752,wall_clock_s,430.39522762499837
full__upstream_delay__r15,full,upstream_delay,15,283824752,api_tokens,5739.0
full__upstream_delay__r15,full,upstream_delay,15,283824752,llm_calls,4.0
full__upstream_delay__r15,full,upstream_delay,15,283824752,llm_cache_hits,408.0
full__upstream_delay__r15,full,upstream_delay,15,283824752,llm_degraded,0.0
full__upstream_delay__r15,full,upstream_delay,15,283824752,llm_invalid,0.0
full__upstream_delay__r15,full,upstream_delay,15,283824752,llm_latency_s,19.414404499999364
full__upstream_delay__r16,full,upstream_delay,16,1287375204,mttr_s,198.605993
full__upstream_delay__r16,full,upstream_delay,16,1287375204,cost_units,60.75000343347199
full__upstream_delay__r16,full,upstream_delay,16,1287375204,manual_interventions,6.0
full__upstream_delay__r16,full,upstream_delay,16,1287375204,llm_tokens,224930.0
full__upstream_delay__r16,full,upstream_delay,16,1287375204,freshness_s,204.016591
full__upstream_delay__r16,full,upstream_delay,16,1287375204,decision_correct,0.0
full__upstream_delay__r16,full,upstream_delay,16,1287375204,wall_clock_s,430.35012383300636
full__upstream_delay__r16,full,upstream_delay,16,1287375204,api_tokens,5476.0
full__upstream_delay__r16,full,upstream_delay,16,1287375204,llm_calls,4.0
full__upstream_delay__r16,full,upstream_delay,16,1287375204,llm_cache_hits,328.0
full__upstream_delay__r16,full,upstream_delay,16,1287375204,llm_degraded,0.0
full__upstream_delay__r16,full,upstream_delay,16,1287375204,llm_invalid,0.0
full__upstream_delay__r16,full,upstream_delay,16,1287375204,llm_latency_s,33.11716437499854
full__upstream_delay__r17,full,upstream_delay,17,3309163135,mttr_s,211.932863
full__upstream_delay__r17,full,upstream_delay,17,3309163135,cost_units,60.75000343347199
full__upstream_delay__r17,full,upstream_delay,17,3309163135,manual_interventions,6.0
full__upstream_delay__r17,full,upstream_delay,17,3309163135,llm_tokens,274498.0
full__upstream_delay__r17,full,upstream_delay,17,3309163135,freshness_s,229.105672
full__upstream_delay__r17,full,upstream_delay,17,3309163135,decision_correct,0.0
full__upstream_delay__r17,full,upstream_delay,17,3309163135,wall_clock_s,431.1950355000008
full__upstream_delay__r17,full,upstream_delay,17,3309163135,api_tokens,5650.0
full__upstream_delay__r17,full,upstream_delay,17,3309163135,llm_calls,4.0
full__upstream_delay__r17,full,upstream_delay,17,3309163135,llm_cache_hits,388.0
full__upstream_delay__r17,full,upstream_delay,17,3309163135,llm_degraded,0.0
full__upstream_delay__r17,full,upstream_delay,17,3309163135,llm_invalid,0.0
full__upstream_delay__r17,full,upstream_delay,17,3309163135,llm_latency_s,26.83217652050007
full__upstream_delay__r18,full,upstream_delay,18,480633859,mttr_s,312.603876
full__upstream_delay__r18,full,upstream_delay,18,480633859,cost_units,62.00000370596977
full__upstream_delay__r18,full,upstream_delay,18,480633859,manual_interventions,6.0
full__upstream_delay__r18,full,upstream_delay,18,480633859,llm_tokens,321196.0
full__upstream_delay__r18,full,upstream_delay,18,480633859,freshness_s,317.463895
full__upstream_delay__r18,full,upstream_delay,18,480633859,decision_correct,0.0
full__upstream_delay__r18,full,upstream_delay,18,480633859,wall_clock_s,432.8248931250055
full__upstream_delay__r18,full,upstream_delay,18,480633859,api_tokens,5718.0
full__upstream_delay__r18,full,upstream_delay,18,480633859,llm_calls,4.0
full__upstream_delay__r18,full,upstream_delay,18,480633859,llm_cache_hits,468.0
full__upstream_delay__r18,full,upstream_delay,18,480633859,llm_degraded,0.0
full__upstream_delay__r18,full,upstream_delay,18,480633859,llm_invalid,0.0
full__upstream_delay__r18,full,upstream_delay,18,480633859,llm_latency_s,14.333365833503194
full__upstream_delay__r19,full,upstream_delay,19,2010699685,mttr_s,265.641281
full__upstream_delay__r19,full,upstream_delay,19,2010699685,cost_units,60.75000343347199
full__upstream_delay__r19,full,upstream_delay,19,2010699685,manual_interventions,6.0
full__upstream_delay__r19,full,upstream_delay,19,2010699685,llm_tokens,255300.0
full__upstream_delay__r19,full,upstream_delay,19,2010699685,freshness_s,271.528598
full__upstream_delay__r19,full,upstream_delay,19,2010699685,decision_correct,0.0
full__upstream_delay__r19,full,upstream_delay,19,2010699685,wall_clock_s,430.9711191660026
full__upstream_delay__r19,full,upstream_delay,19,2010699685,api_tokens,5368.0
full__upstream_delay__r19,full,upstream_delay,19,2010699685,llm_calls,4.0
full__upstream_delay__r19,full,upstream_delay,19,2010699685,llm_cache_hits,396.0
full__upstream_delay__r19,full,upstream_delay,19,2010699685,llm_degraded,0.0
full__upstream_delay__r19,full,upstream_delay,19,2010699685,llm_invalid,0.0
full__upstream_delay__r19,full,upstream_delay,19,2010699685,llm_latency_s,15.116406937497231
full__resource_contention__r0,full,resource_contention,0,3992363867,mttr_s,347.314458
full__resource_contention__r0,full,resource_contention,0,3992363867,cost_units,70.00000544995552
full__resource_contention__r0,full,resource_contention,0,3992363867,manual_interventions,3.0
full__resource_contention__r0,full,resource_contention,0,3992363867,llm_tokens,5404.0
full__resource_contention__r0,full,resource_contention,0,3992363867,freshness_s,0.0
full__resource_contention__r0,full,resource_contention,0,3992363867,decision_correct,0.0
full__resource_contention__r0,full,resource_contention,0,3992363867,wall_clock_s,616.9424609589987
full__resource_contention__r0,full,resource_contention,0,3992363867,api_tokens,4076.0
full__resource_contention__r0,full,resource_contention,0,3992363867,llm_calls,3.0
full__resource_contention__r0,full,resource_contention,0,3992363867,llm_cache_hits,3.0
full__resource_contention__r0,full,resource_contention,0,3992363867,llm_degraded,2.0
full__resource_contention__r0,full,resource_contention,0,3992363867,llm_invalid,0.0
full__resource_contention__r0,full,resource_contention,0,3992363867,llm_latency_s,7.361682249997102
full__resource_contention__r1,full,resource_contention,1,1452145001,mttr_s,155.046743
full__resource_contention__r1,full,resource_contention,1,1452145001,cost_units,75.50000664894574
full__resource_contention__r1,full,resource_contention,1,1452145001,manual_interventions,11.0
full__resource_contention__r1,full,resource_contention,1,1452145001,llm_tokens,435658.0
full__resource_contention__r1,full,resource_contention,1,1452145001,freshness_s,0.0
full__resource_contention__r1,full,resource_contention,1,1452145001,decision_correct,0.0
full__resource_contention__r1,full,resource_contention,1,1452145001,wall_clock_s,612.8303962919963
full__resource_contention__r1,full,resource_contention,1,1452145001,api_tokens,5921.0
full__resource_contention__r1,full,resource_contention,1,1452145001,llm_calls,4.0
full__resource_contention__r1,full,resource_contention,1,1452145001,llm_cache_hits,371.0
full__resource_contention__r1,full,resource_contention,1,1452145001,llm_degraded,1.0
full__resource_contention__r1,full,resource_contention,1,1452145001,llm_invalid,0.0
full__resource_contention__r1,full,resource_contention,1,1452145001,llm_latency_s,23.49573020849857
full__resource_contention__r2,full,resource_contention,2,3714550416,mttr_s,426.910907
full__resource_contention__r2,full,resource_contention,2,3714550416,cost_units,69.75000539545597
full__resource_contention__r2,full,resource_contention,2,3714550416,manual_interventions,6.0
full__resource_contention__r2,full,resource_contention,2,3714550416,llm_tokens,201000.0
full__resource_contention__r2,full,resource_contention,2,3714550416,freshness_s,0.0
full__resource_contention__r2,full,resource_contention,2,3714550416,decision_correct,0.0
full__resource_contention__r2,full,resource_contention,2,3714550416,wall_clock_s,610.0871561250024
full__resource_contention__r2,full,resource_contention,2,3714550416,api_tokens,5556.0
full__resource_contention__r2,full,resource_contention,2,3714550416,llm_calls,4.0
full__resource_contention__r2,full,resource_contention,2,3714550416,llm_cache_hits,296.0
full__resource_contention__r2,full,resource_contention,2,3714550416,llm_degraded,0.0
full__resource_contention__r2,full,resource_contention,2,3714550416,llm_invalid,0.0
full__resource_contention__r2,full,resource_contention,2,3714550416,llm_latency_s,30.699846021001576
full__resource_contention__r3,full,resource_contention,3,731998462,mttr_s,316.62868
full__resource_contention__r3,full,resource_contention,3,731998462,cost_units,69.75000539545597
full__resource_contention__r3,full,resource_contention,3,731998462,manual_interventions,11.0
full__resource_contention__r3,full,resource_contention,3,731998462,llm_tokens,236160.0
full__resource_contention__r3,full,resource_contention,3,731998462,freshness_s,0.0
full__resource_contention__r3,full,resource_contention,3,731998462,decision_correct,0.0
full__resource_contention__r3,full,resource_contention,3,731998462,wall_clock_s,611.2511875000055
full__resource_contention__r3,full,resource_contention,3,731998462,api_tokens,6251.0
full__resource_contention__r3,full,resource_contention,3,731998462,llm_calls,4.0
full__resource_contention__r3,full,resource_contention,3,731998462,llm_cache_hits,187.0
full__resource_contention__r3,full,resource_contention,3,731998462,llm_degraded,1.0
full__resource_contention__r3,full,resource_contention,3,731998462,llm_invalid,0.0
full__resource_contention__r3,full,resource_contention,3,731998462,llm_latency_s,14.383819499998935
full__resource_contention__r4,full,resource_contention,4,3478738062,mttr_s,391.182459
full__resource_contention__r4,full,resource_contention,4,3478738062,cost_units,69.75000539545597
full__resource_contention__r4,full,resource_contention,4,3478738062,manual_interventions,11.0
full__resource_contention__r4,full,resource_contention,4,3478738062,llm_tokens,428628.0
full__resource_contention__r4,full,resource_contention,4,3478738062,freshness_s,0.0
full__resource_contention__r4,full,resource_contention,4,3478738062,decision_correct,0.0
full__resource_contention__r4,full,resource_contention,4,3478738062,wall_clock_s,611.7132750000019
full__resource_contention__r4,full,resource_contention,4,3478738062,api_tokens,5924.0
full__resource_contention__r4,full,resource_contention,4,3478738062,llm_calls,4.0
full__resource_contention__r4,full,resource_contention,4,3478738062,llm_cache_hits,364.0
full__resource_contention__r4,full,resource_contention,4,3478738062,llm_degraded,0.0
full__resource_contention__r4,full,resource_contention,4,3478738062,llm_invalid,0.0
full__resource_contention__r4,full,resource_contention,4,3478738062,llm_latency_s,15.95290589599972
full__resource_contention__r5,full,resource_contention,5,3777092791,mttr_s,336.846986
full__resource_contention__r5,full,resource_contention,5,3777092791,cost_units,69.75000539545597
full__resource_contention__r5,full,resource_contention,5,3777092791,manual_interventions,11.0
full__resource_contention__r5,full,resource_contention,5,3777092791,llm_tokens,322272.0
full__resource_contention__r5,full,resource_contention,5,3777092791,freshness_s,0.0
full__resource_contention__r5,full,resource_contention,5,3777092791,decision_correct,0.0
full__resource_contention__r5,full,resource_contention,5,3777092791,wall_clock_s,611.5895125419993
full__resource_contention__r5,full,resource_contention,5,3777092791,api_tokens,5836.0
full__resource_contention__r5,full,resource_contention,5,3777092791,llm_calls,4.0
full__resource_contention__r5,full,resource_contention,5,3777092791,llm_cache_hits,284.0
full__resource_contention__r5,full,resource_contention,5,3777092791,llm_degraded,0.0
full__resource_contention__r5,full,resource_contention,5,3777092791,llm_invalid,0.0
full__resource_contention__r5,full,resource_contention,5,3777092791,llm_latency_s,12.480434541499562
full__resource_contention__r6,full,resource_contention,6,3438048664,mttr_s,304.16737
full__resource_contention__r6,full,resource_contention,6,3438048664,cost_units,69.75000539545597
full__resource_contention__r6,full,resource_contention,6,3438048664,manual_interventions,6.0
full__resource_contention__r6,full,resource_contention,6,3438048664,llm_tokens,229080.0
full__resource_contention__r6,full,resource_contention,6,3438048664,freshness_s,0.0
full__resource_contention__r6,full,resource_contention,6,3438048664,decision_correct,0.0
full__resource_contention__r6,full,resource_contention,6,3438048664,wall_clock_s,611.2114195000031
full__resource_contention__r6,full,resource_contention,6,3438048664,api_tokens,5512.0
full__resource_contention__r6,full,resource_contention,6,3438048664,llm_calls,4.0
full__resource_contention__r6,full,resource_contention,6,3438048664,llm_cache_hits,328.0
full__resource_contention__r6,full,resource_contention,6,3438048664,llm_degraded,0.0
full__resource_contention__r6,full,resource_contention,6,3438048664,llm_invalid,0.0
full__resource_contention__r6,full,resource_contention,6,3438048664,llm_latency_s,32.017974646001676
full__resource_contention__r7,full,resource_contention,7,2637249239,mttr_s,361.270201
full__resource_contention__r7,full,resource_contention,7,2637249239,cost_units,69.75000539545597
full__resource_contention__r7,full,resource_contention,7,2637249239,manual_interventions,6.0
full__resource_contention__r7,full,resource_contention,7,2637249239,llm_tokens,146547.0
full__resource_contention__r7,full,resource_contention,7,2637249239,freshness_s,0.0
full__resource_contention__r7,full,resource_contention,7,2637249239,decision_correct,0.0
full__resource_contention__r7,full,resource_contention,7,2637249239,wall_clock_s,611.7173023340001
full__resource_contention__r7,full,resource_contention,7,2637249239,api_tokens,5321.0
full__resource_contention__r7,full,resource_contention,7,2637249239,llm_calls,4.0
full__resource_contention__r7,full,resource_contention,7,2637249239,llm_cache_hits,224.0
full__resource_contention__r7,full,resource_contention,7,2637249239,llm_degraded,0.0
full__resource_contention__r7,full,resource_contention,7,2637249239,llm_invalid,0.0
full__resource_contention__r7,full,resource_contention,7,2637249239,llm_latency_s,42.615499791998445
full__resource_contention__r8,full,resource_contention,8,824580922,mttr_s,416.59647800000005
full__resource_contention__r8,full,resource_contention,8,824580922,cost_units,69.75000539545597
full__resource_contention__r8,full,resource_contention,8,824580922,manual_interventions,12.0
full__resource_contention__r8,full,resource_contention,8,824580922,llm_tokens,280840.0
full__resource_contention__r8,full,resource_contention,8,824580922,freshness_s,0.0
full__resource_contention__r8,full,resource_contention,8,824580922,decision_correct,0.0
full__resource_contention__r8,full,resource_contention,8,824580922,wall_clock_s,611.5902783750062
full__resource_contention__r8,full,resource_contention,8,824580922,api_tokens,6228.0
full__resource_contention__r8,full,resource_contention,8,824580922,llm_calls,4.0
full__resource_contention__r8,full,resource_contention,8,824580922,llm_cache_hits,231.0
full__resource_contention__r8,full,resource_contention,8,824580922,llm_degraded,1.0
full__resource_contention__r8,full,resource_contention,8,824580922,llm_invalid,0.0
full__resource_contention__r8,full,resource_contention,8,824580922,llm_latency_s,30.008270582999103
full__resource_contention__r9,full,resource_contention,9,203280887,mttr_s,318.965358
full__resource_contention__r9,full,resource_contention,9,203280887,cost_units,70.00000544995552
full__resource_contention__r9,full,resource_contention,9,203280887,manual_interventions,11.0
full__resource_contention__r9,full,resource_contention,9,203280887,llm_tokens,272916.0
full__resource_contention__r9,full,resource_contention,9,203280887,freshness_s,0.0
full__resource_contention__r9,full,resource_contention,9,203280887,decision_correct,0.0
full__resource_contention__r9,full,resource_contention,9,203280887,wall_clock_s,612.8247219160039
full__resource_contention__r9,full,resource_contention,9,203280887,api_tokens,5654.0
full__resource_contention__r9,full,resource_contention,9,203280887,llm_calls,4.0
full__resource_contention__r9,full,resource_contention,9,203280887,llm_cache_hits,248.0
full__resource_contention__r9,full,resource_contention,9,203280887,llm_degraded,0.0
full__resource_contention__r9,full,resource_contention,9,203280887,llm_invalid,0.0
full__resource_contention__r9,full,resource_contention,9,203280887,llm_latency_s,27.807827770997392
full__resource_contention__r10,full,resource_contention,10,2969733921,mttr_s,179.749662
full__resource_contention__r10,full,resource_contention,10,2969733921,cost_units,69.75000539545597
full__resource_contention__r10,full,resource_contention,10,2969733921,manual_interventions,6.0
full__resource_contention__r10,full,resource_contention,10,2969733921,llm_tokens,173798.0
full__resource_contention__r10,full,resource_contention,10,2969733921,freshness_s,0.0
full__resource_contention__r10,full,resource_contention,10,2969733921,decision_correct,0.0
full__resource_contention__r10,full,resource_contention,10,2969733921,wall_clock_s,611.3018207500063
full__resource_contention__r10,full,resource_contention,10,2969733921,api_tokens,5649.0
full__resource_contention__r10,full,resource_contention,10,2969733921,llm_calls,4.0
full__resource_contention__r10,full,resource_contention,10,2969733921,llm_cache_hits,264.0
full__resource_contention__r10,full,resource_contention,10,2969733921,llm_degraded,0.0
full__resource_contention__r10,full,resource_contention,10,2969733921,llm_invalid,0.0
full__resource_contention__r10,full,resource_contention,10,2969733921,llm_latency_s,23.60640599999897
full__resource_contention__r11,full,resource_contention,11,1495649759,mttr_s,230.860687
full__resource_contention__r11,full,resource_contention,11,1495649759,cost_units,69.75000539545597
full__resource_contention__r11,full,resource_contention,11,1495649759,manual_interventions,11.0
full__resource_contention__r11,full,resource_contention,11,1495649759,llm_tokens,465148.0
full__resource_contention__r11,full,resource_contention,11,1495649759,freshness_s,0.0
full__resource_contention__r11,full,resource_contention,11,1495649759,decision_correct,0.0
full__resource_contention__r11,full,resource_contention,11,1495649759,wall_clock_s,612.4893370409991
full__resource_contention__r11,full,resource_contention,11,1495649759,api_tokens,5775.0
full__resource_contention__r11,full,resource_contention,11,1495649759,llm_calls,4.0
full__resource_contention__r11,full,resource_contention,11,1495649759,llm_cache_hits,408.0
full__resource_contention__r11,full,resource_contention,11,1495649759,llm_degraded,0.0
full__resource_contention__r11,full,resource_contention,11,1495649759,llm_invalid,0.0
full__resource_contention__r11,full,resource_contention,11,1495649759,llm_latency_s,17.27392491700084
full__resource_contention__r12,full,resource_contention,12,2739995432,mttr_s,349.498018
full__resource_contention__r12,full,resource_contention,12,2739995432,cost_units,69.75000539545597
full__resource_contention__r12,full,resource_contention,12,2739995432,manual_interventions,11.0
full__resource_contention__r12,full,resource_contention,12,2739995432,llm_tokens,268200.0
full__resource_contention__r12,full,resource_contention,12,2739995432,freshness_s,0.0
full__resource_contention__r12,full,resource_contention,12,2739995432,decision_correct,0.0
full__resource_contention__r12,full,resource_contention,12,2739995432,wall_clock_s,612.5888257090046
full__resource_contention__r12,full,resource_contention,12,2739995432,api_tokens,5445.0
full__resource_contention__r12,full,resource_contention,12,2739995432,llm_calls,4.0
full__resource_contention__r12,full,resource_contention,12,2739995432,llm_cache_hits,254.0
full__resource_contention__r12,full,resource_contention,12,2739995432,llm_degraded,2.0
full__resource_contention__r12,full,resource_contention,12,2739995432,llm_invalid,0.0
full__resource_contention__r12,full,resource_contention,12,2739995432,llm_latency_s,17.870564229000593
full__resource_contention__r13,full,resource_contention,13,2078059525,mttr_s,251.206302
full__resource_contention__r13,full,resource_contention,13,2078059525,cost_units,69.75000539545597
full__resource_contention__r13,full,resource_contention,13,2078059525,manual_interventions,6.0
full__resource_contention__r13,full,resource_contention,13,2078059525,llm_tokens,221810.0
full__resource_contention__r13,full,resource_contention,13,2078059525,freshness_s,0.0
full__resource_contention__r13,full,resource_contention,13,2078059525,decision_correct,0.0
full__resource_contention__r13,full,resource_contention,13,2078059525,wall_clock_s,611.535838374999
full__resource_contention__r13,full,resource_contention,13,2078059525,api_tokens,5575.0
full__resource_contention__r13,full,resource_contention,13,2078059525,llm_calls,4.0
full__resource_contention__r13,full,resource_contention,13,2078059525,llm_cache_hits,324.0
full__resource_contention__r13,full,resource_contention,13,2078059525,llm_degraded,0.0
full__resource_contention__r13,full,resource_contention,13,2078059525,llm_invalid,0.0
full__resource_contention__r13,full,resource_contention,13,2078059525,llm_latency_s,35.00334572900101
full__resource_contention__r14,full,resource_contention,14,2972152888,mttr_s,340.798956
full__resource_contention__r14,full,resource_contention,14,2972152888,cost_units,69.75000539545597
full__resource_contention__r14,full,resource_contention,14,2972152888,manual_interventions,11.0
full__resource_contention__r14,full,resource_contention,14,2972152888,llm_tokens,418784.0
full__resource_contention__r14,full,resource_contention,14,2972152888,freshness_s,0.0
full__resource_contention__r14,full,resource_contention,14,2972152888,decision_correct,0.0
full__resource_contention__r14,full,resource_contention,14,2972152888,wall_clock_s,611.2095342499961
full__resource_contention__r14,full,resource_contention,14,2972152888,api_tokens,5882.0
full__resource_contention__r14,full,resource_contention,14,2972152888,llm_calls,4.0
full__resource_contention__r14,full,resource_contention,14,2972152888,llm_cache_hits,364.0
full__resource_contention__r14,full,resource_contention,14,2972152888,llm_degraded,0.0
full__resource_contention__r14,full,resource_contention,14,2972152888,llm_invalid,0.0
full__resource_contention__r14,full,resource_contention,14,2972152888,llm_latency_s,24.521984416500345
full__resource_contention__r15,full,resource_contention,15,3697269824,mttr_s,89.28157
full__resource_contention__r15,full,resource_contention,15,3697269824,cost_units,69.75000539545597
full__resource_contention__r15,full,resource_contention,15,3697269824,manual_interventions,11.0
full__resource_contention__r15,full,resource_contention,15,3697269824,llm_tokens,248610.0
full__resource_contention__r15,full,resource_contention,15,3697269824,freshness_s,0.0
full__resource_contention__r15,full,resource_contention,15,3697269824,decision_correct,0.0
full__resource_contention__r15,full,resource_contention,15,3697269824,wall_clock_s,610.9269374169962
full__resource_contention__r15,full,resource_contention,15,3697269824,api_tokens,6176.0
full__resource_contention__r15,full,resource_contention,15,3697269824,llm_calls,4.0
full__resource_contention__r15,full,resource_contention,15,3697269824,llm_cache_hits,203.0
full__resource_contention__r15,full,resource_contention,15,3697269824,llm_degraded,1.0
full__resource_contention__r15,full,resource_contention,15,3697269824,llm_invalid,0.0
full__resource_contention__r15,full,resource_contention,15,3697269824,llm_latency_s,52.08366212499823
full__resource_contention__r16,full,resource_contention,16,1747398091,mttr_s,243.274269
full__resource_contention__r16,full,resource_contention,16,1747398091,cost_units,69.75000539545597
full__resource_contention__r16,full,resource_contention,16,1747398091,manual_interventions,6.0
full__resource_contention__r16,full,resource_contention,16,1747398091,llm_tokens,219120.0
full__resource_contention__r16,full,resource_contention,16,1747398091,freshness_s,0.0
full__resource_contention__r16,full,resource_contention,16,1747398091,decision_correct,0.0
full__resource_contention__r16,full,resource_contention,16,1747398091,wall_clock_s,610.237266959004
full__resource_contention__r16,full,resource_contention,16,1747398091,api_tokens,5587.0
full__resource_contention__r16,full,resource_contention,16,1747398091,llm_calls,4.0
full__resource_contention__r16,full,resource_contention,16,1747398091,llm_cache_hits,316.0
full__resource_contention__r16,full,resource_contention,16,1747398091,llm_degraded,0.0
full__resource_contention__r16,full,resource_contention,16,1747398091,llm_invalid,0.0
full__resource_contention__r16,full,resource_contention,16,1747398091,llm_latency_s,14.956302291997417
full__resource_contention__r17,full,resource_contention,17,849348397,mttr_s,235.834621
full__resource_contention__r17,full,resource_contention,17,849348397,cost_units,69.75000539545597
full__resource_contention__r17,full,resource_contention,17,849348397,manual_interventions,11.0
full__resource_contention__r17,full,resource_contention,17,849348397,llm_tokens,441522.0
full__resource_contention__r17,full,resource_contention,17,849348397,freshness_s,0.0
full__resource_contention__r17,full,resource_contention,17,849348397,decision_correct,0.0
full__resource_contention__r17,full,resource_contention,17,849348397,wall_clock_s,610.2934474579961
full__resource_contention__r17,full,resource_contention,17,849348397,api_tokens,6058.0
full__resource_contention__r17,full,resource_contention,17,849348397,llm_calls,4.0
full__resource_contention__r17,full,resource_contention,17,849348397,llm_cache_hits,367.0
full__resource_contention__r17,full,resource_contention,17,849348397,llm_degraded,1.0
full__resource_contention__r17,full,resource_contention,17,849348397,llm_invalid,0.0
full__resource_contention__r17,full,resource_contention,17,849348397,llm_latency_s,15.196555021000677
full__resource_contention__r18,full,resource_contention,18,1258215653,mttr_s,330.449312
full__resource_contention__r18,full,resource_contention,18,1258215653,cost_units,69.75000539545597
full__resource_contention__r18,full,resource_contention,18,1258215653,manual_interventions,6.0
full__resource_contention__r18,full,resource_contention,18,1258215653,llm_tokens,238560.0
full__resource_contention__r18,full,resource_contention,18,1258215653,freshness_s,0.0
full__resource_contention__r18,full,resource_contention,18,1258215653,decision_correct,0.0
full__resource_contention__r18,full,resource_contention,18,1258215653,wall_clock_s,611.4628110420017
full__resource_contention__r18,full,resource_contention,18,1258215653,api_tokens,5826.0
full__resource_contention__r18,full,resource_contention,18,1258215653,llm_calls,4.0
full__resource_contention__r18,full,resource_contention,18,1258215653,llm_cache_hits,332.0
full__resource_contention__r18,full,resource_contention,18,1258215653,llm_degraded,0.0
full__resource_contention__r18,full,resource_contention,18,1258215653,llm_invalid,0.0
full__resource_contention__r18,full,resource_contention,18,1258215653,llm_latency_s,32.69127595849568
full__resource_contention__r19,full,resource_contention,19,3695208193,mttr_s,160.898295
full__resource_contention__r19,full,resource_contention,19,3695208193,cost_units,69.75000539545597
full__resource_contention__r19,full,resource_contention,19,3695208193,manual_interventions,11.0
full__resource_contention__r19,full,resource_contention,19,3695208193,llm_tokens,490568.0
full__resource_contention__r19,full,resource_contention,19,3695208193,freshness_s,0.0
full__resource_contention__r19,full,resource_contention,19,3695208193,decision_correct,0.0
full__resource_contention__r19,full,resource_contention,19,3695208193,wall_clock_s,612.4637657089988
full__resource_contention__r19,full,resource_contention,19,3695208193,api_tokens,5890.0
full__resource_contention__r19,full,resource_contention,19,3695208193,llm_calls,4.0
full__resource_contention__r19,full,resource_contention,19,3695208193,llm_cache_hits,420.0
full__resource_contention__r19,full,resource_contention,19,3695208193,llm_degraded,0.0
full__resource_contention__r19,full,resource_contention,19,3695208193,llm_invalid,0.0
full__resource_contention__r19,full,resource_contention,19,3695208193,llm_latency_s,9.063159520501358
full__ingress_burst__r0,full,ingress_burst,0,2841142916,mttr_s,168.94354
full__ingress_burst__r0,full,ingress_burst,0,2841142916,cost_units,61.52254063347199
full__ingress_burst__r0,full,ingress_burst,0,2841142916,manual_interventions,1.0
full__ingress_burst__r0,full,ingress_burst,0,2841142916,llm_tokens,4012.0
full__ingress_burst__r0,full,ingress_burst,0,2841142916,freshness_s,174.918592
full__ingress_burst__r0,full,ingress_burst,0,2841142916,decision_correct,1.0
full__ingress_burst__r0,full,ingress_burst,0,2841142916,wall_clock_s,432.37229525000294
full__ingress_burst__r0,full,ingress_burst,0,2841142916,api_tokens,6422.0
full__ingress_burst__r0,full,ingress_burst,0,2841142916,llm_calls,5.0
full__ingress_burst__r0,full,ingress_burst,0,2841142916,llm_cache_hits,60.0
full__ingress_burst__r0,full,ingress_burst,0,2841142916,llm_degraded,0.0
full__ingress_burst__r0,full,ingress_burst,0,2841142916,llm_invalid,0.0
full__ingress_burst__r0,full,ingress_burst,0,2841142916,llm_latency_s,13.224631375000172
full__ingress_burst__r1,full,ingress_burst,1,2812573825,mttr_s,49.064355
full__ingress_burst__r1,full,ingress_burst,1,2812573825,cost_units,108.75580143347209
full__ingress_burst__r1,full,ingress_burst,1,2812573825,manual_interventions,1.0
full__ingress_burst__r1,full,ingress_burst,1,2812573825,llm_tokens,4189.0
full__ingress_burst__r1,full,ingress_burst,1,2812573825,freshness_s,55.134174
full__ingress_burst__r1,full,ingress_burst,1,2812573825,decision_correct,1.0
full__ingress_burst__r1,full,ingress_burst,1,2812573825,wall_clock_s,430.2171922080015
full__ingress_burst__r1,full,ingress_burst,1,2812573825,api_tokens,6527.0
full__ingress_burst__r1,full,ingress_burst,1,2812573825,llm_calls,5.0
full__ingress_burst__r1,full,ingress_burst,1,2812573825,llm_cache_hits,118.0
full__ingress_burst__r1,full,ingress_burst,1,2812573825,llm_degraded,0.0
full__ingress_burst__r1,full,ingress_burst,1,2812573825,llm_invalid,0.0
full__ingress_burst__r1,full,ingress_burst,1,2812573825,llm_latency_s,5.818724749995454
full__ingress_burst__r2,full,ingress_burst,2,3360436437,mttr_s,127.101072
full__ingress_burst__r2,full,ingress_burst,2,3360436437,cost_units,140.00961713347198
full__ingress_burst__r2,full,ingress_burst,2,3360436437,manual_interventions,1.0
full__ingress_burst__r2,full,ingress_burst,2,3360436437,llm_tokens,4374.0
full__ingress_burst__r2,full,ingress_burst,2,3360436437,freshness_s,131.830423
full__ingress_burst__r2,full,ingress_burst,2,3360436437,decision_correct,1.0
full__ingress_burst__r2,full,ingress_burst,2,3360436437,wall_clock_s,432.57095358299557
full__ingress_burst__r2,full,ingress_burst,2,3360436437,api_tokens,6858.0
full__ingress_burst__r2,full,ingress_burst,2,3360436437,llm_calls,5.0
full__ingress_burst__r2,full,ingress_burst,2,3360436437,llm_cache_hits,80.0
full__ingress_burst__r2,full,ingress_burst,2,3360436437,llm_degraded,0.0
full__ingress_burst__r2,full,ingress_burst,2,3360436437,llm_invalid,0.0
full__ingress_burst__r2,full,ingress_burst,2,3360436437,llm_latency_s,13.836168333000387
full__ingress_burst__r3,full,ingress_burst,3,355053593,mttr_s,241.364953
full__ingress_burst__r3,full,ingress_burst,3,355053593,cost_units,169.70870993347194
full__ingress_burst__r3,full,ingress_burst,3,355053593,manual_interventions,6.0
full__ingress_burst__r3,full,ingress_burst,3,355053593,llm_tokens,245409.0
full__ingress_burst__r3,full,ingress_burst,3,355053593,freshness_s,107.205939
full__ingress_burst__r3,full,ingress_burst,3,355053593,decision_correct,1.0
full__ingress_burst__r3,full,ingress_burst,3,355053593,wall_clock_s,432.5130109160018
full__ingress_burst__r3,full,ingress_burst,3,355053593,api_tokens,12302.0
full__ingress_burst__r3,full,ingress_burst,3,355053593,llm_calls,8.0
full__ingress_burst__r3,full,ingress_burst,3,355053593,llm_cache_hits,203.0
full__ingress_burst__r3,full,ingress_burst,3,355053593,llm_degraded,1.0
full__ingress_burst__r3,full,ingress_burst,3,355053593,llm_invalid,0.0
full__ingress_burst__r3,full,ingress_burst,3,355053593,llm_latency_s,22.698392937498284
full__ingress_burst__r4,full,ingress_burst,4,3769802525,mttr_s,689.968927
full__ingress_burst__r4,full,ingress_burst,4,3769802525,cost_units,272.59522690886695
full__ingress_burst__r4,full,ingress_burst,4,3769802525,manual_interventions,1.0
full__ingress_burst__r4,full,ingress_burst,4,3769802525,llm_tokens,4003.0
full__ingress_burst__r4,full,ingress_burst,4,3769802525,freshness_s,697.841559
full__ingress_burst__r4,full,ingress_burst,4,3769802525,decision_correct,1.0
full__ingress_burst__r4,full,ingress_burst,4,3769802525,wall_clock_s,432.47193737499765
full__ingress_burst__r4,full,ingress_burst,4,3769802525,api_tokens,5448.0
full__ingress_burst__r4,full,ingress_burst,4,3769802525,llm_calls,4.0
full__ingress_burst__r4,full,ingress_burst,4,3769802525,llm_cache_hits,63.0
full__ingress_burst__r4,full,ingress_burst,4,3769802525,llm_degraded,1.0
full__ingress_burst__r4,full,ingress_burst,4,3769802525,llm_invalid,0.0
full__ingress_burst__r4,full,ingress_burst,4,3769802525,llm_latency_s,6.5858129165026185
full__ingress_burst__r5,full,ingress_burst,5,3639376049,mttr_s,95.56092
full__ingress_burst__r5,full,ingress_burst,5,3639376049,cost_units,141.9758400879715
full__ingress_burst__r5,full,ingress_burst,5,3639376049,manual_interventions,1.0
full__ingress_burst__r5,full,ingress_burst,5,3639376049,llm_tokens,4342.0
full__ingress_burst__r5,full,ingress_burst,5,3639376049,freshness_s,104.968856
full__ingress_burst__r5,full,ingress_burst,5,3639376049,decision_correct,1.0
full__ingress_burst__r5,full,ingress_burst,5,3639376049,wall_clock_s,433.0913647080015
full__ingress_burst__r5,full,ingress_burst,5,3639376049,api_tokens,6678.0
full__ingress_burst__r5,full,ingress_burst,5,3639376049,llm_calls,5.0
full__ingress_burst__r5,full,ingress_burst,5,3639376049,llm_cache_hits,93.0
full__ingress_burst__r5,full,ingress_burst,5,3639376049,llm_degraded,0.0
full__ingress_burst__r5,full,ingress_burst,5,3639376049,llm_invalid,0.0
full__ingress_burst__r5,full,ingress_burst,5,3639376049,llm_latency_s,6.775596874998882
full__ingress_burst__r6,full,ingress_burst,6,3625886933,mttr_s,35.133605
full__ingress_burst__r6,full,ingress_burst,6,3625886933,cost_units,171.60785653347193
full__ingress_burst__r6,full,ingress_burst,6,3625886933,manual_interventions,1.0
full__ingress_burst__r6,full,ingress_burst,6,3625886933,llm_tokens,4404.0
full__ingress_burst__r6,full,ingress_burst,6,3625886933,freshness_s,38.516161
full__ingress_burst__r6,full,ingress_burst,6,3625886933,decision_correct,1.0
full__ingress_burst__r6,full,ingress_burst,6,3625886933,wall_clock_s,432.19334720800543
full__ingress_burst__r6,full,ingress_burst,6,3625886933,api_tokens,6896.0
full__ingress_burst__r6,full,ingress_burst,6,3625886933,llm_calls,5.0
full__ingress_burst__r6,full,ingress_burst,6,3625886933,llm_cache_hits,125.0
full__ingress_burst__r6,full,ingress_burst,6,3625886933,llm_degraded,0.0
full__ingress_burst__r6,full,ingress_burst,6,3625886933,llm_invalid,0.0
full__ingress_burst__r6,full,ingress_burst,6,3625886933,llm_latency_s,5.46425504200306
full__ingress_burst__r7,full,ingress_burst,7,4217511450,mttr_s,198.364557
full__ingress_burst__r7,full,ingress_burst,7,4217511450,cost_units,204.06592818347204
full__ingress_burst__r7,full,ingress_burst,7,4217511450,manual_interventions,1.0
full__ingress_burst__r7,full,ingress_burst,7,4217511450,llm_tokens,4148.0
full__ingress_burst__r7,full,ingress_burst,7,4217511450,freshness_s,205.878236
full__ingress_burst__r7,full,ingress_burst,7,4217511450,decision_correct,1.0
full__ingress_burst__r7,full,ingress_burst,7,4217511450,wall_clock_s,431.1130004170045
full__ingress_burst__r7,full,ingress_burst,7,4217511450,api_tokens,6487.0
full__ingress_burst__r7,full,ingress_burst,7,4217511450,llm_calls,5.0
full__ingress_burst__r7,full,ingress_burst,7,4217511450,llm_cache_hits,44.0
full__ingress_burst__r7,full,ingress_burst,7,4217511450,llm_degraded,0.0
full__ingress_burst__r7,full,ingress_burst,7,4217511450,llm_invalid,0.0
full__ingress_burst__r7,full,ingress_burst,7,4217511450,llm_latency_s,22.484793000003265
full__ingress_burst__r8,full,ingress_burst,8,4124577865,mttr_s,1491.444637
full__ingress_burst__r8,full,ingress_burst,8,4124577865,cost_units,1276.931196875856
full__ingress_burst__r8,full,ingress_burst,8,4124577865,manual_interventions,1.0
full__ingress_burst__r8,full,ingress_burst,8,4124577865,llm_tokens,4461.0
full__ingress_burst__r8,full,ingress_burst,8,4124577865,freshness_s,1494.356201
full__ingress_burst__r8,full,ingress_burst,8,4124577865,decision_correct,1.0
full__ingress_burst__r8,full,ingress_burst,8,4124577865,wall_clock_s,431.7244267500064
full__ingress_burst__r8,full,ingress_burst,8,4124577865,api_tokens,6917.0
full__ingress_burst__r8,full,ingress_burst,8,4124577865,llm_calls,5.0
full__ingress_burst__r8,full,ingress_burst,8,4124577865,llm_cache_hits,61.0
full__ingress_burst__r8,full,ingress_burst,8,4124577865,llm_degraded,0.0
full__ingress_burst__r8,full,ingress_burst,8,4124577865,llm_invalid,0.0
full__ingress_burst__r8,full,ingress_burst,8,4124577865,llm_latency_s,10.54311400000006
full__ingress_burst__r9,full,ingress_burst,9,4154675606,mttr_s,124.952054
full__ingress_burst__r9,full,ingress_burst,9,4154675606,cost_units,361.41261043347197
full__ingress_burst__r9,full,ingress_burst,9,4154675606,manual_interventions,1.0
full__ingress_burst__r9,full,ingress_burst,9,4154675606,llm_tokens,4520.0
full__ingress_burst__r9,full,ingress_burst,9,4154675606,freshness_s,139.658143
full__ingress_burst__r9,full,ingress_burst,9,4154675606,decision_correct,1.0
full__ingress_burst__r9,full,ingress_burst,9,4154675606,wall_clock_s,432.07387525000377
full__ingress_burst__r9,full,ingress_burst,9,4154675606,api_tokens,6850.0
full__ingress_burst__r9,full,ingress_burst,9,4154675606,llm_calls,5.0
full__ingress_burst__r9,full,ingress_burst,9,4154675606,llm_cache_hits,77.0
full__ingress_burst__r9,full,ingress_burst,9,4154675606,llm_degraded,0.0
full__ingress_burst__r9,full,ingress_burst,9,4154675606,llm_invalid,0.0
full__ingress_burst__r9,full,ingress_burst,9,4154675606,llm_latency_s,14.515589292001096
full__ingress_burst__r10,full,ingress_burst,10,2860969284,mttr_s,275.916
full__ingress_burst__r10,full,ingress_burst,10,2860969284,cost_units,526.2500041964653
full__ingress_burst__r10,full,ingress_burst,10,2860969284,manual_interventions,1.0
full__ingress_burst__r10,full,ingress_burst,10,2860969284,llm_tokens,0.0
full__ingress_burst__r10,full,ingress_burst,10,2860969284,freshness_s,275.916
full__ingress_burst__r10,full,ingress_burst,10,2860969284,decision_correct,0.0
full__ingress_burst__r10,full,ingress_burst,10,2860969284,wall_clock_s,497.8547024159998
full__ingress_burst__r10,full,ingress_burst,10,2860969284,api_tokens,0.0
full__ingress_burst__r10,full,ingress_burst,10,2860969284,llm_calls,0.0
full__ingress_burst__r10,full,ingress_burst,10,2860969284,llm_cache_hits,0.0
full__ingress_burst__r10,full,ingress_burst,10,2860969284,llm_degraded,4.0
full__ingress_burst__r10,full,ingress_burst,10,2860969284,llm_invalid,0.0
full__ingress_burst__r10,full,ingress_burst,10,2860969284,llm_latency_s,0.0
full__ingress_burst__r11,full,ingress_burst,11,3356960113,mttr_s,408.856733
full__ingress_burst__r11,full,ingress_burst,11,3356960113,cost_units,526.2500041964653
full__ingress_burst__r11,full,ingress_burst,11,3356960113,manual_interventions,1.0
full__ingress_burst__r11,full,ingress_burst,11,3356960113,llm_tokens,0.0
full__ingress_burst__r11,full,ingress_burst,11,3356960113,freshness_s,408.856733
full__ingress_burst__r11,full,ingress_burst,11,3356960113,decision_correct,0.0
full__ingress_burst__r11,full,ingress_burst,11,3356960113,wall_clock_s,497.21153420900373
full__ingress_burst__r11,full,ingress_burst,11,3356960113,api_tokens,0.0
full__ingress_burst__r11,full,ingress_burst,11,3356960113,llm_calls,0.0
full__ingress_burst__r11,full,ingress_burst,11,3356960113,llm_cache_hits,0.0
full__ingress_burst__r11,full,ingress_burst,11,3356960113,llm_degraded,4.0
full__ingress_burst__r11,full,ingress_burst,11,3356960113,llm_invalid,0.0
full__ingress_burst__r11,full,ingress_burst,11,3356960113,llm_latency_s,0.0
full__ingress_burst__r12,full,ingress_burst,12,3991511650,mttr_s,454.34447
full__ingress_burst__r12,full,ingress_burst,12,3991511650,cost_units,526.2500041964653
full__ingress_burst__r12,full,ingress_burst,12,3991511650,manual_interventions,1.0
full__ingress_burst__r12,full,ingress_burst,12,3991511650,llm_tokens,0.0
full__ingress_burst__r12,full,ingress_burst,12,3991511650,freshness_s,454.34447
full__ingress_burst__r12,full,ingress_burst,12,3991511650,decision_correct,0.0
full__ingress_burst__r12,full,ingress_burst,12,3991511650,wall_clock_s,497.89176491700346
full__ingress_burst__r12,full,ingress_burst,12,3991511650,api_tokens,0.0
full__ingress_burst__r12,full,ingress_burst,12,3991511650,llm_calls,0.0
full__ingress_burst__r12,full,ingress_burst,12,3991511650,llm_cache_hits,0.0
full__ingress_burst__r12,full,ingress_burst,12,3991511650,llm_degraded,4.0
full__ingress_burst__r12,full,ingress_burst,12,3991511650,llm_invalid,0.0
full__ingress_burst__r12,full,ingress_burst,12,3991511650,llm_latency_s,0.0
full__ingress_burst__r13,full,ingress_burst,13,3521703153,mttr_s,462.6312285
full__ingress_burst__r13,full,ingress_burst,13,3521703153,cost_units,520.0000041419657
full__ingress_burst__r13,full,ingress_burst,13,3521703153,manual_interventions,2.0
full__ingress_burst__r13,full,ingress_burst,13,3521703153,llm_tokens,0.0
full__ingress_burst__r13,full,ingress_burst,13,3521703153,freshness_s,386.868986
full__ingress_burst__r13,full,ingress_burst,13,3521703153,decision_correct,0.0
full__ingress_burst__r13,full,ingress_burst,13,3521703153,wall_clock_s,497.74588283400226
full__ingress_burst__r13,full,ingress_burst,13,3521703153,api_tokens,0.0
full__ingress_burst__r13,full,ingress_burst,13,3521703153,llm_calls,0.0
full__ingress_burst__r13,full,ingress_burst,13,3521703153,llm_cache_hits,0.0
full__ingress_burst__r13,full,ingress_burst,13,3521703153,llm_degraded,4.0
full__ingress_burst__r13,full,ingress_burst,13,3521703153,llm_invalid,0.0
full__ingress_burst__r13,full,ingress_burst,13,3521703153,llm_latency_s,0.0
full__ingress_burst__r14,full,ingress_burst,14,3270584187,mttr_s,407.139172
full__ingress_burst__r14,full,ingress_burst,14,3270584187,cost_units,19713.750171509673
full__ingress_burst__r14,full,ingress_burst,14,3270584187,manual_interventions,1.0
full__ingress_burst__r14,full,ingress_burst,14,3270584187,llm_tokens,1188.0
full__ingress_burst__r14,full,ingress_burst,14,3270584187,freshness_s,5770.851212
full__ingress_burst__r14,full,ingress_burst,14,3270584187,decision_correct,0.0
full__ingress_burst__r14,full,ingress_burst,14,3270584187,wall_clock_s,504.27905858299346
full__ingress_burst__r14,full,ingress_burst,14,3270584187,api_tokens,2451.0
full__ingress_burst__r14,full,ingress_burst,14,3270584187,llm_calls,2.0
full__ingress_burst__r14,full,ingress_burst,14,3270584187,llm_cache_hits,0.0
full__ingress_burst__r14,full,ingress_burst,14,3270584187,llm_degraded,9.0
full__ingress_burst__r14,full,ingress_burst,14,3270584187,llm_invalid,0.0
full__ingress_burst__r14,full,ingress_burst,14,3270584187,llm_latency_s,6.593446479506383
full__ingress_burst__r15,full,ingress_burst,15,3385228634,mttr_s,0.176758
full__ingress_burst__r15,full,ingress_burst,15,3385228634,cost_units,2559.786563908842
full__ingress_burst__r15,full,ingress_burst,15,3385228634,manual_interventions,2.0
full__ingress_burst__r15,full,ingress_burst,15,3385228634,llm_tokens,7263.0
full__ingress_burst__r15,full,ingress_burst,15,3385228634,freshness_s,28.05154
full__ingress_burst__r15,full,ingress_burst,15,3385228634,decision_correct,1.0
full__ingress_burst__r15,full,ingress_burst,15,3385228634,wall_clock_s,432.4859597080067
full__ingress_burst__r15,full,ingress_burst,15,3385228634,api_tokens,6784.0
full__ingress_burst__r15,full,ingress_burst,15,3385228634,llm_calls,5.0
full__ingress_burst__r15,full,ingress_burst,15,3385228634,llm_cache_hits,133.0
full__ingress_burst__r15,full,ingress_burst,15,3385228634,llm_degraded,1.0
full__ingress_burst__r15,full,ingress_burst,15,3385228634,llm_invalid,0.0
full__ingress_burst__r15,full,ingress_burst,15,3385228634,llm_latency_s,5.492481708992273
full__ingress_burst__r16,full,ingress_burst,16,565391875,mttr_s,34.0938
full__ingress_burst__r16,full,ingress_burst,16,565391875,cost_units,529.9809524879712
full__ingress_burst__r16,full,ingress_burst,16,565391875,manual_interventions,1.0
full__ingress_burst__r16,full,ingress_burst,16,565391875,llm_tokens,4333.0
full__ingress_burst__r16,full,ingress_burst,16,565391875,freshness_s,38.328601
full__ingress_burst__r16,full,ingress_burst,16,565391875,decision_correct,1.0
full__ingress_burst__r16,full,ingress_burst,16,565391875,wall_clock_s,432.8493048329983
full__ingress_burst__r16,full,ingress_burst,16,565391875,api_tokens,6785.0
full__ingress_burst__r16,full,ingress_burst,16,565391875,llm_calls,5.0
full__ingress_burst__r16,full,ingress_burst,16,565391875,llm_cache_hits,127.0
full__ingress_burst__r16,full,ingress_burst,16,565391875,llm_degraded,0.0
full__ingress_burst__r16,full,ingress_burst,16,565391875,llm_invalid,0.0
full__ingress_burst__r16,full,ingress_burst,16,565391875,llm_latency_s,4.696255000002566
full__ingress_burst__r17,full,ingress_burst,17,451111087,mttr_s,48.006338
full__ingress_burst__r17,full,ingress_burst,17,451111087,cost_units,677.3495390334714
full__ingress_burst__r17,full,ingress_burst,17,451111087,manual_interventions,1.0
full__ingress_burst__r17,full,ingress_burst,17,451111087,llm_tokens,4064.0
full__ingress_burst__r17,full,ingress_burst,17,451111087,freshness_s,52.878772
full__ingress_burst__r17,full,ingress_burst,17,451111087,decision_correct,1.0
full__ingress_burst__r17,full,ingress_burst,17,451111087,wall_clock_s,431.72945391599205
full__ingress_burst__r17,full,ingress_burst,17,451111087,api_tokens,6578.0
full__ingress_burst__r17,full,ingress_burst,17,451111087,llm_calls,5.0
full__ingress_burst__r17,full,ingress_burst,17,451111087,llm_cache_hits,120.0
full__ingress_burst__r17,full,ingress_burst,17,451111087,llm_degraded,0.0
full__ingress_burst__r17,full,ingress_burst,17,451111087,llm_invalid,0.0
full__ingress_burst__r17,full,ingress_burst,17,451111087,llm_latency_s,12.369125625002198
full__ingress_burst__r18,full,ingress_burst,18,1706415142,mttr_s,30.550855
full__ingress_burst__r18,full,ingress_burst,18,1706415142,cost_units,804.5383078334713
full__ingress_burst__r18,full,ingress_burst,18,1706415142,manual_interventions,1.0
full__ingress_burst__r18,full,ingress_burst,18,1706415142,llm_tokens,4201.0
full__ingress_burst__r18,full,ingress_burst,18,1706415142,freshness_s,35.015293
full__ingress_burst__r18,full,ingress_burst,18,1706415142,decision_correct,1.0
full__ingress_burst__r18,full,ingress_burst,18,1706415142,wall_clock_s,431.16974183300044
full__ingress_burst__r18,full,ingress_burst,18,1706415142,api_tokens,6574.0
full__ingress_burst__r18,full,ingress_burst,18,1706415142,llm_calls,5.0
full__ingress_burst__r18,full,ingress_burst,18,1706415142,llm_cache_hits,129.0
full__ingress_burst__r18,full,ingress_burst,18,1706415142,llm_degraded,0.0
full__ingress_burst__r18,full,ingress_burst,18,1706415142,llm_invalid,0.0
full__ingress_burst__r18,full,ingress_burst,18,1706415142,llm_latency_s,5.469712000005529
full__ingress_burst__r19,full,ingress_burst,19,4068805147,mttr_s,60.82762
full__ingress_burst__r19,full,ingress_burst,19,4068805147,cost_units,3498.7393695349124
full__ingress_burst__r19,full,ingress_burst,19,4068805147,manual_interventions,1.0
full__ingress_burst__r19,full,ingress_burst,19,4068805147,llm_tokens,4480.0
full__ingress_burst__r19,full,ingress_burst,19,4068805147,freshness_s,66.378462
full__ingress_burst__r19,full,ingress_burst,19,4068805147,decision_correct,1.0
full__ingress_burst__r19,full,ingress_burst,19,4068805147,wall_clock_s,432.39010445799795
full__ingress_burst__r19,full,ingress_burst,19,4068805147,api_tokens,6878.0
full__ingress_burst__r19,full,ingress_burst,19,4068805147,llm_calls,5.0
full__ingress_burst__r19,full,ingress_burst,19,4068805147,llm_cache_hits,113.0
full__ingress_burst__r19,full,ingress_burst,19,4068805147,llm_degraded,0.0
full__ingress_burst__r19,full,ingress_burst,19,4068805147,llm_invalid,0.0
full__ingress_burst__r19,full,ingress_burst,19,4068805147,llm_latency_s,5.351808583000093
monitor_only__schema_drift__r0,monitor_only,schema_drift,0,3715970207,mttr_s,323.8632465
monitor_only__schema_drift__r0,monitor_only,schema_drift,0,3715970207,cost_units,1222.5000034334716
monitor_only__schema_drift__r0,monitor_only,schema_drift,0,3715970207,manual_interventions,2.0
monitor_only__schema_drift__r0,monitor_only,schema_drift,0,3715970207,llm_tokens,183135.0
monitor_only__schema_drift__r0,monitor_only,schema_drift,0,3715970207,freshness_s,0.0
monitor_only__schema_drift__r0,monitor_only,schema_drift,0,3715970207,decision_correct,0.0
monitor_only__schema_drift__r0,monitor_only,schema_drift,0,3715970207,wall_clock_s,430.4006835830078
monitor_only__schema_drift__r0,monitor_only,schema_drift,0,3715970207,api_tokens,1263.0
monitor_only__schema_drift__r0,monitor_only,schema_drift,0,3715970207,llm_calls,1.0
monitor_only__schema_drift__r0,monitor_only,schema_drift,0,3715970207,llm_cache_hits,144.0
monitor_only__schema_drift__r0,monitor_only,schema_drift,0,3715970207,llm_degraded,0.0
monitor_only__schema_drift__r0,monitor_only,schema_drift,0,3715970207,llm_invalid,0.0
monitor_only__schema_drift__r0,monitor_only,schema_drift,0,3715970207,llm_latency_s,2.6840679999877466
monitor_only__schema_drift__r1,monitor_only,schema_drift,1,3637362551,mttr_s,226.22789
monitor_only__schema_drift__r1,monitor_only,schema_drift,1,3637362551,cost_units,1712.5000049594619
monitor_only__schema_drift__r1,monitor_only,schema_drift,1,3637362551,manual_interventions,2.0
monitor_only__schema_drift__r1,monitor_only,schema_drift,1,3637362551,llm_tokens,181540.0
monitor_only__schema_drift__r1,monitor_only,schema_drift,1,3637362551,freshness_s,0.0
monitor_only__schema_drift__r1,monitor_only,schema_drift,1,3637362551,decision_correct,0.0
monitor_only__schema_drift__r1,monitor_only,schema_drift,1,3637362551,wall_clock_s,431.0052191670111
monitor_only__schema_drift__r1,monitor_only,schema_drift,1,3637362551,api_tokens,1252.0
monitor_only__schema_drift__r1,monitor_only,schema_drift,1,3637362551,llm_calls,1.0
monitor_only__schema_drift__r1,monitor_only,schema_drift,1,3637362551,llm_cache_hits,144.0
monitor_only__schema_drift__r1,monitor_only,schema_drift,1,3637362551,llm_degraded,0.0
monitor_only__schema_drift__r1,monitor_only,schema_drift,1,3637362551,llm_invalid,0.0
monitor_only__schema_drift__r1,monitor_only,schema_drift,1,3637362551,llm_latency_s,3.7268356249987846
monitor_only__schema_drift__r2,monitor_only,schema_drift,2,1773475458,mttr_s,135.5972675
monitor_only__schema_drift__r2,monitor_only,schema_drift,2,1773475458,cost_units,1222.5000034334716
monitor_only__schema_drift__r2,monitor_only,schema_drift,2,1773475458,manual_interventions,2.0
monitor_only__schema_drift__r2,monitor_only,schema_drift,2,1773475458,llm_tokens,191690.0
monitor_only__schema_drift__r2,monitor_only,schema_drift,2,1773475458,freshness_s,0.0
monitor_only__schema_drift__r2,monitor_only,schema_drift,2,1773475458,decision_correct,0.0
monitor_only__schema_drift__r2,monitor_only,schema_drift,2,1773475458,wall_clock_s,431.0880349169893
monitor_only__schema_drift__r2,monitor_only,schema_drift,2,1773475458,api_tokens,1322.0
monitor_only__schema_drift__r2,monitor_only,schema_drift,2,1773475458,llm_calls,1.0
monitor_only__schema_drift__r2,monitor_only,schema_drift,2,1773475458,llm_cache_hits,144.0
monitor_only__schema_drift__r2,monitor_only,schema_drift,2,1773475458,llm_degraded,0.0
monitor_only__schema_drift__r2,monitor_only,schema_drift,2,1773475458,llm_invalid,0.0
monitor_only__schema_drift__r2,monitor_only,schema_drift,2,1773475458,llm_latency_s,2.9501598339993507
monitor_only__schema_drift__r3,monitor_only,schema_drift,3,1352223559,mttr_s,394.33081400000003
monitor_only__schema_drift__r3,monitor_only,schema_drift,3,1352223559,cost_units,1222.5000034334716
monitor_only__schema_drift__r3,monitor_only,schema_drift,3,1352223559,manual_interventions,2.0
monitor_only__schema_drift__r3,monitor_only,schema_drift,3,1352223559,llm_tokens,184464.0
monitor_only__schema_drift__r3,monitor_only,schema_drift,3,1352223559,freshness_s,0.0
monitor_only__schema_drift__r3,monitor_only,schema_drift,3,1352223559,decision_correct,0.0
monitor_only__schema_drift__r3,monitor_only,schema_drift,3,1352223559,wall_clock_s,430.72396920899337
monitor_only__schema_drift__r3,monitor_only,schema_drift,3,1352223559,api_tokens,1281.0
monitor_only__schema_drift__r3,monitor_only,schema_drift,3,1352223559,llm_calls,1.0
monitor_only__schema_drift__r3,monitor_only,schema_drift,3,1352223559,llm_cache_hits,143.0
monitor_only__schema_drift__r3,monitor_only,schema_drift,3,1352223559,llm_degraded,0.0
monitor_only__schema_drift__r3,monitor_only,schema_drift,3,1352223559,llm_invalid,0.0
monitor_only__schema_drift__r3,monitor_only,schema_drift,3,1352223559,llm_latency_s,4.374498083998333
monitor_only__schema_drift__r4,monitor_only,schema_drift,4,2283884965,mttr_s,534.812499
monitor_only__schema_drift__r4,monitor_only,schema_drift,4,2283884965,cost_units,1222.5000034334716
monitor_only__schema_drift__r4,monitor_only,schema_drift,4,2283884965,manual_interventions,2.0
monitor_only__schema_drift__r4,monitor_only,schema_drift,4,2283884965,llm_tokens,184295.0
monitor_only__schema_drift__r4,monitor_only,schema_drift,4,2283884965,freshness_s,0.0
monitor_only__schema_drift__r4,monitor_only,schema_drift,4,2283884965,decision_correct,0.0
monitor_only__schema_drift__r4,monitor_only,schema_drift,4,2283884965,wall_clock_s,431.70008241699543
monitor_only__schema_drift__r4,monitor_only,schema_drift,4,2283884965,api_tokens,1271.0
monitor_only__schema_drift__r4,monitor_only,schema_drift,4,2283884965,llm_calls,1.0
monitor_only__schema_drift__r4,monitor_only,schema_drift,4,2283884965,llm_cache_hits,144.0
monitor_only__schema_drift__r4,monitor_only,schema_drift,4,2283884965,llm_degraded,0.0
monitor_only__schema_drift__r4,monitor_only,schema_drift,4,2283884965,llm_invalid,0.0
monitor_only__schema_drift__r4,monitor_only,schema_drift,4,2283884965,llm_latency_s,2.8447450829989975
monitor_only__schema_drift__r5,monitor_only,schema_drift,5,943632457,mttr_s,315.596638
monitor_only__schema_drift__r5,monitor_only,schema_drift,5,943632457,cost_units,1222.5000034334716
monitor_only__schema_drift__r5,monitor_only,schema_drift,5,943632457,manual_interventions,2.0
monitor_only__schema_drift__r5,monitor_only,schema_drift,5,943632457,llm_tokens,177216.0
monitor_only__schema_drift__r5,monitor_only,schema_drift,5,943632457,freshness_s,0.0
monitor_only__schema_drift__r5,monitor_only,schema_drift,5,943632457,decision_correct,0.0
monitor_only__schema_drift__r5,monitor_only,schema_drift,5,943632457,wall_clock_s,432.2970034159953
monitor_only__schema_drift__r5,monitor_only,schema_drift,5,943632457,api_tokens,1248.0
monitor_only__schema_drift__r5,monitor_only,schema_drift,5,943632457,llm_calls,1.0
monitor_only__schema_drift__r5,monitor_only,schema_drift,5,943632457,llm_cache_hits,141.0
monitor_only__schema_drift__r5,monitor_only,schema_drift,5,943632457,llm_degraded,1.0
monitor_only__schema_drift__r5,monitor_only,schema_drift,5,943632457,llm_invalid,0.0
monitor_only__schema_drift__r5,monitor_only,schema_drift,5,943632457,llm_latency_s,3.097091082992847
monitor_only__schema_drift__r6,monitor_only,schema_drift,6,2107552702,mttr_s,374.5027015
monitor_only__schema_drift__r6,monitor_only,schema_drift,6,2107552702,cost_units,1222.5000034334716
monitor_only__schema_drift__r6,monitor_only,schema_drift,6,2107552702,manual_interventions,2.0
monitor_only__schema_drift__r6,monitor_only,schema_drift,6,2107552702,llm_tokens,179800.0
monitor_only__schema_drift__r6,monitor_only,schema_drift,6,2107552702,freshness_s,0.0
monitor_only__schema_drift__r6,monitor_only,schema_drift,6,2107552702,decision_correct,0.0
monitor_only__schema_drift__r6,monitor_only,schema_drift,6,2107552702,wall_clock_s,431.73604095799965
monitor_only__schema_drift__r6,monitor_only,schema_drift,6,2107552702,api_tokens,1240.0
monitor_only__schema_drift__r6,monitor_only,schema_drift,6,2107552702,llm_calls,1.0
monitor_only__schema_drift__r6,monitor_only,schema_drift,6,2107552702,llm_cache_hits,144.0
monitor_only__schema_drift__r6,monitor_only,schema_drift,6,2107552702,llm_degraded,0.0
monitor_only__schema_drift__r6,monitor_only,schema_drift,6,2107552702,llm_invalid,0.0
monitor_only__schema_drift__r6,monitor_only,schema_drift,6,2107552702,llm_latency_s,3.148444541002391
monitor_only__schema_drift__r7,monitor_only,schema_drift,7,1016011766,mttr_s,285.87232700000004
monitor_only__schema_drift__r7,monitor_only,schema_drift,7,1016011766,cost_units,1222.5000034334716
monitor_only__schema_drift__r7,monitor_only,schema_drift,7,1016011766,manual_interventions,2.0
monitor_only__schema_drift__r7,monitor_only,schema_drift,7,1016011766,llm_tokens,197856.0
monitor_only__schema_drift__r7,monitor_only,schema_drift,7,1016011766,freshness_s,0.0
monitor_only__schema_drift__r7,monitor_only,schema_drift,7,1016011766,decision_correct,0.0
monitor_only__schema_drift__r7,monitor_only,schema_drift,7,1016011766,wall_clock_s,430.3484142499947
monitor_only__schema_drift__r7,monitor_only,schema_drift,7,1016011766,api_tokens,1374.0
monitor_only__schema_drift__r7,monitor_only,schema_drift,7,1016011766,llm_calls,1.0
monitor_only__schema_drift__r7,monitor_only,schema_drift,7,1016011766,llm_cache_hits,143.0
monitor_only__schema_drift__r7,monitor_only,schema_drift,7,1016011766,llm_degraded,0.0
monitor_only__schema_drift__r7,monitor_only,schema_drift,7,1016011766,llm_invalid,0.0
monitor_only__schema_drift__r7,monitor_only,schema_drift,7,1016011766,llm_latency_s,4.171231374988565
monitor_only__schema_drift__r8,monitor_only,schema_drift,8,3709581588,mttr_s,616.4615679999999
monitor_only__schema_drift__r8,monitor_only,schema_drift,8,3709581588,cost_units,1222.5000034334716
monitor_only__schema_drift__r8,monitor_only,schema_drift,8,3709581588,manual_interventions,2.0
monitor_only__schema_drift__r8,monitor_only,schema_drift,8,3709581588,llm_tokens,184032.0
monitor_only__schema_drift__r8,monitor_only,schema_drift,8,3709581588,freshness_s,0.0
monitor_only__schema_drift__r8,monitor_only,schema_drift,8,3709581588,decision_correct,0.0
monitor_only__schema_drift__r8,monitor_only,schema_drift,8,3709581588,wall_clock_s,431.9172076249961
monitor_only__schema_drift__r8,monitor_only,schema_drift,8,3709581588,api_tokens,1278.0
monitor_only__schema_drift__r8,monitor_only,schema_drift,8,3709581588,llm_calls,1.0
monitor_only__schema_drift__r8,monitor_only,schema_drift,8,3709581588,llm_cache_hits,143.0
monitor_only__schema_drift__r8,monitor_only,schema_drift,8,3709581588,llm_degraded,0.0
monitor_only__schema_drift__r8,monitor_only,schema_drift,8,3709581588,llm_invalid,0.0
monitor_only__schema_drift__r8,monitor_only,schema_drift,8,3709581588,llm_latency_s,5.207068042000174
monitor_only__schema_drift__r9,monitor_only,schema_drift,9,1443412469,mttr_s,142.9443
monitor_only__schema_drift__r9,monitor_only,schema_drift,9,1443412469,cost_units,1222.5000034334716
monitor_only__schema_drift__r9,monitor_only,schema_drift,9,1443412469,manual_interventions,2.0
monitor_only__schema_drift__r9,monitor_only,schema_drift,9,1443412469,llm_tokens,175503.0
monitor_only__schema_drift__r9,monitor_only,schema_drift,9,1443412469,freshness_s,0.0
monitor_only__schema_drift__r9,monitor_only,schema_drift,9,1443412469,decision_correct,0.0
monitor_only__schema_drift__r9,monitor_only,schema_drift,9,1443412469,wall_clock_s,431.0819036250032
monitor_only__schema_drift__r9,monitor_only,schema_drift,9,1443412469,api_tokens,2496.0
monitor_only__schema_drift__r9,monitor_only,schema_drift,9,1443412469,llm_calls,2.0
monitor_only__schema_drift__r9,monitor_only,schema_drift,9,1443412469,llm_cache_hits,141.0
monitor_only__schema_drift__r9,monitor_only,schema_drift,9,1443412469,llm_degraded,0.0
monitor_only__schema_drift__r9,monitor_only,schema_drift,9,1443412469,llm_invalid,0.0
monitor_only__schema_drift__r9,monitor_only,schema_drift,9,1443412469,llm_latency_s,3.4492453544953605
monitor_only__upstream_delay__r0,monitor_only,upstream_delay,0,1903004940,mttr_s,263.149948
monitor_only__upstream_delay__r0,monitor_only,upstream_delay,0,1903004940,cost_units,1222.5000034334716
monitor_only__upstream_delay__r0,monitor_only,upstream_delay,0,1903004940,manual_interventions,1.0
monitor_only__upstream_delay__r0,monitor_only,upstream_delay,0,1903004940,llm_tokens,167040.0
monitor_only__upstream_delay__r0,monitor_only,upstream_delay,0,1903004940,freshness_s,267.282401
monitor_only__upstream_delay__r0,monitor_only,upstream_delay,0,1903004940,decision_correct,0.0
monitor_only__upstream_delay__r0,monitor_only,upstream_delay,0,1903004940,wall_clock_s,431.79146924999077
monitor_only__upstream_delay__r0,monitor_only,upstream_delay,0,1903004940,api_tokens,1160.0
monitor_only__upstream_delay__r0,monitor_only,upstream_delay,0,1903004940,llm_calls,1.0
monitor_only__upstream_delay__r0,monitor_only,upstream_delay,0,1903004940,llm_cache_hits,143.0
monitor_only__upstream_delay__r0,monitor_only,upstream_delay,0,1903004940,llm_degraded,0.0
monitor_only__upstream_delay__r0,monitor_only,upstream_delay,0,1903004940,llm_invalid,0.0
monitor_only__upstream_delay__r0,monitor_only,upstream_delay,0,1903004940,llm_latency_s,3.8720651250041556
monitor_only__upstream_delay__r1,monitor_only,upstream_delay,1,1981521550,mttr_s,117.072504
monitor_only__upstream_delay__r1,monitor_only,upstream_delay,1,1981521550,cost_units,1222.5000034334716
monitor_only__upstream_delay__r1,monitor_only,upstream_delay,1,1981521550,manual_interventions,1.0
monitor_only__upstream_delay__r1,monitor_only,upstream_delay,1,1981521550,llm_tokens,170520.0
monitor_only__upstream_delay__r1,monitor_only,upstream_delay,1,1981521550,freshness_s,119.996383
monitor_only__upstream_delay__r1,monitor_only,upstream_delay,1,1981521550,decision_correct,0.0
monitor_only__upstream_delay__r1,monitor_only,upstream_delay,1,1981521550,wall_clock_s,430.08338270800596
monitor_only__upstream_delay__r1,monitor_only,upstream_delay,1,1981521550,api_tokens,1176.0
monitor_only__upstream_delay__r1,monitor_only,upstream_delay,1,1981521550,llm_calls,1.0
monitor_only__upstream_delay__r1,monitor_only,upstream_delay,1,1981521550,llm_cache_hits,144.0
monitor_only__upstream_delay__r1,monitor_only,upstream_delay,1,1981521550,llm_degraded,0.0
monitor_only__upstream_delay__r1,monitor_only,upstream_delay,1,1981521550,llm_invalid,0.0
monitor_only__upstream_delay__r1,monitor_only,upstream_delay,1,1981521550,llm_latency_s,2.743977457997971
monitor_only__upstream_delay__r2,monitor_only,upstream_delay,2,568902072,mttr_s,886.844752
monitor_only__upstream_delay__r2,monitor_only,upstream_delay,2,568902072,cost_units,1222.5000034334716
monitor_only__upstream_delay__r2,monitor_only,upstream_delay,2,568902072,manual_interventions,1.0
monitor_only__upstream_delay__r2,monitor_only,upstream_delay,2,568902072,llm_tokens,177926.0
monitor_only__upstream_delay__r2,monitor_only,upstream_delay,2,568902072,freshness_s,895.889136
monitor_only__upstream_delay__r2,monitor_only,upstream_delay,2,568902072,decision_correct,0.0
monitor_only__upstream_delay__r2,monitor_only,upstream_delay,2,568902072,wall_clock_s,430.4445163329947
monitor_only__upstream_delay__r2,monitor_only,upstream_delay,2,568902072,api_tokens,1253.0
monitor_only__upstream_delay__r2,monitor_only,upstream_delay,2,568902072,llm_calls,1.0
monitor_only__upstream_delay__r2,monitor_only,upstream_delay,2,568902072,llm_cache_hits,141.0
monitor_only__upstream_delay__r2,monitor_only,upstream_delay,2,568902072,llm_degraded,0.0
monitor_only__upstream_delay__r2,monitor_only,upstream_delay,2,568902072,llm_invalid,0.0
monitor_only__upstream_delay__r2,monitor_only,upstream_delay,2,568902072,llm_latency_s,8.853848875005497
monitor_only__upstream_delay__r3,monitor_only,upstream_delay,3,2728511375,mttr_s,138.286134
monitor_only__upstream_delay__r3,monitor_only,upstream_delay,3,2728511375,cost_units,1240.0000034879713
monitor_only__upstream_delay__r3,monitor_only,upstream_delay,3,2728511375,manual_interventions,1.0
monitor_only__upstream_delay__r3,monitor_only,upstream_delay,3,2728511375,llm_tokens,179220.0
monitor_only__upstream_delay__r3,monitor_only,upstream_delay,3,2728511375,freshness_s,142.964919
monitor_only__upstream_delay__r3,monitor_only,upstream_delay,3,2728511375,decision_correct,0.0
monitor_only__upstream_delay__r3,monitor_only,upstream_delay,3,2728511375,wall_clock_s,432.91234533299576
monitor_only__upstream_delay__r3,monitor_only,upstream_delay,3,2728511375,api_tokens,1236.0
monitor_only__upstream_delay__r3,monitor_only,upstream_delay,3,2728511375,llm_calls,1.0
monitor_only__upstream_delay__r3,monitor_only,upstream_delay,3,2728511375,llm_cache_hits,144.0
monitor_only__upstream_delay__r3,monitor_only,upstream_delay,3,2728511375,llm_degraded,0.0
monitor_only__upstream_delay__r3,monitor_only,upstream_delay,3,2728511375,llm_invalid,0.0
monitor_only__upstream_delay__r3,monitor_only,upstream_delay,3,2728511375,llm_latency_s,4.501467708003474
monitor_only__upstream_delay__r4,monitor_only,upstream_delay,4,2342743591,mttr_s,227.77204
monitor_only__upstream_delay__r4,monitor_only,upstream_delay,4,2342743591,cost_units,1222.5000034334716
monitor_only__upstream_delay__r4,monitor_only,upstream_delay,4,2342743591,manual_interventions,1.0
monitor_only__upstream_delay__r4,monitor_only,upstream_delay,4,2342743591,llm_tokens,167040.0
monitor_only__upstream_delay__r4,monitor_only,upstream_delay,4,2342743591,freshness_s,231.560923
monitor_only__upstream_delay__r4,monitor_only,upstream_delay,4,2342743591,decision_correct,0.0
monitor_only__upstream_delay__r4,monitor_only,upstream_delay,4,2342743591,wall_clock_s,432.5447469579958
monitor_only__upstream_delay__r4,monitor_only,upstream_delay,4,2342743591,api_tokens,1152.0
monitor_only__upstream_delay__r4,monitor_only,upstream_delay,4,2342743591,llm_calls,1.0
monitor_only__upstream_delay__r4,monitor_only,upstream_delay,4,2342743591,llm_cache_hits,144.0
monitor_only__upstream_delay__r4,monitor_only,upstream_delay,4,2342743591,llm_degraded,0.0
monitor_only__upstream_delay__r4,monitor_only,upstream_delay,4,2342743591,llm_invalid,0.0
monitor_only__upstream_delay__r4,monitor_only,upstream_delay,4,2342743591,llm_latency_s,3.6085266659938497
monitor_only__upstream_delay__r5,monitor_only,upstream_delay,5,3369733474,mttr_s,287.080045
monitor_only__upstream_delay__r5,monitor_only,upstream_delay,5,3369733474,cost_units,1222.5000034334716
monitor_only__upstream_delay__r5,monitor_only,upstream_delay,5,3369733474,manual_interventions,1.0
monitor_only__upstream_delay__r5,monitor_only,upstream_delay,5,3369733474,llm_tokens,184184.0
monitor_only__upstream_delay__r5,monitor_only,upstream_delay,5,3369733474,freshness_s,295.334928
monitor_only__upstream_delay__r5,monitor_only,upstream_delay,5,3369733474,decision_correct,0.0
monitor_only__upstream_delay__r5,monitor_only,upstream_delay,5,3369733474,wall_clock_s,431.1366553330008
monitor_only__upstream_delay__r5,monitor_only,upstream_delay,5,3369733474,api_tokens,1288.0
monitor_only__upstream_delay__r5,monitor_only,upstream_delay,5,3369733474,llm_calls,1.0
monitor_only__upstream_delay__r5,monitor_only,upstream_delay,5,3369733474,llm_cache_hits,142.0
monitor_only__upstream_delay__r5,monitor_only,upstream_delay,5,3369733474,llm_degraded,0.0
monitor_only__upstream_delay__r5,monitor_only,upstream_delay,5,3369733474,llm_invalid,0.0
monitor_only__upstream_delay__r5,monitor_only,upstream_delay,5,3369733474,llm_latency_s,8.09194241699879
monitor_only__upstream_delay__r6,monitor_only,upstream_delay,6,2955590074,mttr_s,191.712801
monitor_only__upstream_delay__r6,monitor_only,upstream_delay,6,2955590074,cost_units,1222.5000034334716
monitor_only__upstream_delay__r6,monitor_only,upstream_delay,6,2955590074,manual_interventions,1.0
monitor_only__upstream_delay__r6,monitor_only,upstream_delay,6,2955590074,llm_tokens,170640.0
monitor_only__upstream_delay__r6,monitor_only,upstream_delay,6,2955590074,freshness_s,196.652373
monitor_only__upstream_delay__r6,monitor_only,upstream_delay,6,2955590074,decision_correct,0.0
monitor_only__upstream_delay__r6,monitor_only,upstream_delay,6,2955590074,wall_clock_s,430.3434567499935
monitor_only__upstream_delay__r6,monitor_only,upstream_delay,6,2955590074,api_tokens,1185.0
monitor_only__upstream_delay__r6,monitor_only,upstream_delay,6,2955590074,llm_calls,1.0
monitor_only__upstream_delay__r6,monitor_only,upstream_delay,6,2955590074,llm_cache_hits,143.0
monitor_only__upstream_delay__r6,monitor_only,upstream_delay,6,2955590074,llm_degraded,0.0
monitor_only__upstream_delay__r6,monitor_only,upstream_delay,6,2955590074,llm_invalid,0.0
monitor_only__upstream_delay__r6,monitor_only,upstream_delay,6,2955590074,llm_latency_s,4.704817292004009
monitor_only__upstream_delay__r7,monitor_only,upstream_delay,7,870473015,mttr_s,576.836597
monitor_only__upstream_delay__r7,monitor_only,upstream_delay,7,870473015,cost_units,1222.5000034334716
monitor_only__upstream_delay__r7,monitor_only,upstream_delay,7,870473015,manual_interventions,1.0
monitor_only__upstream_delay__r7,monitor_only,upstream_delay,7,870473015,llm_tokens,178060.0
monitor_only__upstream_delay__r7,monitor_only,upstream_delay,7,870473015,freshness_s,579.923565
monitor_only__upstream_delay__r7,monitor_only,upstream_delay,7,870473015,decision_correct,0.0
monitor_only__upstream_delay__r7,monitor_only,upstream_delay,7,870473015,wall_clock_s,431.7222386249923
monitor_only__upstream_delay__r7,monitor_only,upstream_delay,7,870473015,api_tokens,1228.0
monitor_only__upstream_delay__r7,monitor_only,upstream_delay,7,870473015,llm_calls,1.0
monitor_only__upstream_delay__r7,monitor_only,upstream_delay,7,870473015,llm_cache_hits,144.0
monitor_only__upstream_delay__r7,monitor_only,upstream_delay,7,870473015,llm_degraded,0.0
monitor_only__upstream_delay__r7,monitor_only,upstream_delay,7,870473015,llm_invalid,0.0
monitor_only__upstream_delay__r7,monitor_only,upstream_delay,7,870473015,llm_latency_s,2.915490334009519
monitor_only__upstream_delay__r8,monitor_only,upstream_delay,8,1386839750,mttr_s,526.699087
monitor_only__upstream_delay__r8,monitor_only,upstream_delay,8,1386839750,cost_units,1240.0000034879713
monitor_only__upstream_delay__r8,monitor_only,upstream_delay,8,1386839750,manual_interventions,1.0
monitor_only__upstream_delay__r8,monitor_only,upstream_delay,8,1386839750,llm_tokens,174290.0
monitor_only__upstream_delay__r8,monitor_only,upstream_delay,8,1386839750,freshness_s,531.313913
monitor_only__upstream_delay__r8,monitor_only,upstream_delay,8,1386839750,decision_correct,0.0
monitor_only__upstream_delay__r8,monitor_only,upstream_delay,8,1386839750,wall_clock_s,432.633460750003
monitor_only__upstream_delay__r8,monitor_only,upstream_delay,8,1386839750,api_tokens,1202.0
monitor_only__upstream_delay__r8,monitor_only,upstream_delay,8,1386839750,llm_calls,1.0
monitor_only__upstream_delay__r8,monitor_only,upstream_delay,8,1386839750,llm_cache_hits,144.0
monitor_only__upstream_delay__r8,monitor_only,upstream_delay,8,1386839750,llm_degraded,0.0
monitor_only__upstream_delay__r8,monitor_only,upstream_delay,8,1386839750,llm_invalid,0.0
monitor_only__upstream_delay__r8,monitor_only,upstream_delay,8,1386839750,llm_latency_s,4.36966595800186
monitor_only__upstream_delay__r9,monitor_only,upstream_delay,9,2346947987,mttr_s,340.228042
monitor_only__upstream_delay__r9,monitor_only,upstream_delay,9,2346947987,cost_units,1222.5000034334716
monitor_only__upstream_delay__r9,monitor_only,upstream_delay,9,2346947987,manual_interventions,2.0
monitor_only__upstream_delay__r9,monitor_only,upstream_delay,9,2346947987,llm_tokens,189504.0
monitor_only__upstream_delay__r9,monitor_only,upstream_delay,9,2346947987,freshness_s,281.384181
monitor_only__upstream_delay__r9,monitor_only,upstream_delay,9,2346947987,decision_correct,0.0
monitor_only__upstream_delay__r9,monitor_only,upstream_delay,9,2346947987,wall_clock_s,431.0420544160006
monitor_only__upstream_delay__r9,monitor_only,upstream_delay,9,2346947987,api_tokens,1316.0
monitor_only__upstream_delay__r9,monitor_only,upstream_delay,9,2346947987,llm_calls,1.0
monitor_only__upstream_delay__r9,monitor_only,upstream_delay,9,2346947987,llm_cache_hits,143.0
monitor_only__upstream_delay__r9,monitor_only,upstream_delay,9,2346947987,llm_degraded,0.0
monitor_only__upstream_delay__r9,monitor_only,upstream_delay,9,2346947987,llm_invalid,0.0
monitor_only__upstream_delay__r9,monitor_only,upstream_delay,9,2346947987,llm_latency_s,4.361934500004281
monitor_only__resource_contention__r0,monitor_only,resource_contention,0,949930028,mttr_s,414.104563
monitor_only__resource_contention__r0,monitor_only,resource_contention,0,949930028,cost_units,1852.500005395459
monitor_only__resource_contention__r0,monitor_only,resource_contention,0,949930028,manual_interventions,1.0
monitor_only__resource_contention__r0,monitor_only,resource_contention,0,949930028,llm_tokens,190762.0
monitor_only__resource_contention__r0,monitor_only,resource_contention,0,949930028,freshness_s,0.0
monitor_only__resource_contention__r0,monitor_only,resource_contention,0,949930028,decision_correct,0.0
monitor_only__resource_contention__r0,monitor_only,resource_contention,0,949930028,wall_clock_s,612.6790642499982
monitor_only__resource_contention__r0,monitor_only,resource_contention,0,949930028,api_tokens,1334.0
monitor_only__resource_contention__r0,monitor_only,resource_contention,0,949930028,llm_calls,1.0
monitor_only__resource_contention__r0,monitor_only,resource_contention,0,949930028,llm_cache_hits,142.0
monitor_only__resource_contention__r0,monitor_only,resource_contention,0,949930028,llm_degraded,0.0
monitor_only__resource_contention__r0,monitor_only,resource_contention,0,949930028,llm_invalid,0.0
monitor_only__resource_contention__r0,monitor_only,resource_contention,0,949930028,llm_latency_s,7.798115249999682
monitor_only__resource_contention__r1,monitor_only,resource_contention,1,3037006054,mttr_s,370.468262
monitor_only__resource_contention__r1,monitor_only,resource_contention,1,3037006054,cost_units,1852.500005395459
monitor_only__resource_contention__r1,monitor_only,resource_contention,1,3037006054,manual_interventions,1.0
monitor_only__resource_contention__r1,monitor_only,resource_contention,1,3037006054,llm_tokens,167616.0
monitor_only__resource_contention__r1,monitor_only,resource_contention,1,3037006054,freshness_s,0.0
monitor_only__resource_contention__r1,monitor_only,resource_contention,1,3037006054,decision_correct,0.0
monitor_only__resource_contention__r1,monitor_only,resource_contention,1,3037006054,wall_clock_s,612.0065278330003
monitor_only__resource_contention__r1,monitor_only,resource_contention,1,3037006054,api_tokens,1164.0
monitor_only__resource_contention__r1,monitor_only,resource_contention,1,3037006054,llm_calls,1.0
monitor_only__resource_contention__r1,monitor_only,resource_contention,1,3037006054,llm_cache_hits,143.0
monitor_only__resource_contention__r1,monitor_only,resource_contention,1,3037006054,llm_degraded,0.0
monitor_only__resource_contention__r1,monitor_only,resource_contention,1,3037006054,llm_invalid,0.0
monitor_only__resource_contention__r1,monitor_only,resource_contention,1,3037006054,llm_latency_s,5.497314457999892
monitor_only__resource_contention__r2,monitor_only,resource_contention,2,4045116034,mttr_s,659.23397
monitor_only__resource_contention__r2,monitor_only,resource_contention,2,4045116034,cost_units,1852.500005395459
monitor_only__resource_contention__r2,monitor_only,resource_contention,2,4045116034,manual_interventions,1.0
monitor_only__resource_contention__r2,monitor_only,resource_contention,2,4045116034,llm_tokens,179630.0
monitor_only__resource_contention__r2,monitor_only,resource_contention,2,4045116034,freshness_s,0.0
monitor_only__resource_contention__r2,monitor_only,resource_contention,2,4045116034,decision_correct,0.0
monitor_only__resource_contention__r2,monitor_only,resource_contention,2,4045116034,wall_clock_s,612.6323535830015
monitor_only__resource_contention__r2,monitor_only,resource_contention,2,4045116034,api_tokens,1265.0
monitor_only__resource_contention__r2,monitor_only,resource_contention,2,4045116034,llm_calls,1.0
monitor_only__resource_contention__r2,monitor_only,resource_contention,2,4045116034,llm_cache_hits,141.0
monitor_only__resource_contention__r2,monitor_only,resource_contention,2,4045116034,llm_degraded,0.0
monitor_only__resource_contention__r2,monitor_only,resource_contention,2,4045116034,llm_invalid,0.0
monitor_only__resource_contention__r2,monitor_only,resource_contention,2,4045116034,llm_latency_s,9.660660833993461
monitor_only__resource_contention__r3,monitor_only,resource_contention,3,2592003470,mttr_s,471.567065
monitor_only__resource_contention__r3,monitor_only,resource_contention,3,2592003470,cost_units,1852.500005395459
monitor_only__resource_contention__r3,monitor_only,resource_contention,3,2592003470,manual_interventions,1.0
monitor_only__resource_contention__r3,monitor_only,resource_contention,3,2592003470,llm_tokens,170742.0
monitor_only__resource_contention__r3,monitor_only,resource_contention,3,2592003470,freshness_s,0.0
monitor_only__resource_contention__r3,monitor_only,resource_contention,3,2592003470,decision_correct,0.0
monitor_only__resource_contention__r3,monitor_only,resource_contention,3,2592003470,wall_clock_s,610.4014004580094
monitor_only__resource_contention__r3,monitor_only,resource_contention,3,2592003470,api_tokens,1194.0
monitor_only__resource_contention__r3,monitor_only,resource_contention,3,2592003470,llm_calls,1.0
monitor_only__resource_contention__r3,monitor_only,resource_contention,3,2592003470,llm_cache_hits,142.0
monitor_only__resource_contention__r3,monitor_only,resource_contention,3,2592003470,llm_degraded,0.0
monitor_only__resource_contention__r3,monitor_only,resource_contention,3,2592003470,llm_invalid,0.0
monitor_only__resource_contention__r3,monitor_only,resource_contention,3,2592003470,llm_latency_s,6.0707341249944875
monitor_only__resource_contention__r4,monitor_only,resource_contention,4,3575515899,mttr_s,347.880831
monitor_only__resource_contention__r4,monitor_only,resource_contention,4,3575515899,cost_units,39005.00012109769
monitor_only__resource_contention__r4,monitor_only,resource_contention,4,3575515899,manual_interventions,1.0
monitor_only__resource_contention__r4,monitor_only,resource_contention,4,3575515899,llm_tokens,194051.0
monitor_only__resource_contention__r4,monitor_only,resource_contention,4,3575515899,freshness_s,0.0
monitor_only__resource_contention__r4,monitor_only,resource_contention,4,3575515899,decision_correct,0.0
monitor_only__resource_contention__r4,monitor_only,resource_contention,4,3575515899,wall_clock_s,617.5682255419961
monitor_only__resource_contention__r4,monitor_only,resource_contention,4,3575515899,api_tokens,1357.0
monitor_only__resource_contention__r4,monitor_only,resource_contention,4,3575515899,llm_calls,1.0
monitor_only__resource_contention__r4,monitor_only,resource_contention,4,3575515899,llm_cache_hits,142.0
monitor_only__resource_contention__r4,monitor_only,resource_contention,4,3575515899,llm_degraded,0.0
monitor_only__resource_contention__r4,monitor_only,resource_contention,4,3575515899,llm_invalid,0.0
monitor_only__resource_contention__r4,monitor_only,resource_contention,4,3575515899,llm_latency_s,6.209593624997069
monitor_only__resource_contention__r5,monitor_only,resource_contention,5,3723431596,mttr_s,319.28034
monitor_only__resource_contention__r5,monitor_only,resource_contention,5,3723431596,cost_units,1852.500005395459
monitor_only__resource_contention__r5,monitor_only,resource_contention,5,3723431596,manual_interventions,1.0
monitor_only__resource_contention__r5,monitor_only,resource_contention,5,3723431596,llm_tokens,196963.0
monitor_only__resource_contention__r5,monitor_only,resource_contention,5,3723431596,freshness_s,0.0
monitor_only__resource_contention__r5,monitor_only,resource_contention,5,3723431596,decision_correct,0.0
monitor_only__resource_contention__r5,monitor_only,resource_contention,5,3723431596,wall_clock_s,611.8889152500051
monitor_only__resource_contention__r5,monitor_only,resource_contention,5,3723431596,api_tokens,1417.0
monitor_only__resource_contention__r5,monitor_only,resource_contention,5,3723431596,llm_calls,1.0
monitor_only__resource_contention__r5,monitor_only,resource_contention,5,3723431596,llm_cache_hits,138.0
monitor_only__resource_contention__r5,monitor_only,resource_contention,5,3723431596,llm_degraded,0.0
monitor_only__resource_contention__r5,monitor_only,resource_contention,5,3723431596,llm_invalid,0.0
monitor_only__resource_contention__r5,monitor_only,resource_contention,5,3723431596,llm_latency_s,15.521262082998874
monitor_only__resource_contention__r6,monitor_only,resource_contention,6,613612654,mttr_s,537.919153
monitor_only__resource_contention__r6,monitor_only,resource_contention,6,613612654,cost_units,1852.500005395459
monitor_only__resource_contention__r6,monitor_only,resource_contention,6,613612654,manual_interventions,1.0
monitor_only__resource_contention__r6,monitor_only,resource_contention,6,613612654,llm_tokens,200343.0
monitor_only__resource_contention__r6,monitor_only,resource_contention,6,613612654,freshness_s,0.0
monitor_only__resource_contention__r6,monitor_only,resource_contention,6,613612654,decision_correct,0.0
monitor_only__resource_contention__r6,monitor_only,resource_contention,6,613612654,wall_clock_s,611.8934712920018
monitor_only__resource_contention__r6,monitor_only,resource_contention,6,613612654,api_tokens,1401.0
monitor_only__resource_contention__r6,monitor_only,resource_contention,6,613612654,llm_calls,1.0
monitor_only__resource_contention__r6,monitor_only,resource_contention,6,613612654,llm_cache_hits,142.0
monitor_only__resource_contention__r6,monitor_only,resource_contention,6,613612654,llm_degraded,0.0
monitor_only__resource_contention__r6,monitor_only,resource_contention,6,613612654,llm_invalid,0.0
monitor_only__resource_contention__r6,monitor_only,resource_contention,6,613612654,llm_latency_s,6.998332666000351
monitor_only__resource_contention__r7,monitor_only,resource_contention,7,483153953,mttr_s,410.198795
monitor_only__resource_contention__r7,monitor_only,resource_contention,7,483153953,cost_units,1852.500005395459
monitor_only__resource_contention__r7,monitor_only,resource_contention,7,483153953,manual_interventions,1.0
monitor_only__resource_contention__r7,monitor_only,resource_contention,7,483153953,llm_tokens,191232.0
monitor_only__resource_contention__r7,monitor_only,resource_contention,7,483153953,freshness_s,0.0
monitor_only__resource_contention__r7,monitor_only,resource_contention,7,483153953,decision_correct,0.0
monitor_only__resource_contention__r7,monitor_only,resource_contention,7,483153953,wall_clock_s,611.0849190419976
monitor_only__resource_contention__r7,monitor_only,resource_contention,7,483153953,api_tokens,1328.0
monitor_only__resource_contention__r7,monitor_only,resource_contention,7,483153953,llm_calls,1.0
monitor_only__resource_contention__r7,monitor_only,resource_contention,7,483153953,llm_cache_hits,143.0
monitor_only__resource_contention__r7,monitor_only,resource_contention,7,483153953,llm_degraded,0.0
monitor_only__resource_contention__r7,monitor_only,resource_contention,7,483153953,llm_invalid,0.0
monitor_only__resource_contention__r7,monitor_only,resource_contention,7,483153953,llm_latency_s,4.139585375000024
monitor_only__resource_contention__r8,monitor_only,resource_contention,8,1916871309,mttr_s,432.359275
monitor_only__resource_contention__r8,monitor_only,resource_contention,8,1916871309,cost_units,1852.500005395459
monitor_only__resource_contention__r8,monitor_only,resource_contention,8,1916871309,manual_interventions,1.0
monitor_only__resource_contention__r8,monitor_only,resource_contention,8,1916871309,llm_tokens,189792.0
monitor_only__resource_contention__r8,monitor_only,resource_contention,8,1916871309,freshness_s,0.0
monitor_only__resource_contention__r8,monitor_only,resource_contention,8,1916871309,decision_correct,0.0
monitor_only__resource_contention__r8,monitor_only,resource_contention,8,1916871309,wall_clock_s,611.0177987499919
monitor_only__resource_contention__r8,monitor_only,resource_contention,8,1916871309,api_tokens,1318.0
monitor_only__resource_contention__r8,monitor_only,resource_contention,8,1916871309,llm_calls,1.0
monitor_only__resource_contention__r8,monitor_only,resource_contention,8,1916871309,llm_cache_hits,143.0
monitor_only__resource_contention__r8,monitor_only,resource_contention,8,1916871309,llm_degraded,0.0
monitor_only__resource_contention__r8,monitor_only,resource_contention,8,1916871309,llm_invalid,0.0
monitor_only__resource_contention__r8,monitor_only,resource_contention,8,1916871309,llm_latency_s,4.546338209009264
monitor_only__resource_contention__r9,monitor_only,resource_contention,9,1537406404,mttr_s,409.147147
monitor_only__resource_contention__r9,monitor_only,resource_contention,9,1537406404,cost_units,1852.500005395459
monitor_only__resource_contention__r9,monitor_only,resource_contention,9,1537406404,manual_interventions,1.0
monitor_only__resource_contention__r9,monitor_only,resource_contention,9,1537406404,llm_tokens,197054.0
monitor_only__resource_contention__r9,monitor_only,resource_contention,9,1537406404,freshness_s,0.0
monitor_only__resource_contention__r9,monitor_only,resource_contention,9,1537406404,decision_correct,0.0
monitor_only__resource_contention__r9,monitor_only,resource_contention,9,1537406404,wall_clock_s,611.893232958013
monitor_only__resource_contention__r9,monitor_only,resource_contention,9,1537406404,api_tokens,1378.0
monitor_only__resource_contention__r9,monitor_only,resource_contention,9,1537406404,llm_calls,1.0
monitor_only__resource_contention__r9,monitor_only,resource_contention,9,1537406404,llm_cache_hits,142.0
monitor_only__resource_contention__r9,monitor_only,resource_contention,9,1537406404,llm_degraded,0.0
monitor_only__resource_contention__r9,monitor_only,resource_contention,9,1537406404,llm_invalid,0.0
monitor_only__resource_contention__r9,monitor_only,resource_contention,9,1537406404,llm_latency_s,7.30992541598971
monitor_only__ingress_burst__r0,monitor_only,ingress_burst,0,327112690,mttr_s,271.898842
monitor_only__ingress_burst__r0,monitor_only,ingress_burst,0,327112690,cost_units,1240.0000034879713
monitor_only__ingress_burst__r0,monitor_only,ingress_burst,0,327112690,manual_interventions,1.0
monitor_only__ingress_burst__r0,monitor_only,ingress_burst,0,327112690,llm_tokens,173275.0
monitor_only__ingress_burst__r0,monitor_only,ingress_burst,0,327112690,freshness_s,275.108036
monitor_only__ingress_burst__r0,monitor_only,ingress_burst,0,327112690,decision_correct,0.0
monitor_only__ingress_burst__r0,monitor_only,ingress_burst,0,327112690,wall_clock_s,433.25168049999047
monitor_only__ingress_burst__r0,monitor_only,ingress_burst,0,327112690,api_tokens,1195.0
monitor_only__ingress_burst__r0,monitor_only,ingress_burst,0,327112690,llm_calls,1.0
monitor_only__ingress_burst__r0,monitor_only,ingress_burst,0,327112690,llm_cache_hits,144.0
monitor_only__ingress_burst__r0,monitor_only,ingress_burst,0,327112690,llm_degraded,0.0
monitor_only__ingress_burst__r0,monitor_only,ingress_burst,0,327112690,llm_invalid,0.0
monitor_only__ingress_burst__r0,monitor_only,ingress_burst,0,327112690,llm_latency_s,2.9290127080021193
monitor_only__ingress_burst__r1,monitor_only,ingress_burst,1,4238294132,mttr_s,268.004369
monitor_only__ingress_burst__r1,monitor_only,ingress_burst,1,4238294132,cost_units,1222.5000034334716
monitor_only__ingress_burst__r1,monitor_only,ingress_burst,1,4238294132,manual_interventions,1.0
monitor_only__ingress_burst__r1,monitor_only,ingress_burst,1,4238294132,llm_tokens,171100.0
monitor_only__ingress_burst__r1,monitor_only,ingress_burst,1,4238294132,freshness_s,270.754125
monitor_only__ingress_burst__r1,monitor_only,ingress_burst,1,4238294132,decision_correct,0.0
monitor_only__ingress_burst__r1,monitor_only,ingress_burst,1,4238294132,wall_clock_s,431.50594995799474
monitor_only__ingress_burst__r1,monitor_only,ingress_burst,1,4238294132,api_tokens,1180.0
monitor_only__ingress_burst__r1,monitor_only,ingress_burst,1,4238294132,llm_calls,1.0
monitor_only__ingress_burst__r1,monitor_only,ingress_burst,1,4238294132,llm_cache_hits,144.0
monitor_only__ingress_burst__r1,monitor_only,ingress_burst,1,4238294132,llm_degraded,0.0
monitor_only__ingress_burst__r1,monitor_only,ingress_burst,1,4238294132,llm_invalid,0.0
monitor_only__ingress_burst__r1,monitor_only,ingress_burst,1,4238294132,llm_latency_s,2.4724563749914523
monitor_only__ingress_burst__r2,monitor_only,ingress_burst,2,965643615,mttr_s,339.818693
monitor_only__ingress_burst__r2,monitor_only,ingress_burst,2,965643615,cost_units,1222.5000034334716
monitor_only__ingress_burst__r2,monitor_only,ingress_burst,2,965643615,manual_interventions,1.0
monitor_only__ingress_burst__r2,monitor_only,ingress_burst,2,965643615,llm_tokens,165010.0
monitor_only__ingress_burst__r2,monitor_only,ingress_burst,2,965643615,freshness_s,343.690717
monitor_only__ingress_burst__r2,monitor_only,ingress_burst,2,965643615,decision_correct,0.0
monitor_only__ingress_burst__r2,monitor_only,ingress_burst,2,965643615,wall_clock_s,431.23381466600404
monitor_only__ingress_burst__r2,monitor_only,ingress_burst,2,965643615,api_tokens,1138.0
monitor_only__ingress_burst__r2,monitor_only,ingress_burst,2,965643615,llm_calls,1.0
monitor_only__ingress_burst__r2,monitor_only,ingress_burst,2,965643615,llm_cache_hits,144.0
monitor_only__ingress_burst__r2,monitor_only,ingress_burst,2,965643615,llm_degraded,0.0
monitor_only__ingress_burst__r2,monitor_only,ingress_burst,2,965643615,llm_invalid,0.0
monitor_only__ingress_burst__r2,monitor_only,ingress_burst,2,965643615,llm_latency_s,3.6644160420109984
monitor_only__ingress_burst__r3,monitor_only,ingress_burst,3,2914086572,mttr_s,239.385491
monitor_only__ingress_burst__r3,monitor_only,ingress_burst,3,2914086572,cost_units,1222.5000034334716
monitor_only__ingress_burst__r3,monitor_only,ingress_burst,3,2914086572,manual_interventions,1.0
monitor_only__ingress_burst__r3,monitor_only,ingress_burst,3,2914086572,llm_tokens,169632.0
monitor_only__ingress_burst__r3,monitor_only,ingress_burst,3,2914086572,freshness_s,244.832025
monitor_only__ingress_burst__r3,monitor_only,ingress_burst,3,2914086572,decision_correct,0.0
monitor_only__ingress_burst__r3,monitor_only,ingress_burst,3,2914086572,wall_clock_s,430.7747662089969
monitor_only__ingress_burst__r3,monitor_only,ingress_burst,3,2914086572,api_tokens,1178.0
monitor_only__ingress_burst__r3,monitor_only,ingress_burst,3,2914086572,llm_calls,1.0
monitor_only__ingress_burst__r3,monitor_only,ingress_burst,3,2914086572,llm_cache_hits,143.0
monitor_only__ingress_burst__r3,monitor_only,ingress_burst,3,2914086572,llm_degraded,0.0
monitor_only__ingress_burst__r3,monitor_only,ingress_burst,3,2914086572,llm_invalid,0.0
monitor_only__ingress_burst__r3,monitor_only,ingress_burst,3,2914086572,llm_latency_s,5.205304832998081
monitor_only__ingress_burst__r4,monitor_only,ingress_burst,4,1850856765,mttr_s,411.035243
monitor_only__ingress_burst__r4,monitor_only,ingress_burst,4,1850856765,cost_units,1222.5000034334716
monitor_only__ingress_burst__r4,monitor_only,ingress_burst,4,1850856765,manual_interventions,1.0
monitor_only__ingress_burst__r4,monitor_only,ingress_burst,4,1850856765,llm_tokens,162720.0
monitor_only__ingress_burst__r4,monitor_only,ingress_burst,4,1850856765,freshness_s,416.280705
monitor_only__ingress_burst__r4,monitor_only,ingress_burst,4,1850856765,decision_correct,0.0
monitor_only__ingress_burst__r4,monitor_only,ingress_burst,4,1850856765,wall_clock_s,431.56976358400425
monitor_only__ingress_burst__r4,monitor_only,ingress_burst,4,1850856765,api_tokens,1130.0
monitor_only__ingress_burst__r4,monitor_only,ingress_burst,4,1850856765,llm_calls,1.0
monitor_only__ingress_burst__r4,monitor_only,ingress_burst,4,1850856765,llm_cache_hits,143.0
monitor_only__ingress_burst__r4,monitor_only,ingress_burst,4,1850856765,llm_degraded,0.0
monitor_only__ingress_burst__r4,monitor_only,ingress_burst,4,1850856765,llm_invalid,0.0
monitor_only__ingress_burst__r4,monitor_only,ingress_burst,4,1850856765,llm_latency_s,4.9888964999991
monitor_only__ingress_burst__r5,monitor_only,ingress_burst,5,639791447,mttr_s,770.41838
monitor_only__ingress_burst__r5,monitor_only,ingress_burst,5,639791447,cost_units,1222.5000034334716
monitor_only__ingress_burst__r5,monitor_only,ingress_burst,5,639791447,manual_interventions,1.0
monitor_only__ingress_burst__r5,monitor_only,ingress_burst,5,639791447,llm_tokens,177120.0
monitor_only__ingress_burst__r5,monitor_only,ingress_burst,5,639791447,freshness_s,775.410504
monitor_only__ingress_burst__r5,monitor_only,ingress_burst,5,639791447,decision_correct,0.0
monitor_only__ingress_burst__r5,monitor_only,ingress_burst,5,639791447,wall_clock_s,431.62966404200415
monitor_only__ingress_burst__r5,monitor_only,ingress_burst,5,639791447,api_tokens,1230.0
monitor_only__ingress_burst__r5,monitor_only,ingress_burst,5,639791447,llm_calls,1.0
monitor_only__ingress_burst__r5,monitor_only,ingress_burst,5,639791447,llm_cache_hits,143.0
monitor_only__ingress_burst__r5,monitor_only,ingress_burst,5,639791447,llm_degraded,0.0
monitor_only__ingress_burst__r5,monitor_only,ingress_burst,5,639791447,llm_invalid,0.0
monitor_only__ingress_burst__r5,monitor_only,ingress_burst,5,639791447,llm_latency_s,4.81802858300216
monitor_only__ingress_burst__r6,monitor_only,ingress_burst,6,3364390345,mttr_s,610.080432
monitor_only__ingress_burst__r6,monitor_only,ingress_burst,6,3364390345,cost_units,1222.5000034334716
monitor_only__ingress_burst__r6,monitor_only,ingress_burst,6,3364390345,manual_interventions,1.0
monitor_only__ingress_burst__r6,monitor_only,ingress_burst,6,3364390345,llm_tokens,177696.0
monitor_only__ingress_burst__r6,monitor_only,ingress_burst,6,3364390345,freshness_s,615.936211
monitor_only__ingress_burst__r6,monitor_only,ingress_burst,6,3364390345,decision_correct,0.0
monitor_only__ingress_burst__r6,monitor_only,ingress_burst,6,3364390345,wall_clock_s,432.2447435840004
monitor_only__ingress_burst__r6,monitor_only,ingress_burst,6,3364390345,api_tokens,1234.0
monitor_only__ingress_burst__r6,monitor_only,ingress_burst,6,3364390345,llm_calls,1.0
monitor_only__ingress_burst__r6,monitor_only,ingress_burst,6,3364390345,llm_cache_hits,143.0
monitor_only__ingress_burst__r6,monitor_only,ingress_burst,6,3364390345,llm_degraded,0.0
monitor_only__ingress_burst__r6,monitor_only,ingress_burst,6,3364390345,llm_invalid,0.0
monitor_only__ingress_burst__r6,monitor_only,ingress_burst,6,3364390345,llm_latency_s,5.664612042004592
monitor_only__ingress_burst__r7,monitor_only,ingress_burst,7,642871101,mttr_s,493.478435
monitor_only__ingress_burst__r7,monitor_only,ingress_burst,7,642871101,cost_units,1222.5000034334716
monitor_only__ingress_burst__r7,monitor_only,ingress_burst,7,642871101,manual_interventions,1.0
monitor_only__ingress_burst__r7,monitor_only,ingress_burst,7,642871101,llm_tokens,168925.0
monitor_only__ingress_burst__r7,monitor_only,ingress_burst,7,642871101,freshness_s,497.053392
monitor_only__ingress_burst__r7,monitor_only,ingress_burst,7,642871101,decision_correct,0.0
monitor_only__ingress_burst__r7,monitor_only,ingress_burst,7,642871101,wall_clock_s,430.8167591250094
monitor_only__ingress_burst__r7,monitor_only,ingress_burst,7,642871101,api_tokens,1165.0
monitor_only__ingress_burst__r7,monitor_only,ingress_burst,7,642871101,llm_calls,1.0
monitor_only__ingress_burst__r7,monitor_only,ingress_burst,7,642871101,llm_cache_hits,144.0
monitor_only__ingress_burst__r7,monitor_only,ingress_burst,7,642871101,llm_degraded,0.0
monitor_only__ingress_burst__r7,monitor_only,ingress_burst,7,642871101,llm_invalid,0.0
monitor_only__ingress_burst__r7,monitor_only,ingress_burst,7,642871101,llm_latency_s,3.3765957079885993
monitor_only__ingress_burst__r8,monitor_only,ingress_burst,8,4082814017,mttr_s,392.642518
monitor_only__ingress_burst__r8,monitor_only,ingress_burst,8,4082814017,cost_units,1222.5000034334716
monitor_only__ingress_burst__r8,monitor_only,ingress_burst,8,4082814017,manual_interventions,1.0
monitor_only__ingress_burst__r8,monitor_only,ingress_burst,8,4082814017,llm_tokens,175938.0
monitor_only__ingress_burst__r8,monitor_only,ingress_burst,8,4082814017,freshness_s,402.536997
monitor_only__ingress_burst__r8,monitor_only,ingress_burst,8,4082814017,decision_correct,0.0
monitor_only__ingress_burst__r8,monitor_only,ingress_burst,8,4082814017,wall_clock_s,432.3839984579972
monitor_only__ingress_burst__r8,monitor_only,ingress_burst,8,4082814017,api_tokens,1239.0
monitor_only__ingress_burst__r8,monitor_only,ingress_burst,8,4082814017,llm_calls,1.0
monitor_only__ingress_burst__r8,monitor_only,ingress_burst,8,4082814017,llm_cache_hits,141.0
monitor_only__ingress_burst__r8,monitor_only,ingress_burst,8,4082814017,llm_degraded,0.0
monitor_only__ingress_burst__r8,monitor_only,ingress_burst,8,4082814017,llm_invalid,0.0
monitor_only__ingress_burst__r8,monitor_only,ingress_burst,8,4082814017,llm_latency_s,9.7145789579954
monitor_only__ingress_burst__r9,monitor_only,ingress_burst,9,3601712859,mttr_s,125.916553
monitor_only__ingress_burst__r9,monitor_only,ingress_burst,9,3601712859,cost_units,1222.5000034334716
monitor_only__ingress_burst__r9,monitor_only,ingress_burst,9,3601712859,manual_interventions,1.0
monitor_only__ingress_burst__r9,monitor_only,ingress_burst,9,3601712859,llm_tokens,167040.0
monitor_only__ingress_burst__r9,monitor_only,ingress_burst,9,3601712859,freshness_s,129.123802
monitor_only__ingress_burst__r9,monitor_only,ingress_burst,9,3601712859,decision_correct,0.0
monitor_only__ingress_burst__r9,monitor_only,ingress_burst,9,3601712859,wall_clock_s,432.0282086669904
monitor_only__ingress_burst__r9,monitor_only,ingress_burst,9,3601712859,api_tokens,1152.0
monitor_only__ingress_burst__r9,monitor_only,ingress_burst,9,3601712859,llm_calls,1.0
monitor_only__ingress_burst__r9,monitor_only,ingress_burst,9,3601712859,llm_cache_hits,144.0
monitor_only__ingress_burst__r9,monitor_only,ingress_burst,9,3601712859,llm_degraded,0.0
monitor_only__ingress_burst__r9,monitor_only,ingress_burst,9,3601712859,llm_invalid,0.0
monitor_only__ingress_burst__r9,monitor_only,ingress_burst,9,3601712859,llm_latency_s,2.969978875000379
recovery_only__schema_drift__r0,recovery_only,schema_drift,0,1768281450,mttr_s,186.4217995
recovery_only__schema_drift__r0,recovery_only,schema_drift,0,1768281450,cost_units,1222.5000034334716
recovery_only__schema_drift__r0,recovery_only,schema_drift,0,1768281450,manual_interventions,7.0
recovery_only__schema_drift__r0,recovery_only,schema_drift,0,1768281450,llm_tokens,369215.0
recovery_only__schema_drift__r0,recovery_only,schema_drift,0,1768281450,freshness_s,0.0
recovery_only__schema_drift__r0,recovery_only,schema_drift,0,1768281450,decision_correct,0.0
recovery_only__schema_drift__r0,recovery_only,schema_drift,0,1768281450,wall_clock_s,431.57831679198716
recovery_only__schema_drift__r0,recovery_only,schema_drift,0,1768281450,api_tokens,2695.0
recovery_only__schema_drift__r0,recovery_only,schema_drift,0,1768281450,llm_calls,2.0
recovery_only__schema_drift__r0,recovery_only,schema_drift,0,1768281450,llm_cache_hits,272.0
recovery_only__schema_drift__r0,recovery_only,schema_drift,0,1768281450,llm_degraded,0.0
recovery_only__schema_drift__r0,recovery_only,schema_drift,0,1768281450,llm_invalid,0.0
recovery_only__schema_drift__r0,recovery_only,schema_drift,0,1768281450,llm_latency_s,7.891537937495741
recovery_only__schema_drift__r1,recovery_only,schema_drift,1,792313595,mttr_s,259.041294
recovery_only__schema_drift__r1,recovery_only,schema_drift,1,792313595,cost_units,1222.5000034334716
recovery_only__schema_drift__r1,recovery_only,schema_drift,1,792313595,manual_interventions,7.0
recovery_only__schema_drift__r1,recovery_only,schema_drift,1,792313595,llm_tokens,339192.0
recovery_only__schema_drift__r1,recovery_only,schema_drift,1,792313595,freshness_s,0.0
recovery_only__schema_drift__r1,recovery_only,schema_drift,1,792313595,decision_correct,0.0
recovery_only__schema_drift__r1,recovery_only,schema_drift,1,792313595,wall_clock_s,430.00263874999655
recovery_only__schema_drift__r1,recovery_only,schema_drift,1,792313595,api_tokens,2692.0
recovery_only__schema_drift__r1,recovery_only,schema_drift,1,792313595,llm_calls,2.0
recovery_only__schema_drift__r1,recovery_only,schema_drift,1,792313595,llm_cache_hits,250.0
recovery_only__schema_drift__r1,recovery_only,schema_drift,1,792313595,llm_degraded,0.0
recovery_only__schema_drift__r1,recovery_only,schema_drift,1,792313595,llm_invalid,0.0
recovery_only__schema_drift__r1,recovery_only,schema_drift,1,792313595,llm_latency_s,19.119982833501126
recovery_only__schema_drift__r2,recovery_only,schema_drift,2,1013756000,mttr_s,191.8891735
recovery_only__schema_drift__r2,recovery_only,schema_drift,2,1013756000,cost_units,1222.5000034334716
recovery_only__schema_drift__r2,recovery_only,schema_drift,2,1013756000,manual_interventions,7.0
recovery_only__schema_drift__r2,recovery_only,schema_drift,2,1013756000,llm_tokens,370328.0
recovery_only__schema_drift__r2,recovery_only,schema_drift,2,1013756000,freshness_s,0.0
recovery_only__schema_drift__r2,recovery_only,schema_drift,2,1013756000,decision_correct,0.0
recovery_only__schema_drift__r2,recovery_only,schema_drift,2,1013756000,wall_clock_s,430.47192170900234
recovery_only__schema_drift__r2,recovery_only,schema_drift,2,1013756000,api_tokens,2723.0
recovery_only__schema_drift__r2,recovery_only,schema_drift,2,1013756000,llm_calls,2.0
recovery_only__schema_drift__r2,recovery_only,schema_drift,2,1013756000,llm_cache_hits,270.0
recovery_only__schema_drift__r2,recovery_only,schema_drift,2,1013756000,llm_degraded,0.0
recovery_only__schema_drift__r2,recovery_only,schema_drift,2,1013756000,llm_invalid,0.0
recovery_only__schema_drift__r2,recovery_only,schema_drift,2,1013756000,llm_latency_s,8.354818021005485
recovery_only__schema_drift__r3,recovery_only,schema_drift,3,891450664,mttr_s,222.307835
recovery_only__schema_drift__r3,recovery_only,schema_drift,3,891450664,cost_units,1222.5000034334716
recovery_only__schema_drift__r3,recovery_only,schema_drift,3,891450664,manual_interventions,7.0
recovery_only__schema_drift__r3,recovery_only,schema_drift,3,891450664,llm_tokens,363324.0
recovery_only__schema_drift__r3,recovery_only,schema_drift,3,891450664,freshness_s,0.0
recovery_only__schema_drift__r3,recovery_only,schema_drift,3,891450664,decision_correct,0.0
recovery_only__schema_drift__r3,recovery_only,schema_drift,3,891450664,wall_clock_s,430.1739174579998
recovery_only__schema_drift__r3,recovery_only,schema_drift,3,891450664,api_tokens,2652.0
recovery_only__schema_drift__r3,recovery_only,schema_drift,3,891450664,llm_calls,2.0
recovery_only__schema_drift__r3,recovery_only,schema_drift,3,891450664,llm_cache_hits,272.0
recovery_only__schema_drift__r3,recovery_only,schema_drift,3,891450664,llm_degraded,0.0
recovery_only__schema_drift__r3,recovery_only,schema_drift,3,891450664,llm_invalid,0.0
recovery_only__schema_drift__r3,recovery_only,schema_drift,3,891450664,llm_latency_s,7.408696353995765
recovery_only__schema_drift__r4,recovery_only,schema_drift,4,2217615931,mttr_s,229.7874235
recovery_only__schema_drift__r4,recovery_only,schema_drift,4,2217615931,cost_units,1222.5000034334716
recovery_only__schema_drift__r4,recovery_only,schema_drift,4,2217615931,manual_interventions,7.0
recovery_only__schema_drift__r4,recovery_only,schema_drift,4,2217615931,llm_tokens,363676.0
recovery_only__schema_drift__r4,recovery_only,schema_drift,4,2217615931,freshness_s,0.0
recovery_only__schema_drift__r4,recovery_only,schema_drift,4,2217615931,decision_correct,0.0
recovery_only__schema_drift__r4,recovery_only,schema_drift,4,2217615931,wall_clock_s,432.6414037499926
recovery_only__schema_drift__r4,recovery_only,schema_drift,4,2217615931,api_tokens,2714.0
recovery_only__schema_drift__r4,recovery_only,schema_drift,4,2217615931,llm_calls,2.0
recovery_only__schema_drift__r4,recovery_only,schema_drift,4,2217615931,llm_cache_hits,266.0
recovery_only__schema_drift__r4,recovery_only,schema_drift,4,2217615931,llm_degraded,0.0
recovery_only__schema_drift__r4,recovery_only,schema_drift,4,2217615931,llm_invalid,0.0
recovery_only__schema_drift__r4,recovery_only,schema_drift,4,2217615931,llm_latency_s,11.613515978999203
recovery_only__schema_drift__r5,recovery_only,schema_drift,5,3306810451,mttr_s,253.36931549999997
recovery_only__schema_drift__r5,recovery_only,schema_drift,5,3306810451,cost_units,1222.5000034334716
recovery_only__schema_drift__r5,recovery_only,schema_drift,5,3306810451,manual_interventions,7.0
recovery_only__schema_drift__r5,recovery_only,schema_drift,5,3306810451,llm_tokens,367120.0
recovery_only__schema_drift__r5,recovery_only,schema_drift,5,3306810451,freshness_s,0.0
recovery_only__schema_drift__r5,recovery_only,schema_drift,5,3306810451,decision_correct,0.0
recovery_only__schema_drift__r5,recovery_only,schema_drift,5,3306810451,wall_clock_s,430.94359175000864
recovery_only__schema_drift__r5,recovery_only,schema_drift,5,3306810451,api_tokens,2824.0
recovery_only__schema_drift__r5,recovery_only,schema_drift,5,3306810451,llm_calls,2.0
recovery_only__schema_drift__r5,recovery_only,schema_drift,5,3306810451,llm_cache_hits,258.0
recovery_only__schema_drift__r5,recovery_only,schema_drift,5,3306810451,llm_degraded,0.0
recovery_only__schema_drift__r5,recovery_only,schema_drift,5,3306810451,llm_invalid,0.0
recovery_only__schema_drift__r5,recovery_only,schema_drift,5,3306810451,llm_latency_s,14.584494270995492
recovery_only__schema_drift__r6,recovery_only,schema_drift,6,1580123623,mttr_s,214.0548375
recovery_only__schema_drift__r6,recovery_only,schema_drift,6,1580123623,cost_units,1222.5000034334716
recovery_only__schema_drift__r6,recovery_only,schema_drift,6,1580123623,manual_interventions,7.0
recovery_only__schema_drift__r6,recovery_only,schema_drift,6,1580123623,llm_tokens,373428.0
recovery_only__schema_drift__r6,recovery_only,schema_drift,6,1580123623,freshness_s,0.0
recovery_only__schema_drift__r6,recovery_only,schema_drift,6,1580123623,decision_correct,0.0
recovery_only__schema_drift__r6,recovery_only,schema_drift,6,1580123623,wall_clock_s,432.27671333399485
recovery_only__schema_drift__r6,recovery_only,schema_drift,6,1580123623,api_tokens,2706.0
recovery_only__schema_drift__r6,recovery_only,schema_drift,6,1580123623,llm_calls,2.0
recovery_only__schema_drift__r6,recovery_only,schema_drift,6,1580123623,llm_cache_hits,274.0
recovery_only__schema_drift__r6,recovery_only,schema_drift,6,1580123623,llm_degraded,0.0
recovery_only__schema_drift__r6,recovery_only,schema_drift,6,1580123623,llm_invalid,0.0
recovery_only__schema_drift__r6,recovery_only,schema_drift,6,1580123623,llm_latency_s,7.21928602099797
recovery_only__schema_drift__r7,recovery_only,schema_drift,7,1566281272,mttr_s,125.131505
recovery_only__schema_drift__r7,recovery_only,schema_drift,7,1566281272,cost_units,2255.000006648951
recovery_only__schema_drift__r7,recovery_only,schema_drift,7,1566281272,manual_interventions,8.0
recovery_only__schema_drift__r7,recovery_only,schema_drift,7,1566281272,llm_tokens,246159.0
recovery_only__schema_drift__r7,recovery_only,schema_drift,7,1566281272,freshness_s,0.0
recovery_only__schema_drift__r7,recovery_only,schema_drift,7,1566281272,decision_correct,0.0
recovery_only__schema_drift__r7,recovery_only,schema_drift,7,1566281272,wall_clock_s,430.7702985829965
recovery_only__schema_drift__r7,recovery_only,schema_drift,7,1566281272,api_tokens,3039.0
recovery_only__schema_drift__r7,recovery_only,schema_drift,7,1566281272,llm_calls,2.0
recovery_only__schema_drift__r7,recovery_only,schema_drift,7,1566281272,llm_cache_hits,160.0
recovery_only__schema_drift__r7,recovery_only,schema_drift,7,1566281272,llm_degraded,12.0
recovery_only__schema_drift__r7,recovery_only,schema_drift,7,1566281272,llm_invalid,0.0
recovery_only__schema_drift__r7,recovery_only,schema_drift,7,1566281272,llm_latency_s,14.138342708502023
recovery_only__schema_drift__r8,recovery_only,schema_drift,8,230773136,mttr_s,270.696884
recovery_only__schema_drift__r8,recovery_only,schema_drift,8,230773136,cost_units,1222.5000034334716
recovery_only__schema_drift__r8,recovery_only,schema_drift,8,230773136,manual_interventions,8.0
recovery_only__schema_drift__r8,recovery_only,schema_drift,8,230773136,llm_tokens,360202.0
recovery_only__schema_drift__r8,recovery_only,schema_drift,8,230773136,freshness_s,0.0
recovery_only__schema_drift__r8,recovery_only,schema_drift,8,230773136,decision_correct,0.0
recovery_only__schema_drift__r8,recovery_only,schema_drift,8,230773136,wall_clock_s,432.53454558299563
recovery_only__schema_drift__r8,recovery_only,schema_drift,8,230773136,api_tokens,4398.0
recovery_only__schema_drift__r8,recovery_only,schema_drift,8,230773136,llm_calls,3.0
recovery_only__schema_drift__r8,recovery_only,schema_drift,8,230773136,llm_cache_hits,245.0
recovery_only__schema_drift__r8,recovery_only,schema_drift,8,230773136,llm_degraded,0.0
recovery_only__schema_drift__r8,recovery_only,schema_drift,8,230773136,llm_invalid,0.0
recovery_only__schema_drift__r8,recovery_only,schema_drift,8,230773136,llm_latency_s,4.667527249999694
recovery_only__schema_drift__r9,recovery_only,schema_drift,9,2351243464,mttr_s,225.8029235
recovery_only__schema_drift__r9,recovery_only,schema_drift,9,2351243464,cost_units,1240.0000034879713
recovery_only__schema_drift__r9,recovery_only,schema_drift,9,2351243464,manual_interventions,7.0
recovery_only__schema_drift__r9,recovery_only,schema_drift,9,2351243464,llm_tokens,375768.0
recovery_only__schema_drift__r9,recovery_only,schema_drift,9,2351243464,freshness_s,0.0
recovery_only__schema_drift__r9,recovery_only,schema_drift,9,2351243464,decision_correct,0.0
recovery_only__schema_drift__r9,recovery_only,schema_drift,9,2351243464,wall_clock_s,432.9087372089998
recovery_only__schema_drift__r9,recovery_only,schema_drift,9,2351243464,api_tokens,2763.0
recovery_only__schema_drift__r9,recovery_only,schema_drift,9,2351243464,llm_calls,2.0
recovery_only__schema_drift__r9,recovery_only,schema_drift,9,2351243464,llm_cache_hits,270.0
recovery_only__schema_drift__r9,recovery_only,schema_drift,9,2351243464,llm_degraded,0.0
recovery_only__schema_drift__r9,recovery_only,schema_drift,9,2351243464,llm_invalid,0.0
recovery_only__schema_drift__r9,recovery_only,schema_drift,9,2351243464,llm_latency_s,9.13304364549549
recovery_only__upstream_delay__r0,recovery_only,upstream_delay,0,1071489120,mttr_s,256.278234
recovery_only__upstream_delay__r0,recovery_only,upstream_delay,0,1071489120,cost_units,1222.5000034334716
recovery_only__upstream_delay__r0,recovery_only,upstream_delay,0,1071489120,manual_interventions,6.0
recovery_only__upstream_delay__r0,recovery_only,upstream_delay,0,1071489120,llm_tokens,365704.0
recovery_only__upstream_delay__r0,recovery_only,upstream_delay,0,1071489120,freshness_s,260.378156
recovery_only__upstream_delay__r0,recovery_only,upstream_delay,0,1071489120,decision_correct,0.0
recovery_only__upstream_delay__r0,recovery_only,upstream_delay,0,1071489120,wall_clock_s,431.27301708300365
recovery_only__upstream_delay__r0,recovery_only,upstream_delay,0,1071489120,api_tokens,2689.0
recovery_only__upstream_delay__r0,recovery_only,upstream_delay,0,1071489120,llm_calls,2.0
recovery_only__upstream_delay__r0,recovery_only,upstream_delay,0,1071489120,llm_cache_hits,270.0
recovery_only__upstream_delay__r0,recovery_only,upstream_delay,0,1071489120,llm_degraded,0.0
recovery_only__upstream_delay__r0,recovery_only,upstream_delay,0,1071489120,llm_invalid,0.0
recovery_only__upstream_delay__r0,recovery_only,upstream_delay,0,1071489120,llm_latency_s,8.890397812509036
recovery_only__upstream_delay__r1,recovery_only,upstream_delay,1,687774705,mttr_s,407.597213
recovery_only__upstream_delay__r1,recovery_only,upstream_delay,1,687774705,cost_units,1222.5000034334716
recovery_only__upstream_delay__r1,recovery_only,upstream_delay,1,687774705,manual_interventions,6.0
recovery_only__upstream_delay__r1,recovery_only,upstream_delay,1,687774705,llm_tokens,46812.0
recovery_only__upstream_delay__r1,recovery_only,upstream_delay,1,687774705,freshness_s,414.421889
recovery_only__upstream_delay__r1,recovery_only,upstream_delay,1,687774705,decision_correct,0.0
recovery_only__upstream_delay__r1,recovery_only,upstream_delay,1,687774705,wall_clock_s,430.8859148329939
recovery_only__upstream_delay__r1,recovery_only,upstream_delay,1,687774705,api_tokens,2624.0
recovery_only__upstream_delay__r1,recovery_only,upstream_delay,1,687774705,llm_calls,2.0
recovery_only__upstream_delay__r1,recovery_only,upstream_delay,1,687774705,llm_cache_hits,34.0
recovery_only__upstream_delay__r1,recovery_only,upstream_delay,1,687774705,llm_degraded,4.0
recovery_only__upstream_delay__r1,recovery_only,upstream_delay,1,687774705,llm_invalid,0.0
recovery_only__upstream_delay__r1,recovery_only,upstream_delay,1,687774705,llm_latency_s,14.148096479002561
recovery_only__upstream_delay__r2,recovery_only,upstream_delay,2,3038503794,mttr_s,278.871557
recovery_only__upstream_delay__r2,recovery_only,upstream_delay,2,3038503794,cost_units,1222.5000034334716
recovery_only__upstream_delay__r2,recovery_only,upstream_delay,2,3038503794,manual_interventions,6.0
recovery_only__upstream_delay__r2,recovery_only,upstream_delay,2,3038503794,llm_tokens,363223.0
recovery_only__upstream_delay__r2,recovery_only,upstream_delay,2,3038503794,freshness_s,285.156441
recovery_only__upstream_delay__r2,recovery_only,upstream_delay,2,3038503794,decision_correct,0.0
recovery_only__upstream_delay__r2,recovery_only,upstream_delay,2,3038503794,wall_clock_s,431.97824079199927
recovery_only__upstream_delay__r2,recovery_only,upstream_delay,2,3038503794,api_tokens,2731.0
recovery_only__upstream_delay__r2,recovery_only,upstream_delay,2,3038503794,llm_calls,2.0
recovery_only__upstream_delay__r2,recovery_only,upstream_delay,2,3038503794,llm_cache_hits,264.0
recovery_only__upstream_delay__r2,recovery_only,upstream_delay,2,3038503794,llm_degraded,0.0
recovery_only__upstream_delay__r2,recovery_only,upstream_delay,2,3038503794,llm_invalid,0.0
recovery_only__upstream_delay__r2,recovery_only,upstream_delay,2,3038503794,llm_latency_s,12.167756103997817
recovery_only__upstream_delay__r3,recovery_only,upstream_delay,3,2269860947,mttr_s,218.899355
recovery_only__upstream_delay__r3,recovery_only,upstream_delay,3,2269860947,cost_units,1222.5000034334716
recovery_only__upstream_delay__r3,recovery_only,upstream_delay,3,2269860947,manual_interventions,6.0
recovery_only__upstream_delay__r3,recovery_only,upstream_delay,3,2269860947,llm_tokens,353695.0
recovery_only__upstream_delay__r3,recovery_only,upstream_delay,3,2269860947,freshness_s,224.180612
recovery_only__upstream_delay__r3,recovery_only,upstream_delay,3,2269860947,decision_correct,0.0
recovery_only__upstream_delay__r3,recovery_only,upstream_delay,3,2269860947,wall_clock_s,431.6406566660007
recovery_only__upstream_delay__r3,recovery_only,upstream_delay,3,2269860947,api_tokens,2785.0
recovery_only__upstream_delay__r3,recovery_only,upstream_delay,3,2269860947,llm_calls,2.0
recovery_only__upstream_delay__r3,recovery_only,upstream_delay,3,2269860947,llm_cache_hits,252.0
recovery_only__upstream_delay__r3,recovery_only,upstream_delay,3,2269860947,llm_degraded,0.0
recovery_only__upstream_delay__r3,recovery_only,upstream_delay,3,2269860947,llm_invalid,0.0
recovery_only__upstream_delay__r3,recovery_only,upstream_delay,3,2269860947,llm_latency_s,17.818763958508498
recovery_only__upstream_delay__r4,recovery_only,upstream_delay,4,800616855,mttr_s,177.071027
recovery_only__upstream_delay__r4,recovery_only,upstream_delay,4,800616855,cost_units,1222.5000034334716
recovery_only__upstream_delay__r4,recovery_only,upstream_delay,4,800616855,manual_interventions,6.0
recovery_only__upstream_delay__r4,recovery_only,upstream_delay,4,800616855,llm_tokens,358290.0
recovery_only__upstream_delay__r4,recovery_only,upstream_delay,4,800616855,freshness_s,181.941413
recovery_only__upstream_delay__r4,recovery_only,upstream_delay,4,800616855,decision_correct,0.0
recovery_only__upstream_delay__r4,recovery_only,upstream_delay,4,800616855,wall_clock_s,432.22989887499716
recovery_only__upstream_delay__r4,recovery_only,upstream_delay,4,800616855,api_tokens,2654.0
recovery_only__upstream_delay__r4,recovery_only,upstream_delay,4,800616855,llm_calls,2.0
recovery_only__upstream_delay__r4,recovery_only,upstream_delay,4,800616855,llm_cache_hits,268.0
recovery_only__upstream_delay__r4,recovery_only,upstream_delay,4,800616855,llm_degraded,0.0
recovery_only__upstream_delay__r4,recovery_only,upstream_delay,4,800616855,llm_invalid,0.0
recovery_only__upstream_delay__r4,recovery_only,upstream_delay,4,800616855,llm_latency_s,10.56150502100354
recovery_only__upstream_delay__r5,recovery_only,upstream_delay,5,3083214124,mttr_s,220.147669
recovery_only__upstream_delay__r5,recovery_only,upstream_delay,5,3083214124,cost_units,1222.5000034334716
recovery_only__upstream_delay__r5,recovery_only,upstream_delay,5,3083214124,manual_interventions,6.0
recovery_only__upstream_delay__r5,recovery_only,upstream_delay,5,3083214124,llm_tokens,361416.0
recovery_only__upstream_delay__r5,recovery_only,upstream_delay,5,3083214124,freshness_s,225.992289
recovery_only__upstream_delay__r5,recovery_only,upstream_delay,5,3083214124,decision_correct,0.0
recovery_only__upstream_delay__r5,recovery_only,upstream_delay,5,3083214124,wall_clock_s,432.42519924999215
recovery_only__upstream_delay__r5,recovery_only,upstream_delay,5,3083214124,api_tokens,2738.0
recovery_only__upstream_delay__r5,recovery_only,upstream_delay,5,3083214124,llm_calls,2.0
recovery_only__upstream_delay__r5,recovery_only,upstream_delay,5,3083214124,llm_cache_hits,262.0
recovery_only__upstream_delay__r5,recovery_only,upstream_delay,5,3083214124,llm_degraded,0.0
recovery_only__upstream_delay__r5,recovery_only,upstream_delay,5,3083214124,llm_invalid,0.0
recovery_only__upstream_delay__r5,recovery_only,upstream_delay,5,3083214124,llm_latency_s,13.502775083499728
recovery_only__upstream_delay__r6,recovery_only,upstream_delay,6,4222943271,mttr_s,269.226645
recovery_only__upstream_delay__r6,recovery_only,upstream_delay,6,4222943271,cost_units,1222.5000034334716
recovery_only__upstream_delay__r6,recovery_only,upstream_delay,6,4222943271,manual_interventions,6.0
recovery_only__upstream_delay__r6,recovery_only,upstream_delay,6,4222943271,llm_tokens,282274.0
recovery_only__upstream_delay__r6,recovery_only,upstream_delay,6,4222943271,freshness_s,284.628164
recovery_only__upstream_delay__r6,recovery_only,upstream_delay,6,4222943271,decision_correct,0.0
recovery_only__upstream_delay__r6,recovery_only,upstream_delay,6,4222943271,wall_clock_s,431.5036370000016
recovery_only__upstream_delay__r6,recovery_only,upstream_delay,6,4222943271,api_tokens,2801.0
recovery_only__upstream_delay__r6,recovery_only,upstream_delay,6,4222943271,llm_calls,2.0
recovery_only__upstream_delay__r6,recovery_only,upstream_delay,6,4222943271,llm_cache_hits,200.0
recovery_only__upstream_delay__r6,recovery_only,upstream_delay,6,4222943271,llm_degraded,6.0
recovery_only__upstream_delay__r6,recovery_only,upstream_delay,6,4222943271,llm_invalid,0.0
recovery_only__upstream_delay__r6,recovery_only,upstream_delay,6,4222943271,llm_latency_s,10.408496520998597
recovery_only__upstream_delay__r7,recovery_only,upstream_delay,7,1585418532,mttr_s,311.451558
recovery_only__upstream_delay__r7,recovery_only,upstream_delay,7,1585418532,cost_units,1240.0000034879713
recovery_only__upstream_delay__r7,recovery_only,upstream_delay,7,1585418532,manual_interventions,6.0
recovery_only__upstream_delay__r7,recovery_only,upstream_delay,7,1585418532,llm_tokens,383112.0
recovery_only__upstream_delay__r7,recovery_only,upstream_delay,7,1585418532,freshness_s,317.724218
recovery_only__upstream_delay__r7,recovery_only,upstream_delay,7,1585418532,decision_correct,0.0
recovery_only__upstream_delay__r7,recovery_only,upstream_delay,7,1585418532,wall_clock_s,432.9295358340023
recovery_only__upstream_delay__r7,recovery_only,upstream_delay,7,1585418532,api_tokens,2817.0
recovery_only__upstream_delay__r7,recovery_only,upstream_delay,7,1585418532,llm_calls,2.0
recovery_only__upstream_delay__r7,recovery_only,upstream_delay,7,1585418532,llm_cache_hits,270.0
recovery_only__upstream_delay__r7,recovery_only,upstream_delay,7,1585418532,llm_degraded,0.0
recovery_only__upstream_delay__r7,recovery_only,upstream_delay,7,1585418532,llm_invalid,0.0
recovery_only__upstream_delay__r7,recovery_only,upstream_delay,7,1585418532,llm_latency_s,9.434857979002118
recovery_only__upstream_delay__r8,recovery_only,upstream_delay,8,590647825,mttr_s,239.736216
recovery_only__upstream_delay__r8,recovery_only,upstream_delay,8,590647825,cost_units,1222.5000034334716
recovery_only__upstream_delay__r8,recovery_only,upstream_delay,8,590647825,manual_interventions,6.0
recovery_only__upstream_delay__r8,recovery_only,upstream_delay,8,590647825,llm_tokens,363763.0
recovery_only__upstream_delay__r8,recovery_only,upstream_delay,8,590647825,freshness_s,242.525929
recovery_only__upstream_delay__r8,recovery_only,upstream_delay,8,590647825,decision_correct,0.0
recovery_only__upstream_delay__r8,recovery_only,upstream_delay,8,590647825,wall_clock_s,431.29581849998794
recovery_only__upstream_delay__r8,recovery_only,upstream_delay,8,590647825,api_tokens,2617.0
recovery_only__upstream_delay__r8,recovery_only,upstream_delay,8,590647825,llm_calls,2.0
recovery_only__upstream_delay__r8,recovery_only,upstream_delay,8,590647825,llm_cache_hits,276.0
recovery_only__upstream_delay__r8,recovery_only,upstream_delay,8,590647825,llm_degraded,0.0
recovery_only__upstream_delay__r8,recovery_only,upstream_delay,8,590647825,llm_invalid,0.0
recovery_only__upstream_delay__r8,recovery_only,upstream_delay,8,590647825,llm_latency_s,5.572942291502841
recovery_only__upstream_delay__r9,recovery_only,upstream_delay,9,1108695840,mttr_s,214.795757
recovery_only__upstream_delay__r9,recovery_only,upstream_delay,9,1108695840,cost_units,1222.5000034334716
recovery_only__upstream_delay__r9,recovery_only,upstream_delay,9,1108695840,manual_interventions,6.0
recovery_only__upstream_delay__r9,recovery_only,upstream_delay,9,1108695840,llm_tokens,352944.0
recovery_only__upstream_delay__r9,recovery_only,upstream_delay,9,1108695840,freshness_s,222.157135
recovery_only__upstream_delay__r9,recovery_only,upstream_delay,9,1108695840,decision_correct,0.0
recovery_only__upstream_delay__r9,recovery_only,upstream_delay,9,1108695840,wall_clock_s,432.43874770800176
recovery_only__upstream_delay__r9,recovery_only,upstream_delay,9,1108695840,api_tokens,2736.0
recovery_only__upstream_delay__r9,recovery_only,upstream_delay,9,1108695840,llm_calls,2.0
recovery_only__upstream_delay__r9,recovery_only,upstream_delay,9,1108695840,llm_cache_hits,256.0
recovery_only__upstream_delay__r9,recovery_only,upstream_delay,9,1108695840,llm_degraded,0.0
recovery_only__upstream_delay__r9,recovery_only,upstream_delay,9,1108695840,llm_invalid,0.0
recovery_only__upstream_delay__r9,recovery_only,upstream_delay,9,1108695840,llm_latency_s,16.43238837449462
recovery_only__resource_contention__r0,recovery_only,resource_contention,0,2634883617,mttr_s,306.228841
recovery_only__resource_contention__r0,recovery_only,resource_contention,0,2634883617,cost_units,1852.500005395459
recovery_only__resource_contention__r0,recovery_only,resource_contention,0,2634883617,manual_interventions,6.0
recovery_only__resource_contention__r0,recovery_only,resource_contention,0,2634883617,llm_tokens,397710.0
recovery_only__resource_contention__r0,recovery_only,resource_contention,0,2634883617,freshness_s,0.0
recovery_only__resource_contention__r0,recovery_only,resource_contention,0,2634883617,decision_correct,0.0
recovery_only__resource_contention__r0,recovery_only,resource_contention,0,2634883617,wall_clock_s,611.1482766249974
recovery_only__resource_contention__r0,recovery_only,resource_contention,0,2634883617,api_tokens,2946.0
recovery_only__resource_contention__r0,recovery_only,resource_contention,0,2634883617,llm_calls,2.0
recovery_only__resource_contention__r0,recovery_only,resource_contention,0,2634883617,llm_cache_hits,268.0
recovery_only__resource_contention__r0,recovery_only,resource_contention,0,2634883617,llm_degraded,0.0
recovery_only__resource_contention__r0,recovery_only,resource_contention,0,2634883617,llm_invalid,0.0
recovery_only__resource_contention__r0,recovery_only,resource_contention,0,2634883617,llm_latency_s,9.497261333002825
recovery_only__resource_contention__r1,recovery_only,resource_contention,1,664536848,mttr_s,125.495335
recovery_only__resource_contention__r1,recovery_only,resource_contention,1,664536848,cost_units,1852.500005395459
recovery_only__resource_contention__r1,recovery_only,resource_contention,1,664536848,manual_interventions,6.0
recovery_only__resource_contention__r1,recovery_only,resource_contention,1,664536848,llm_tokens,362187.0
recovery_only__resource_contention__r1,recovery_only,resource_contention,1,664536848,freshness_s,0.0
recovery_only__resource_contention__r1,recovery_only,resource_contention,1,664536848,decision_correct,0.0
recovery_only__resource_contention__r1,recovery_only,resource_contention,1,664536848,wall_clock_s,611.7884579579986
recovery_only__resource_contention__r1,recovery_only,resource_contention,1,664536848,api_tokens,2818.0
recovery_only__resource_contention__r1,recovery_only,resource_contention,1,664536848,llm_calls,2.0
recovery_only__resource_contention__r1,recovery_only,resource_contention,1,664536848,llm_cache_hits,255.0
recovery_only__resource_contention__r1,recovery_only,resource_contention,1,664536848,llm_degraded,1.0
recovery_only__resource_contention__r1,recovery_only,resource_contention,1,664536848,llm_invalid,0.0
recovery_only__resource_contention__r1,recovery_only,resource_contention,1,664536848,llm_latency_s,13.316477708001912
recovery_only__resource_contention__r2,recovery_only,resource_contention,2,3526022257,mttr_s,208.335919
recovery_only__resource_contention__r2,recovery_only,resource_contention,2,3526022257,cost_units,1852.500005395459
recovery_only__resource_contention__r2,recovery_only,resource_contention,2,3526022257,manual_interventions,7.0
recovery_only__resource_contention__r2,recovery_only,resource_contention,2,3526022257,llm_tokens,398489.0
recovery_only__resource_contention__r2,recovery_only,resource_contention,2,3526022257,freshness_s,0.0
recovery_only__resource_contention__r2,recovery_only,resource_contention,2,3526022257,decision_correct,0.0
recovery_only__resource_contention__r2,recovery_only,resource_contention,2,3526022257,wall_clock_s,610.372584333003
recovery_only__resource_contention__r2,recovery_only,resource_contention,2,3526022257,api_tokens,4332.0
recovery_only__resource_contention__r2,recovery_only,resource_contention,2,3526022257,llm_calls,3.0
recovery_only__resource_contention__r2,recovery_only,resource_contention,2,3526022257,llm_cache_hits,261.0
recovery_only__resource_contention__r2,recovery_only,resource_contention,2,3526022257,llm_degraded,0.0
recovery_only__resource_contention__r2,recovery_only,resource_contention,2,3526022257,llm_invalid,0.0
recovery_only__resource_contention__r2,recovery_only,resource_contention,2,3526022257,llm_latency_s,6.139597000001231
recovery_only__resource_contention__r3,recovery_only,resource_contention,3,3608488719,mttr_s,155.322226
recovery_only__resource_contention__r3,recovery_only,resource_contention,3,3608488719,cost_units,1852.500005395459
recovery_only__resource_contention__r3,recovery_only,resource_contention,3,3608488719,manual_interventions,6.0
recovery_only__resource_contention__r3,recovery_only,resource_contention,3,3608488719,llm_tokens,387024.0
recovery_only__resource_contention__r3,recovery_only,resource_contention,3,3608488719,freshness_s,0.0
recovery_only__resource_contention__r3,recovery_only,resource_contention,3,3608488719,decision_correct,0.0
recovery_only__resource_contention__r3,recovery_only,resource_contention,3,3608488719,wall_clock_s,611.326145583007
recovery_only__resource_contention__r3,recovery_only,resource_contention,3,3608488719,api_tokens,2932.0
recovery_only__resource_contention__r3,recovery_only,resource_contention,3,3608488719,llm_calls,2.0
recovery_only__resource_contention__r3,recovery_only,resource_contention,3,3608488719,llm_cache_hits,262.0
recovery_only__resource_contention__r3,recovery_only,resource_contention,3,3608488719,llm_degraded,0.0
recovery_only__resource_contention__r3,recovery_only,resource_contention,3,3608488719,llm_invalid,0.0
recovery_only__resource_contention__r3,recovery_only,resource_contention,3,3608488719,llm_latency_s,12.834203895996325
recovery_only__resource_contention__r4,recovery_only,resource_contention,4,4188661675,mttr_s,143.889273
recovery_only__resource_contention__r4,recovery_only,resource_contention,4,4188661675,cost_units,1852.500005395459
recovery_only__resource_contention__r4,recovery_only,resource_contention,4,4188661675,manual_interventions,6.0
recovery_only__resource_contention__r4,recovery_only,resource_contention,4,4188661675,llm_tokens,406272.0
recovery_only__resource_contention__r4,recovery_only,resource_contention,4,4188661675,freshness_s,0.0
recovery_only__resource_contention__r4,recovery_only,resource_contention,4,4188661675,decision_correct,0.0
recovery_only__resource_contention__r4,recovery_only,resource_contention,4,4188661675,wall_clock_s,611.7481863749999
recovery_only__resource_contention__r4,recovery_only,resource_contention,4,4188661675,api_tokens,2944.0
recovery_only__resource_contention__r4,recovery_only,resource_contention,4,4188661675,llm_calls,2.0
recovery_only__resource_contention__r4,recovery_only,resource_contention,4,4188661675,llm_cache_hits,274.0
recovery_only__resource_contention__r4,recovery_only,resource_contention,4,4188661675,llm_degraded,0.0
recovery_only__resource_contention__r4,recovery_only,resource_contention,4,4188661675,llm_invalid,0.0
recovery_only__resource_contention__r4,recovery_only,resource_contention,4,4188661675,llm_latency_s,6.758564187504817
recovery_only__resource_contention__r5,recovery_only,resource_contention,5,646471748,mttr_s,165.036637
recovery_only__resource_contention__r5,recovery_only,resource_contention,5,646471748,cost_units,3987.5000120444165
recovery_only__resource_contention__r5,recovery_only,resource_contention,5,646471748,manual_interventions,22.0
recovery_only__resource_contention__r5,recovery_only,resource_contention,5,646471748,llm_tokens,369608.0
recovery_only__resource_contention__r5,recovery_only,resource_contention,5,646471748,freshness_s,0.0
recovery_only__resource_contention__r5,recovery_only,resource_contention,5,646471748,decision_correct,0.0
recovery_only__resource_contention__r5,recovery_only,resource_contention,5,646471748,wall_clock_s,611.6632378749928
recovery_only__resource_contention__r5,recovery_only,resource_contention,5,646471748,api_tokens,2911.0
recovery_only__resource_contention__r5,recovery_only,resource_contention,5,646471748,llm_calls,2.0
recovery_only__resource_contention__r5,recovery_only,resource_contention,5,646471748,llm_cache_hits,252.0
recovery_only__resource_contention__r5,recovery_only,resource_contention,5,646471748,llm_degraded,2.0
recovery_only__resource_contention__r5,recovery_only,resource_contention,5,646471748,llm_invalid,0.0
recovery_only__resource_contention__r5,recovery_only,resource_contention,5,646471748,llm_latency_s,13.250870249998115
recovery_only__resource_contention__r6,recovery_only,resource_contention,6,14032759,mttr_s,260.564278
recovery_only__resource_contention__r6,recovery_only,resource_contention,6,14032759,cost_units,1852.500005395459
recovery_only__resource_contention__r6,recovery_only,resource_contention,6,14032759,manual_interventions,6.0
recovery_only__resource_contention__r6,recovery_only,resource_contention,6,14032759,llm_tokens,370314.0
recovery_only__resource_contention__r6,recovery_only,resource_contention,6,14032759,freshness_s,0.0
recovery_only__resource_contention__r6,recovery_only,resource_contention,6,14032759,decision_correct,0.0
recovery_only__resource_contention__r6,recovery_only,resource_contention,6,14032759,wall_clock_s,611.5988352920103
recovery_only__resource_contention__r6,recovery_only,resource_contention,6,14032759,api_tokens,2939.0
recovery_only__resource_contention__r6,recovery_only,resource_contention,6,14032759,llm_calls,2.0
recovery_only__resource_contention__r6,recovery_only,resource_contention,6,14032759,llm_cache_hits,250.0
recovery_only__resource_contention__r6,recovery_only,resource_contention,6,14032759,llm_degraded,0.0
recovery_only__resource_contention__r6,recovery_only,resource_contention,6,14032759,llm_invalid,0.0
recovery_only__resource_contention__r6,recovery_only,resource_contention,6,14032759,llm_latency_s,18.487633375007135
recovery_only__resource_contention__r7,recovery_only,resource_contention,7,3790309537,mttr_s,204.366146
recovery_only__resource_contention__r7,recovery_only,resource_contention,7,3790309537,cost_units,1852.500005395459
recovery_only__resource_contention__r7,recovery_only,resource_contention,7,3790309537,manual_interventions,6.0
recovery_only__resource_contention__r7,recovery_only,resource_contention,7,3790309537,llm_tokens,375912.0
recovery_only__resource_contention__r7,recovery_only,resource_contention,7,3790309537,freshness_s,0.0
recovery_only__resource_contention__r7,recovery_only,resource_contention,7,3790309537,decision_correct,0.0
recovery_only__resource_contention__r7,recovery_only,resource_contention,7,3790309537,wall_clock_s,611.4789072090061
recovery_only__resource_contention__r7,recovery_only,resource_contention,7,3790309537,api_tokens,2724.0
recovery_only__resource_contention__r7,recovery_only,resource_contention,7,3790309537,llm_calls,2.0
recovery_only__resource_contention__r7,recovery_only,resource_contention,7,3790309537,llm_cache_hits,274.0
recovery_only__resource_contention__r7,recovery_only,resource_contention,7,3790309537,llm_degraded,0.0
recovery_only__resource_contention__r7,recovery_only,resource_contention,7,3790309537,llm_invalid,0.0
recovery_only__resource_contention__r7,recovery_only,resource_contention,7,3790309537,llm_latency_s,7.012005666503683
recovery_only__resource_contention__r8,recovery_only,resource_contention,8,3098237545,mttr_s,154.07434
recovery_only__resource_contention__r8,recovery_only,resource_contention,8,3098237545,cost_units,1852.500005395459
recovery_only__resource_contention__r8,recovery_only,resource_contention,8,3098237545,manual_interventions,6.0
recovery_only__resource_contention__r8,recovery_only,resource_contention,8,3098237545,llm_tokens,379627.0
recovery_only__resource_contention__r8,recovery_only,resource_contention,8,3098237545,freshness_s,0.0
recovery_only__resource_contention__r8,recovery_only,resource_contention,8,3098237545,decision_correct,0.0
recovery_only__resource_contention__r8,recovery_only,resource_contention,8,3098237545,wall_clock_s,611.639152290998
recovery_only__resource_contention__r8,recovery_only,resource_contention,8,3098237545,api_tokens,2771.0
recovery_only__resource_contention__r8,recovery_only,resource_contention,8,3098237545,llm_calls,2.0
recovery_only__resource_contention__r8,recovery_only,resource_contention,8,3098237545,llm_cache_hits,272.0
recovery_only__resource_contention__r8,recovery_only,resource_contention,8,3098237545,llm_degraded,0.0
recovery_only__resource_contention__r8,recovery_only,resource_contention,8,3098237545,llm_invalid,0.0
recovery_only__resource_contention__r8,recovery_only,resource_contention,8,3098237545,llm_latency_s,7.938298729000962
recovery_only__resource_contention__r9,recovery_only,resource_contention,9,307647051,mttr_s,200.237154
recovery_only__resource_contention__r9,recovery_only,resource_contention,9,307647051,cost_units,1852.500005395459
recovery_only__resource_contention__r9,recovery_only,resource_contention,9,307647051,manual_interventions,6.0
recovery_only__resource_contention__r9,recovery_only,resource_contention,9,307647051,llm_tokens,385016.0
recovery_only__resource_contention__r9,recovery_only,resource_contention,9,307647051,freshness_s,0.0
recovery_only__resource_contention__r9,recovery_only,resource_contention,9,307647051,decision_correct,0.0
recovery_only__resource_contention__r9,recovery_only,resource_contention,9,307647051,wall_clock_s,612.0292792919936
recovery_only__resource_contention__r9,recovery_only,resource_contention,9,307647051,api_tokens,2831.0
recovery_only__resource_contention__r9,recovery_only,resource_contention,9,307647051,llm_calls,2.0
recovery_only__resource_contention__r9,recovery_only,resource_contention,9,307647051,llm_cache_hits,270.0
recovery_only__resource_contention__r9,recovery_only,resource_contention,9,307647051,llm_degraded,0.0
recovery_only__resource_contention__r9,recovery_only,resource_contention,9,307647051,llm_invalid,0.0
recovery_only__resource_contention__r9,recovery_only,resource_contention,9,307647051,llm_latency_s,9.212668145999487
recovery_only__ingress_burst__r0,recovery_only,ingress_burst,0,3349695373,mttr_s,313.682315
recovery_only__ingress_burst__r0,recovery_only,ingress_burst,0,3349695373,cost_units,1222.5000034334716
recovery_only__ingress_burst__r0,recovery_only,ingress_burst,0,3349695373,manual_interventions,6.0
recovery_only__ingress_burst__r0,recovery_only,ingress_burst,0,3349695373,llm_tokens,354486.0
recovery_only__ingress_burst__r0,recovery_only,ingress_burst,0,3349695373,freshness_s,319.888884
recovery_only__ingress_burst__r0,recovery_only,ingress_burst,0,3349695373,decision_correct,0.0
recovery_only__ingress_burst__r0,recovery_only,ingress_burst,0,3349695373,wall_clock_s,432.636330541005
recovery_only__ingress_burst__r0,recovery_only,ingress_burst,0,3349695373,api_tokens,2706.0
recovery_only__ingress_burst__r0,recovery_only,ingress_burst,0,3349695373,llm_calls,2.0
recovery_only__ingress_burst__r0,recovery_only,ingress_burst,0,3349695373,llm_cache_hits,260.0
recovery_only__ingress_burst__r0,recovery_only,ingress_burst,0,3349695373,llm_degraded,0.0
recovery_only__ingress_burst__r0,recovery_only,ingress_burst,0,3349695373,llm_invalid,0.0
recovery_only__ingress_burst__r0,recovery_only,ingress_burst,0,3349695373,llm_latency_s,14.425926021001942
recovery_only__ingress_burst__r1,recovery_only,ingress_burst,1,843470042,mttr_s,259.158643
recovery_only__ingress_burst__r1,recovery_only,ingress_burst,1,843470042,cost_units,1240.0000034879713
recovery_only__ingress_burst__r1,recovery_only,ingress_burst,1,843470042,manual_interventions,6.0
recovery_only__ingress_burst__r1,recovery_only,ingress_burst,1,843470042,llm_tokens,370170.0
recovery_only__ingress_burst__r1,recovery_only,ingress_burst,1,843470042,freshness_s,262.423797
recovery_only__ingress_burst__r1,recovery_only,ingress_burst,1,843470042,decision_correct,0.0
recovery_only__ingress_burst__r1,recovery_only,ingress_burst,1,843470042,wall_clock_s,432.7466549170058
recovery_only__ingress_burst__r1,recovery_only,ingress_burst,1,843470042,api_tokens,2742.0
recovery_only__ingress_burst__r1,recovery_only,ingress_burst,1,843470042,llm_calls,2.0
recovery_only__ingress_burst__r1,recovery_only,ingress_burst,1,843470042,llm_cache_hits,268.0
recovery_only__ingress_burst__r1,recovery_only,ingress_burst,1,843470042,llm_degraded,0.0
recovery_only__ingress_burst__r1,recovery_only,ingress_burst,1,843470042,llm_invalid,0.0
recovery_only__ingress_burst__r1,recovery_only,ingress_burst,1,843470042,llm_latency_s,10.538069916488894
recovery_only__ingress_burst__r2,recovery_only,ingress_burst,2,1260356036,mttr_s,216.933642
recovery_only__ingress_burst__r2,recovery_only,ingress_burst,2,1260356036,cost_units,1222.5000034334716
recovery_only__ingress_burst__r2,recovery_only,ingress_burst,2,1260356036,manual_interventions,6.0
recovery_only__ingress_burst__r2,recovery_only,ingress_burst,2,1260356036,llm_tokens,361352.0
recovery_only__ingress_burst__r2,recovery_only,ingress_burst,2,1260356036,freshness_s,220.630383
recovery_only__ingress_burst__r2,recovery_only,ingress_burst,2,1260356036,decision_correct,0.0
recovery_only__ingress_burst__r2,recovery_only,ingress_burst,2,1260356036,wall_clock_s,431.3043163340044
recovery_only__ingress_burst__r2,recovery_only,ingress_burst,2,1260356036,api_tokens,2657.0
recovery_only__ingress_burst__r2,recovery_only,ingress_burst,2,1260356036,llm_calls,2.0
recovery_only__ingress_burst__r2,recovery_only,ingress_burst,2,1260356036,llm_cache_hits,270.0
recovery_only__ingress_burst__r2,recovery_only,ingress_burst,2,1260356036,llm_degraded,0.0
recovery_only__ingress_burst__r2,recovery_only,ingress_burst,2,1260356036,llm_invalid,0.0
recovery_only__ingress_burst__r2,recovery_only,ingress_burst,2,1260356036,llm_latency_s,8.619755833009549
recovery_only__ingress_burst__r3,recovery_only,ingress_burst,3,3349034982,mttr_s,229.070131
recovery_only__ingress_burst__r3,recovery_only,ingress_burst,3,3349034982,cost_units,1222.5000034334716
recovery_only__ingress_burst__r3,recovery_only,ingress_burst,3,3349034982,manual_interventions,6.0
recovery_only__ingress_burst__r3,recovery_only,ingress_burst,3,3349034982,llm_tokens,340689.0
recovery_only__ingress_burst__r3,recovery_only,ingress_burst,3,3349034982,freshness_s,247.104631
recovery_only__ingress_burst__r3,recovery_only,ingress_burst,3,3349034982,decision_correct,0.0
recovery_only__ingress_burst__r3,recovery_only,ingress_burst,3,3349034982,wall_clock_s,432.0836743749969
recovery_only__ingress_burst__r3,recovery_only,ingress_burst,3,3349034982,api_tokens,2641.0
recovery_only__ingress_burst__r3,recovery_only,ingress_burst,3,3349034982,llm_calls,2.0
recovery_only__ingress_burst__r3,recovery_only,ingress_burst,3,3349034982,llm_cache_hits,256.0
recovery_only__ingress_burst__r3,recovery_only,ingress_burst,3,3349034982,llm_degraded,0.0
recovery_only__ingress_burst__r3,recovery_only,ingress_burst,3,3349034982,llm_invalid,0.0
recovery_only__ingress_burst__r3,recovery_only,ingress_burst,3,3349034982,llm_latency_s,16.214427853992674
recovery_only__ingress_burst__r4,recovery_only,ingress_burst,4,586532766,mttr_s,77.775248
recovery_only__ingress_burst__r4,recovery_only,ingress_burst,4,586532766,cost_units,1222.5000034334716
recovery_only__ingress_burst__r4,recovery_only,ingress_burst,4,586532766,manual_interventions,6.0
recovery_only__ingress_burst__r4,recovery_only,ingress_burst,4,586532766,llm_tokens,356330.0
recovery_only__ingress_burst__r4,recovery_only,ingress_burst,4,586532766,freshness_s,88.160267
recovery_only__ingress_burst__r4,recovery_only,ingress_burst,4,586532766,decision_correct,0.0
recovery_only__ingress_burst__r4,recovery_only,ingress_burst,4,586532766,wall_clock_s,430.4701123749983
recovery_only__ingress_burst__r4,recovery_only,ingress_burst,4,586532766,api_tokens,2741.0
recovery_only__ingress_burst__r4,recovery_only,ingress_burst,4,586532766,llm_calls,2.0
recovery_only__ingress_burst__r4,recovery_only,ingress_burst,4,586532766,llm_cache_hits,258.0
recovery_only__ingress_burst__r4,recovery_only,ingress_burst,4,586532766,llm_degraded,0.0
recovery_only__ingress_burst__r4,recovery_only,ingress_burst,4,586532766,llm_invalid,0.0
recovery_only__ingress_burst__r4,recovery_only,ingress_burst,4,586532766,llm_latency_s,14.539640124996367
recovery_only__ingress_burst__r5,recovery_only,ingress_burst,5,2756646669,mttr_s,144.676436
recovery_only__ingress_burst__r5,recovery_only,ingress_burst,5,2756646669,cost_units,7400.0000226718485
recovery_only__ingress_burst__r5,recovery_only,ingress_burst,5,2756646669,manual_interventions,1.0
recovery_only__ingress_burst__r5,recovery_only,ingress_burst,5,2756646669,llm_tokens,0.0
recovery_only__ingress_burst__r5,recovery_only,ingress_burst,5,2756646669,freshness_s,144.676436
recovery_only__ingress_burst__r5,recovery_only,ingress_burst,5,2756646669,decision_correct,0.0
recovery_only__ingress_burst__r5,recovery_only,ingress_burst,5,2756646669,wall_clock_s,436.29108599999745
recovery_only__ingress_burst__r5,recovery_only,ingress_burst,5,2756646669,api_tokens,0.0
recovery_only__ingress_burst__r5,recovery_only,ingress_burst,5,2756646669,llm_calls,0.0
recovery_only__ingress_burst__r5,recovery_only,ingress_burst,5,2756646669,llm_cache_hits,0.0
recovery_only__ingress_burst__r5,recovery_only,ingress_burst,5,2756646669,llm_degraded,6.0
recovery_only__ingress_burst__r5,recovery_only,ingress_burst,5,2756646669,llm_invalid,0.0
recovery_only__ingress_burst__r5,recovery_only,ingress_burst,5,2756646669,llm_latency_s,0.0
recovery_only__ingress_burst__r6,recovery_only,ingress_burst,6,1476921658,mttr_s,106.619898
recovery_only__ingress_burst__r6,recovery_only,ingress_burst,6,1476921658,cost_units,1222.5000034334716
recovery_only__ingress_burst__r6,recovery_only,ingress_burst,6,1476921658,manual_interventions,6.0
recovery_only__ingress_burst__r6,recovery_only,ingress_burst,6,1476921658,llm_tokens,346236.0
recovery_only__ingress_burst__r6,recovery_only,ingress_burst,6,1476921658,freshness_s,109.421574
recovery_only__ingress_burst__r6,recovery_only,ingress_burst,6,1476921658,decision_correct,0.0
recovery_only__ingress_burst__r6,recovery_only,ingress_burst,6,1476921658,wall_clock_s,431.78238175000297
recovery_only__ingress_burst__r6,recovery_only,ingress_burst,6,1476921658,api_tokens,2623.0
recovery_only__ingress_burst__r6,recovery_only,ingress_burst,6,1476921658,llm_calls,2.0
recovery_only__ingress_burst__r6,recovery_only,ingress_burst,6,1476921658,llm_cache_hits,262.0
recovery_only__ingress_burst__r6,recovery_only,ingress_burst,6,1476921658,llm_degraded,0.0
recovery_only__ingress_burst__r6,recovery_only,ingress_burst,6,1476921658,llm_invalid,0.0
recovery_only__ingress_burst__r6,recovery_only,ingress_burst,6,1476921658,llm_latency_s,12.8497597079986
recovery_only__ingress_burst__r7,recovery_only,ingress_burst,7,281113451,mttr_s,247.773814
recovery_only__ingress_burst__r7,recovery_only,ingress_burst,7,281113451,cost_units,1222.5000034334716
recovery_only__ingress_burst__r7,recovery_only,ingress_burst,7,281113451,manual_interventions,6.0
recovery_only__ingress_burst__r7,recovery_only,ingress_burst,7,281113451,llm_tokens,347139.0
recovery_only__ingress_burst__r7,recovery_only,ingress_burst,7,281113451,freshness_s,250.362867
recovery_only__ingress_burst__r7,recovery_only,ingress_burst,7,281113451,decision_correct,0.0
recovery_only__ingress_burst__r7,recovery_only,ingress_burst,7,281113451,wall_clock_s,430.93787704200076
recovery_only__ingress_burst__r7,recovery_only,ingress_burst,7,281113451,api_tokens,2691.0
recovery_only__ingress_burst__r7,recovery_only,ingress_burst,7,281113451,llm_calls,2.0
recovery_only__ingress_burst__r7,recovery_only,ingress_burst,7,281113451,llm_cache_hits,256.0
recovery_only__ingress_burst__r7,recovery_only,ingress_burst,7,281113451,llm_degraded,0.0
recovery_only__ingress_burst__r7,recovery_only,ingress_burst,7,281113451,llm_invalid,0.0
recovery_only__ingress_burst__r7,recovery_only,ingress_burst,7,281113451,llm_latency_s,15.714602416497655
recovery_only__ingress_burst__r8,recovery_only,ingress_burst,8,494548040,mttr_s,207.350704
recovery_only__ingress_burst__r8,recovery_only,ingress_burst,8,494548040,cost_units,21855.000067688412
recovery_only__ingress_burst__r8,recovery_only,ingress_burst,8,494548040,manual_interventions,53.0
recovery_only__ingress_burst__r8,recovery_only,ingress_burst,8,494548040,llm_tokens,390015.0
recovery_only__ingress_burst__r8,recovery_only,ingress_burst,8,494548040,freshness_s,189.177881
recovery_only__ingress_burst__r8,recovery_only,ingress_burst,8,494548040,decision_correct,0.0
recovery_only__ingress_burst__r8,recovery_only,ingress_burst,8,494548040,wall_clock_s,435.9927524999948
recovery_only__ingress_burst__r8,recovery_only,ingress_burst,8,494548040,api_tokens,2889.0
recovery_only__ingress_burst__r8,recovery_only,ingress_burst,8,494548040,llm_calls,2.0
recovery_only__ingress_burst__r8,recovery_only,ingress_burst,8,494548040,llm_cache_hits,268.0
recovery_only__ingress_burst__r8,recovery_only,ingress_burst,8,494548040,llm_degraded,0.0
recovery_only__ingress_burst__r8,recovery_only,ingress_burst,8,494548040,llm_invalid,0.0
recovery_only__ingress_burst__r8,recovery_only,ingress_burst,8,494548040,llm_latency_s,7.432332104501256
recovery_only__ingress_burst__r9,recovery_only,ingress_burst,9,586542872,mttr_s,367.389986
recovery_only__ingress_burst__r9,recovery_only,ingress_burst,9,586542872,cost_units,38252.500118754324
recovery_only__ingress_burst__r9,recovery_only,ingress_burst,9,586542872,manual_interventions,80.0
recovery_only__ingress_burst__r9,recovery_only,ingress_burst,9,586542872,llm_tokens,281499.0
recovery_only__ingress_burst__r9,recovery_only,ingress_burst,9,586542872,freshness_s,372.48421
recovery_only__ingress_burst__r9,recovery_only,ingress_burst,9,586542872,decision_correct,0.0
recovery_only__ingress_burst__r9,recovery_only,ingress_burst,9,586542872,wall_clock_s,438.224390125004
recovery_only__ingress_burst__r9,recovery_only,ingress_burst,9,586542872,api_tokens,2733.0
recovery_only__ingress_burst__r9,recovery_only,ingress_burst,9,586542872,llm_calls,2.0
recovery_only__ingress_burst__r9,recovery_only,ingress_burst,9,586542872,llm_cache_hits,204.0
recovery_only__ingress_burst__r9,recovery_only,ingress_burst,9,586542872,llm_degraded,0.0
recovery_only__ingress_burst__r9,recovery_only,ingress_burst,9,586542872,llm_invalid,0.0
recovery_only__ingress_burst__r9,recovery_only,ingress_burst,9,586542872,llm_latency_s,41.794971562499995
optimization_only__schema_drift__r0,optimization_only,schema_drift,0,1151390038,mttr_s,524.2614345
optimization_only__schema_drift__r0,optimization_only,schema_drift,0,1151390038,cost_units,1125.2831014334718
optimization_only__schema_drift__r0,optimization_only,schema_drift,0,1151390038,manual_interventions,2.0
optimization_only__schema_drift__r0,optimization_only,schema_drift,0,1151390038,llm_tokens,396095.0
optimization_only__schema_drift__r0,optimization_only,schema_drift,0,1151390038,freshness_s,0.0
optimization_only__schema_drift__r0,optimization_only,schema_drift,0,1151390038,decision_correct,0.0
optimization_only__schema_drift__r0,optimization_only,schema_drift,0,1151390038,wall_clock_s,430.37607541598845
optimization_only__schema_drift__r0,optimization_only,schema_drift,0,1151390038,api_tokens,3060.0
optimization_only__schema_drift__r0,optimization_only,schema_drift,0,1151390038,llm_calls,2.0
optimization_only__schema_drift__r0,optimization_only,schema_drift,0,1151390038,llm_cache_hits,257.0
optimization_only__schema_drift__r0,optimization_only,schema_drift,0,1151390038,llm_degraded,1.0
optimization_only__schema_drift__r0,optimization_only,schema_drift,0,1151390038,llm_invalid,0.0
optimization_only__schema_drift__r0,optimization_only,schema_drift,0,1151390038,llm_latency_s,13.234921354000107
optimization_only__schema_drift__r1,optimization_only,schema_drift,1,4069458461,mttr_s,386.1301615
optimization_only__schema_drift__r1,optimization_only,schema_drift,1,4069458461,cost_units,607.7743779168977
optimization_only__schema_drift__r1,optimization_only,schema_drift,1,4069458461,manual_interventions,2.0
optimization_only__schema_drift__r1,optimization_only,schema_drift,1,4069458461,llm_tokens,413270.0
optimization_only__schema_drift__r1,optimization_only,schema_drift,1,4069458461,freshness_s,0.0
optimization_only__schema_drift__r1,optimization_only,schema_drift,1,4069458461,decision_correct,0.0
optimization_only__schema_drift__r1,optimization_only,schema_drift,1,4069458461,wall_clock_s,432.6004212090047
optimization_only__schema_drift__r1,optimization_only,schema_drift,1,4069458461,api_tokens,3179.0
optimization_only__schema_drift__r1,optimization_only,schema_drift,1,4069458461,llm_calls,2.0
optimization_only__schema_drift__r1,optimization_only,schema_drift,1,4069458461,llm_cache_hits,258.0
optimization_only__schema_drift__r1,optimization_only,schema_drift,1,4069458461,llm_degraded,0.0
optimization_only__schema_drift__r1,optimization_only,schema_drift,1,4069458461,llm_invalid,0.0
optimization_only__schema_drift__r1,optimization_only,schema_drift,1,4069458461,llm_latency_s,14.747528917003365
optimization_only__schema_drift__r2,optimization_only,schema_drift,2,2023145667,mttr_s,221.061597
optimization_only__schema_drift__r2,optimization_only,schema_drift,2,2023145667,cost_units,76.50000343347199
optimization_only__schema_drift__r2,optimization_only,schema_drift,2,2023145667,manual_interventions,2.0
optimization_only__schema_drift__r2,optimization_only,schema_drift,2,2023145667,llm_tokens,164472.0
optimization_only__schema_drift__r2,optimization_only,schema_drift,2,2023145667,freshness_s,0.0
optimization_only__schema_drift__r2,optimization_only,schema_drift,2,2023145667,decision_correct,0.0
optimization_only__schema_drift__r2,optimization_only,schema_drift,2,2023145667,wall_clock_s,431.62314258400875
optimization_only__schema_drift__r2,optimization_only,schema_drift,2,2023145667,api_tokens,2645.0
optimization_only__schema_drift__r2,optimization_only,schema_drift,2,2023145667,llm_calls,2.0
optimization_only__schema_drift__r2,optimization_only,schema_drift,2,2023145667,llm_cache_hits,262.0
optimization_only__schema_drift__r2,optimization_only,schema_drift,2,2023145667,llm_degraded,0.0
optimization_only__schema_drift__r2,optimization_only,schema_drift,2,2023145667,llm_invalid,0.0
optimization_only__schema_drift__r2,optimization_only,schema_drift,2,2023145667,llm_latency_s,14.19279916700907
optimization_only__schema_drift__r3,optimization_only,schema_drift,3,3076867184,mttr_s,578.9069485
optimization_only__schema_drift__r3,optimization_only,schema_drift,3,3076867184,cost_units,76.50000343347199
optimization_only__schema_drift__r3,optimization_only,schema_drift,3,3076867184,manual_interventions,2.0
optimization_only__schema_drift__r3,optimization_only,schema_drift,3,3076867184,llm_tokens,180198.0
optimization_only__schema_drift__r3,optimization_only,schema_drift,3,3076867184,freshness_s,0.0
optimization_only__schema_drift__r3,optimization_only,schema_drift,3,3076867184,decision_correct,0.0
optimization_only__schema_drift__r3,optimization_only,schema_drift,3,3076867184,wall_clock_s,430.88921895799285
optimization_only__schema_drift__r3,optimization_only,schema_drift,3,3076867184,api_tokens,2660.0
optimization_only__schema_drift__r3,optimization_only,schema_drift,3,3076867184,llm_calls,2.0
optimization_only__schema_drift__r3,optimization_only,schema_drift,3,3076867184,llm_cache_hits,280.0
optimization_only__schema_drift__r3,optimization_only,schema_drift,3,3076867184,llm_degraded,0.0
optimization_only__schema_drift__r3,optimization_only,schema_drift,3,3076867184,llm_invalid,0.0
optimization_only__schema_drift__r3,optimization_only,schema_drift,3,3076867184,llm_latency_s,4.5495590415084735
optimization_only__schema_drift__r4,optimization_only,schema_drift,4,3100763806,mttr_s,286.627249
optimization_only__schema_drift__r4,optimization_only,schema_drift,4,3100763806,cost_units,76.50000343347199
optimization_only__schema_drift__r4,optimization_only,schema_drift,4,3100763806,manual_interventions,2.0
optimization_only__schema_drift__r4,optimization_only,schema_drift,4,3100763806,llm_tokens,165648.0
optimization_only__schema_drift__r4,optimization_only,schema_drift,4,3100763806,freshness_s,0.0
optimization_only__schema_drift__r4,optimization_only,schema_drift,4,3100763806,decision_correct,0.0
optimization_only__schema_drift__r4,optimization_only,schema_drift,4,3100763806,wall_clock_s,431.5691001669911
optimization_only__schema_drift__r4,optimization_only,schema_drift,4,3100763806,api_tokens,2639.0
optimization_only__schema_drift__r4,optimization_only,schema_drift,4,3100763806,llm_calls,2.0
optimization_only__schema_drift__r4,optimization_only,schema_drift,4,3100763806,llm_cache_hits,270.0
optimization_only__schema_drift__r4,optimization_only,schema_drift,4,3100763806,llm_degraded,0.0
optimization_only__schema_drift__r4,optimization_only,schema_drift,4,3100763806,llm_invalid,0.0
optimization_only__schema_drift__r4,optimization_only,schema_drift,4,3100763806,llm_latency_s,10.218877582992718
optimization_only__schema_drift__r5,optimization_only,schema_drift,5,2371555548,mttr_s,480.10389
optimization_only__schema_drift__r5,optimization_only,schema_drift,5,2371555548,cost_units,76.50000343347199
optimization_only__schema_drift__r5,optimization_only,schema_drift,5,2371555548,manual_interventions,2.0
optimization_only__schema_drift__r5,optimization_only,schema_drift,5,2371555548,llm_tokens,176502.0
optimization_only__schema_drift__r5,optimization_only,schema_drift,5,2371555548,freshness_s,0.0
optimization_only__schema_drift__r5,optimization_only,schema_drift,5,2371555548,decision_correct,0.0
optimization_only__schema_drift__r5,optimization_only,schema_drift,5,2371555548,wall_clock_s,431.521965042004
optimization_only__schema_drift__r5,optimization_only,schema_drift,5,2371555548,api_tokens,2806.0
optimization_only__schema_drift__r5,optimization_only,schema_drift,5,2371555548,llm_calls,2.0
optimization_only__schema_drift__r5,optimization_only,schema_drift,5,2371555548,llm_cache_hits,274.0
optimization_only__schema_drift__r5,optimization_only,schema_drift,5,2371555548,llm_degraded,0.0
optimization_only__schema_drift__r5,optimization_only,schema_drift,5,2371555548,llm_invalid,0.0
optimization_only__schema_drift__r5,optimization_only,schema_drift,5,2371555548,llm_latency_s,8.232333583502623
optimization_only__schema_drift__r6,optimization_only,schema_drift,6,182819644,mttr_s,399.3373425
optimization_only__schema_drift__r6,optimization_only,schema_drift,6,182819644,cost_units,76.50000343347199
optimization_only__schema_drift__r6,optimization_only,schema_drift,6,182819644,manual_interventions,2.0
optimization_only__schema_drift__r6,optimization_only,schema_drift,6,182819644,llm_tokens,169309.0
optimization_only__schema_drift__r6,optimization_only,schema_drift,6,182819644,freshness_s,0.0
optimization_only__schema_drift__r6,optimization_only,schema_drift,6,182819644,decision_correct,0.0
optimization_only__schema_drift__r6,optimization_only,schema_drift,6,182819644,wall_clock_s,431.39253845800704
optimization_only__schema_drift__r6,optimization_only,schema_drift,6,182819644,api_tokens,3054.0
optimization_only__schema_drift__r6,optimization_only,schema_drift,6,182819644,llm_calls,2.0
optimization_only__schema_drift__r6,optimization_only,schema_drift,6,182819644,llm_cache_hits,264.0
optimization_only__schema_drift__r6,optimization_only,schema_drift,6,182819644,llm_degraded,0.0
optimization_only__schema_drift__r6,optimization_only,schema_drift,6,182819644,llm_invalid,0.0
optimization_only__schema_drift__r6,optimization_only,schema_drift,6,182819644,llm_latency_s,12.939011937000032
optimization_only__schema_drift__r7,optimization_only,schema_drift,7,3193543754,mttr_s,583.8195315
optimization_only__schema_drift__r7,optimization_only,schema_drift,7,3193543754,cost_units,76.50000343347199
optimization_only__schema_drift__r7,optimization_only,schema_drift,7,3193543754,manual_interventions,2.0
optimization_only__schema_drift__r7,optimization_only,schema_drift,7,3193543754,llm_tokens,184668.0
optimization_only__schema_drift__r7,optimization_only,schema_drift,7,3193543754,freshness_s,0.0
optimization_only__schema_drift__r7,optimization_only,schema_drift,7,3193543754,decision_correct,0.0
optimization_only__schema_drift__r7,optimization_only,schema_drift,7,3193543754,wall_clock_s,432.1550947920041
optimization_only__schema_drift__r7,optimization_only,schema_drift,7,3193543754,api_tokens,2797.0
optimization_only__schema_drift__r7,optimization_only,schema_drift,7,3193543754,llm_calls,2.0
optimization_only__schema_drift__r7,optimization_only,schema_drift,7,3193543754,llm_cache_hits,262.0
optimization_only__schema_drift__r7,optimization_only,schema_drift,7,3193543754,llm_degraded,0.0
optimization_only__schema_drift__r7,optimization_only,schema_drift,7,3193543754,llm_invalid,0.0
optimization_only__schema_drift__r7,optimization_only,schema_drift,7,3193543754,llm_latency_s,14.582296145497821
optimization_only__schema_drift__r8,optimization_only,schema_drift,8,1411404834,mttr_s,562.1036240000001
optimization_only__schema_drift__r8,optimization_only,schema_drift,8,1411404834,cost_units,76.50000343347199
optimization_only__schema_drift__r8,optimization_only,schema_drift,8,1411404834,manual_interventions,2.0
optimization_only__schema_drift__r8,optimization_only,schema_drift,8,1411404834,llm_tokens,178335.0
optimization_only__schema_drift__r8,optimization_only,schema_drift,8,1411404834,freshness_s,0.0
optimization_only__schema_drift__r8,optimization_only,schema_drift,8,1411404834,decision_correct,0.0
optimization_only__schema_drift__r8,optimization_only,schema_drift,8,1411404834,wall_clock_s,431.607180291001
optimization_only__schema_drift__r8,optimization_only,schema_drift,8,1411404834,api_tokens,2922.0
optimization_only__schema_drift__r8,optimization_only,schema_drift,8,1411404834,llm_calls,2.0
optimization_only__schema_drift__r8,optimization_only,schema_drift,8,1411404834,llm_cache_hits,268.0
optimization_only__schema_drift__r8,optimization_only,schema_drift,8,1411404834,llm_degraded,0.0
optimization_only__schema_drift__r8,optimization_only,schema_drift,8,1411404834,llm_invalid,0.0
optimization_only__schema_drift__r8,optimization_only,schema_drift,8,1411404834,llm_latency_s,11.465408332995139
optimization_only__schema_drift__r9,optimization_only,schema_drift,9,2237790260,mttr_s,604.2349775
optimization_only__schema_drift__r9,optimization_only,schema_drift,9,2237790260,cost_units,76.50000343347199
optimization_only__schema_drift__r9,optimization_only,schema_drift,9,2237790260,manual_interventions,2.0
optimization_only__schema_drift__r9,optimization_only,schema_drift,9,2237790260,llm_tokens,177054.0
optimization_only__schema_drift__r9,optimization_only,schema_drift,9,2237790260,freshness_s,0.0
optimization_only__schema_drift__r9,optimization_only,schema_drift,9,2237790260,decision_correct,0.0
optimization_only__schema_drift__r9,optimization_only,schema_drift,9,2237790260,wall_clock_s,431.56317612499697
optimization_only__schema_drift__r9,optimization_only,schema_drift,9,2237790260,api_tokens,2778.0
optimization_only__schema_drift__r9,optimization_only,schema_drift,9,2237790260,llm_calls,2.0
optimization_only__schema_drift__r9,optimization_only,schema_drift,9,2237790260,llm_cache_hits,274.0
optimization_only__schema_drift__r9,optimization_only,schema_drift,9,2237790260,llm_degraded,0.0
optimization_only__schema_drift__r9,optimization_only,schema_drift,9,2237790260,llm_invalid,0.0
optimization_only__schema_drift__r9,optimization_only,schema_drift,9,2237790260,llm_latency_s,8.641052041501098
optimization_only__upstream_delay__r0,optimization_only,upstream_delay,0,2785678683,mttr_s,220.131135
optimization_only__upstream_delay__r0,optimization_only,upstream_delay,0,2785678683,cost_units,76.50000343347199
optimization_only__upstream_delay__r0,optimization_only,upstream_delay,0,2785678683,manual_interventions,1.0
optimization_only__upstream_delay__r0,optimization_only,upstream_delay,0,2785678683,llm_tokens,165907.0
optimization_only__upstream_delay__r0,optimization_only,upstream_delay,0,2785678683,freshness_s,223.500249
optimization_only__upstream_delay__r0,optimization_only,upstream_delay,0,2785678683,decision_correct,0.0
optimization_only__upstream_delay__r0,optimization_only,upstream_delay,0,2785678683,wall_clock_s,432.57809358301165
optimization_only__upstream_delay__r0,optimization_only,upstream_delay,0,2785678683,api_tokens,2722.0
optimization_only__upstream_delay__r0,optimization_only,upstream_delay,0,2785678683,llm_calls,2.0
optimization_only__upstream_delay__r0,optimization_only,upstream_delay,0,2785678683,llm_cache_hits,272.0
optimization_only__upstream_delay__r0,optimization_only,upstream_delay,0,2785678683,llm_degraded,0.0
optimization_only__upstream_delay__r0,optimization_only,upstream_delay,0,2785678683,llm_invalid,0.0
optimization_only__upstream_delay__r0,optimization_only,upstream_delay,0,2785678683,llm_latency_s,9.907685395999579
optimization_only__upstream_delay__r1,optimization_only,upstream_delay,1,3251713402,mttr_s,399.373985
optimization_only__upstream_delay__r1,optimization_only,upstream_delay,1,3251713402,cost_units,76.50000343347199
optimization_only__upstream_delay__r1,optimization_only,upstream_delay,1,3251713402,manual_interventions,1.0
optimization_only__upstream_delay__r1,optimization_only,upstream_delay,1,3251713402,llm_tokens,165534.0
optimization_only__upstream_delay__r1,optimization_only,upstream_delay,1,3251713402,freshness_s,402.334142
optimization_only__upstream_delay__r1,optimization_only,upstream_delay,1,3251713402,decision_correct,0.0
optimization_only__upstream_delay__r1,optimization_only,upstream_delay,1,3251713402,wall_clock_s,432.6950189580093
optimization_only__upstream_delay__r1,optimization_only,upstream_delay,1,3251713402,api_tokens,2548.0
optimization_only__upstream_delay__r1,optimization_only,upstream_delay,1,3251713402,llm_calls,2.0
optimization_only__upstream_delay__r1,optimization_only,upstream_delay,1,3251713402,llm_cache_hits,280.0
optimization_only__upstream_delay__r1,optimization_only,upstream_delay,1,3251713402,llm_degraded,0.0
optimization_only__upstream_delay__r1,optimization_only,upstream_delay,1,3251713402,llm_invalid,0.0
optimization_only__upstream_delay__r1,optimization_only,upstream_delay,1,3251713402,llm_latency_s,5.907022457999119
optimization_only__upstream_delay__r2,optimization_only,upstream_delay,2,196759972,mttr_s,259.865146
optimization_only__upstream_delay__r2,optimization_only,upstream_delay,2,196759972,cost_units,89.00000479596095
optimization_only__upstream_delay__r2,optimization_only,upstream_delay,2,196759972,manual_interventions,1.0
optimization_only__upstream_delay__r2,optimization_only,upstream_delay,2,196759972,llm_tokens,180018.0
optimization_only__upstream_delay__r2,optimization_only,upstream_delay,2,196759972,freshness_s,264.519989
optimization_only__upstream_delay__r2,optimization_only,upstream_delay,2,196759972,decision_correct,0.0
optimization_only__upstream_delay__r2,optimization_only,upstream_delay,2,196759972,wall_clock_s,431.2048781670019
optimization_only__upstream_delay__r2,optimization_only,upstream_delay,2,196759972,api_tokens,2703.0
optimization_only__upstream_delay__r2,optimization_only,upstream_delay,2,196759972,llm_calls,2.0
optimization_only__upstream_delay__r2,optimization_only,upstream_delay,2,196759972,llm_cache_hits,272.0
optimization_only__upstream_delay__r2,optimization_only,upstream_delay,2,196759972,llm_degraded,0.0
optimization_only__upstream_delay__r2,optimization_only,upstream_delay,2,196759972,llm_invalid,0.0
optimization_only__upstream_delay__r2,optimization_only,upstream_delay,2,196759972,llm_latency_s,8.44368218749878
optimization_only__upstream_delay__r3,optimization_only,upstream_delay,3,2511488143,mttr_s,538.837133
optimization_only__upstream_delay__r3,optimization_only,upstream_delay,3,2511488143,cost_units,76.50000343347199
optimization_only__upstream_delay__r3,optimization_only,upstream_delay,3,2511488143,manual_interventions,1.0
optimization_only__upstream_delay__r3,optimization_only,upstream_delay,3,2511488143,llm_tokens,160532.0
optimization_only__upstream_delay__r3,optimization_only,upstream_delay,3,2511488143,freshness_s,542.524852
optimization_only__upstream_delay__r3,optimization_only,upstream_delay,3,2511488143,decision_correct,0.0
optimization_only__upstream_delay__r3,optimization_only,upstream_delay,3,2511488143,wall_clock_s,430.3047182910086
optimization_only__upstream_delay__r3,optimization_only,upstream_delay,3,2511488143,api_tokens,2870.0
optimization_only__upstream_delay__r3,optimization_only,upstream_delay,3,2511488143,llm_calls,2.0
optimization_only__upstream_delay__r3,optimization_only,upstream_delay,3,2511488143,llm_cache_hits,265.0
optimization_only__upstream_delay__r3,optimization_only,upstream_delay,3,2511488143,llm_degraded,1.0
optimization_only__upstream_delay__r3,optimization_only,upstream_delay,3,2511488143,llm_invalid,0.0
optimization_only__upstream_delay__r3,optimization_only,upstream_delay,3,2511488143,llm_latency_s,11.027710791502614
optimization_only__upstream_delay__r4,optimization_only,upstream_delay,4,4200697750,mttr_s,226.433942
optimization_only__upstream_delay__r4,optimization_only,upstream_delay,4,4200697750,cost_units,76.13298983347198
optimization_only__upstream_delay__r4,optimization_only,upstream_delay,4,4200697750,manual_interventions,1.0
optimization_only__upstream_delay__r4,optimization_only,upstream_delay,4,4200697750,llm_tokens,367740.0
optimization_only__upstream_delay__r4,optimization_only,upstream_delay,4,4200697750,freshness_s,229.792355
optimization_only__upstream_delay__r4,optimization_only,upstream_delay,4,4200697750,decision_correct,0.0
optimization_only__upstream_delay__r4,optimization_only,upstream_delay,4,4200697750,wall_clock_s,430.3218444170052
optimization_only__upstream_delay__r4,optimization_only,upstream_delay,4,4200697750,api_tokens,2724.0
optimization_only__upstream_delay__r4,optimization_only,upstream_delay,4,4200697750,llm_calls,2.0
optimization_only__upstream_delay__r4,optimization_only,upstream_delay,4,4200697750,llm_cache_hits,268.0
optimization_only__upstream_delay__r4,optimization_only,upstream_delay,4,4200697750,llm_degraded,0.0
optimization_only__upstream_delay__r4,optimization_only,upstream_delay,4,4200697750,llm_invalid,0.0
optimization_only__upstream_delay__r4,optimization_only,upstream_delay,4,4200697750,llm_latency_s,9.471698416498839
optimization_only__upstream_delay__r5,optimization_only,upstream_delay,5,586507998,mttr_s,1229.732817
optimization_only__upstream_delay__r5,optimization_only,upstream_delay,5,586507998,cost_units,60.75000343347199
optimization_only__upstream_delay__r5,optimization_only,upstream_delay,5,586507998,manual_interventions,1.0
optimization_only__upstream_delay__r5,optimization_only,upstream_delay,5,586507998,llm_tokens,167670.0
optimization_only__upstream_delay__r5,optimization_only,upstream_delay,5,586507998,freshness_s,1233.084432
optimization_only__upstream_delay__r5,optimization_only,upstream_delay,5,586507998,decision_correct,0.0
optimization_only__upstream_delay__r5,optimization_only,upstream_delay,5,586507998,wall_clock_s,432.36621300000115
optimization_only__upstream_delay__r5,optimization_only,upstream_delay,5,586507998,api_tokens,2621.0
optimization_only__upstream_delay__r5,optimization_only,upstream_delay,5,586507998,llm_calls,2.0
optimization_only__upstream_delay__r5,optimization_only,upstream_delay,5,586507998,llm_cache_hits,274.0
optimization_only__upstream_delay__r5,optimization_only,upstream_delay,5,586507998,llm_degraded,0.0
optimization_only__upstream_delay__r5,optimization_only,upstream_delay,5,586507998,llm_invalid,0.0
optimization_only__upstream_delay__r5,optimization_only,upstream_delay,5,586507998,llm_latency_s,8.575778520993481
optimization_only__upstream_delay__r6,optimization_only,upstream_delay,6,68011885,mttr_s,226.347806
optimization_only__upstream_delay__r6,optimization_only,upstream_delay,6,68011885,cost_units,60.75000343347199
optimization_only__upstream_delay__r6,optimization_only,upstream_delay,6,68011885,manual_interventions,1.0
optimization_only__upstream_delay__r6,optimization_only,upstream_delay,6,68011885,llm_tokens,165784.0
optimization_only__upstream_delay__r6,optimization_only,upstream_delay,6,68011885,freshness_s,229.975264
optimization_only__upstream_delay__r6,optimization_only,upstream_delay,6,68011885,decision_correct,0.0
optimization_only__upstream_delay__r6,optimization_only,upstream_delay,6,68011885,wall_clock_s,431.2310330420005
optimization_only__upstream_delay__r6,optimization_only,upstream_delay,6,68011885,api_tokens,2884.0
optimization_only__upstream_delay__r6,optimization_only,upstream_delay,6,68011885,llm_calls,2.0
optimization_only__upstream_delay__r6,optimization_only,upstream_delay,6,68011885,llm_cache_hits,270.0
optimization_only__upstream_delay__r6,optimization_only,upstream_delay,6,68011885,llm_degraded,0.0
optimization_only__upstream_delay__r6,optimization_only,upstream_delay,6,68011885,llm_invalid,0.0
optimization_only__upstream_delay__r6,optimization_only,upstream_delay,6,68011885,llm_latency_s,9.828269582998473
optimization_only__upstream_delay__r7,optimization_only,upstream_delay,7,3128279088,mttr_s,588.279474
optimization_only__upstream_delay__r7,optimization_only,upstream_delay,7,3128279088,cost_units,60.75000343347199
optimization_only__upstream_delay__r7,optimization_only,upstream_delay,7,3128279088,manual_interventions,1.0
optimization_only__upstream_delay__r7,optimization_only,upstream_delay,7,3128279088,llm_tokens,172499.0
optimization_only__upstream_delay__r7,optimization_only,upstream_delay,7,3128279088,freshness_s,592.957989
optimization_only__upstream_delay__r7,optimization_only,upstream_delay,7,3128279088,decision_correct,0.0
optimization_only__upstream_delay__r7,optimization_only,upstream_delay,7,3128279088,wall_clock_s,431.9612124169944
optimization_only__upstream_delay__r7,optimization_only,upstream_delay,7,3128279088,api_tokens,2708.0
optimization_only__upstream_delay__r7,optimization_only,upstream_delay,7,3128279088,llm_calls,2.0
optimization_only__upstream_delay__r7,optimization_only,upstream_delay,7,3128279088,llm_cache_hits,276.0
optimization_only__upstream_delay__r7,optimization_only,upstream_delay,7,3128279088,llm_degraded,0.0
optimization_only__upstream_delay__r7,optimization_only,upstream_delay,7,3128279088,llm_invalid,0.0
optimization_only__upstream_delay__r7,optimization_only,upstream_delay,7,3128279088,llm_latency_s,7.097342020504584
optimization_only__upstream_delay__r8,optimization_only,upstream_delay,8,3521915988,mttr_s,171.666288
optimization_only__upstream_delay__r8,optimization_only,upstream_delay,8,3521915988,cost_units,60.75000343347199
optimization_only__upstream_delay__r8,optimization_only,upstream_delay,8,3521915988,manual_interventions,1.0
optimization_only__upstream_delay__r8,optimization_only,upstream_delay,8,3521915988,llm_tokens,170154.0
optimization_only__upstream_delay__r8,optimization_only,upstream_delay,8,3521915988,freshness_s,180.341432
optimization_only__upstream_delay__r8,optimization_only,upstream_delay,8,3521915988,decision_correct,0.0
optimization_only__upstream_delay__r8,optimization_only,upstream_delay,8,3521915988,wall_clock_s,431.6895709579985
optimization_only__upstream_delay__r8,optimization_only,upstream_delay,8,3521915988,api_tokens,2623.0
optimization_only__upstream_delay__r8,optimization_only,upstream_delay,8,3521915988,llm_calls,2.0
optimization_only__upstream_delay__r8,optimization_only,upstream_delay,8,3521915988,llm_cache_hits,274.0
optimization_only__upstream_delay__r8,optimization_only,upstream_delay,8,3521915988,llm_degraded,0.0
optimization_only__upstream_delay__r8,optimization_only,upstream_delay,8,3521915988,llm_invalid,0.0
optimization_only__upstream_delay__r8,optimization_only,upstream_delay,8,3521915988,llm_latency_s,8.658212333495612
optimization_only__upstream_delay__r9,optimization_only,upstream_delay,9,1729270222,mttr_s,301.311645
optimization_only__upstream_delay__r9,optimization_only,upstream_delay,9,1729270222,cost_units,516.5001027861506
optimization_only__upstream_delay__r9,optimization_only,upstream_delay,9,1729270222,manual_interventions,1.0
optimization_only__upstream_delay__r9,optimization_only,upstream_delay,9,1729270222,llm_tokens,0.0
optimization_only__upstream_delay__r9,optimization_only,upstream_delay,9,1729270222,freshness_s,301.311645
optimization_only__upstream_delay__r9,optimization_only,upstream_delay,9,1729270222,decision_correct,0.0
optimization_only__upstream_delay__r9,optimization_only,upstream_delay,9,1729270222,wall_clock_s,436.03316145800636
optimization_only__upstream_delay__r9,optimization_only,upstream_delay,9,1729270222,api_tokens,0.0
optimization_only__upstream_delay__r9,optimization_only,upstream_delay,9,1729270222,llm_calls,0.0
optimization_only__upstream_delay__r9,optimization_only,upstream_delay,9,1729270222,llm_cache_hits,0.0
optimization_only__upstream_delay__r9,optimization_only,upstream_delay,9,1729270222,llm_degraded,44.0
optimization_only__upstream_delay__r9,optimization_only,upstream_delay,9,1729270222,llm_invalid,0.0
optimization_only__upstream_delay__r9,optimization_only,upstream_delay,9,1729270222,llm_latency_s,0.0
optimization_only__resource_contention__r0,optimization_only,resource_contention,0,3105231273,mttr_s,502.84036
optimization_only__resource_contention__r0,optimization_only,resource_contention,0,3105231273,cost_units,891.250184480957
optimization_only__resource_contention__r0,optimization_only,resource_contention,0,3105231273,manual_interventions,1.0
optimization_only__resource_contention__r0,optimization_only,resource_contention,0,3105231273,llm_tokens,6095.0
optimization_only__resource_contention__r0,optimization_only,resource_contention,0,3105231273,freshness_s,0.0
optimization_only__resource_contention__r0,optimization_only,resource_contention,0,3105231273,decision_correct,0.0
optimization_only__resource_contention__r0,optimization_only,resource_contention,0,3105231273,wall_clock_s,707.7863314579881
optimization_only__resource_contention__r0,optimization_only,resource_contention,0,3105231273,api_tokens,1219.0
optimization_only__resource_contention__r0,optimization_only,resource_contention,0,3105231273,llm_calls,1.0
optimization_only__resource_contention__r0,optimization_only,resource_contention,0,3105231273,llm_cache_hits,4.0
optimization_only__resource_contention__r0,optimization_only,resource_contention,0,3105231273,llm_degraded,5.0
optimization_only__resource_contention__r0,optimization_only,resource_contention,0,3105231273,llm_invalid,0.0
optimization_only__resource_contention__r0,optimization_only,resource_contention,0,3105231273,llm_latency_s,4.116292249993421
optimization_only__resource_contention__r1,optimization_only,resource_contention,1,41633698,mttr_s,347.046176
optimization_only__resource_contention__r1,optimization_only,resource_contention,1,41633698,cost_units,69.75000539545597
optimization_only__resource_contention__r1,optimization_only,resource_contention,1,41633698,manual_interventions,6.0
optimization_only__resource_contention__r1,optimization_only,resource_contention,1,41633698,llm_tokens,277010.0
optimization_only__resource_contention__r1,optimization_only,resource_contention,1,41633698,freshness_s,0.0
optimization_only__resource_contention__r1,optimization_only,resource_contention,1,41633698,decision_correct,0.0
optimization_only__resource_contention__r1,optimization_only,resource_contention,1,41633698,wall_clock_s,613.3162456249993
optimization_only__resource_contention__r1,optimization_only,resource_contention,1,41633698,api_tokens,3207.0
optimization_only__resource_contention__r1,optimization_only,resource_contention,1,41633698,llm_calls,2.0
optimization_only__resource_contention__r1,optimization_only,resource_contention,1,41633698,llm_cache_hits,171.0
optimization_only__resource_contention__r1,optimization_only,resource_contention,1,41633698,llm_degraded,1.0
optimization_only__resource_contention__r1,optimization_only,resource_contention,1,41633698,llm_invalid,0.0
optimization_only__resource_contention__r1,optimization_only,resource_contention,1,41633698,llm_latency_s,23.941313353498117
optimization_only__resource_contention__r2,optimization_only,resource_contention,2,2414180868,mttr_s,327.019176
optimization_only__resource_contention__r2,optimization_only,resource_contention,2,2414180868,cost_units,171.750027631274
optimization_only__resource_contention__r2,optimization_only,resource_contention,2,2414180868,manual_interventions,12.0
optimization_only__resource_contention__r2,optimization_only,resource_contention,2,2414180868,llm_tokens,226429.0
optimization_only__resource_contention__r2,optimization_only,resource_contention,2,2414180868,freshness_s,0.0
optimization_only__resource_contention__r2,optimization_only,resource_contention,2,2414180868,decision_correct,0.0
optimization_only__resource_contention__r2,optimization_only,resource_contention,2,2414180868,wall_clock_s,615.8781281249976
optimization_only__resource_contention__r2,optimization_only,resource_contention,2,2414180868,api_tokens,2985.0
optimization_only__resource_contention__r2,optimization_only,resource_contention,2,2414180868,llm_calls,2.0
optimization_only__resource_contention__r2,optimization_only,resource_contention,2,2414180868,llm_cache_hits,150.0
optimization_only__resource_contention__r2,optimization_only,resource_contention,2,2414180868,llm_degraded,2.0
optimization_only__resource_contention__r2,optimization_only,resource_contention,2,2414180868,llm_invalid,0.0
optimization_only__resource_contention__r2,optimization_only,resource_contention,2,2414180868,llm_latency_s,28.071113250502094
optimization_only__resource_contention__r3,optimization_only,resource_contention,3,2864018182,mttr_s,210.75398
optimization_only__resource_contention__r3,optimization_only,resource_contention,3,2864018182,cost_units,230.00004032967277
optimization_only__resource_contention__r3,optimization_only,resource_contention,3,2864018182,manual_interventions,6.0
optimization_only__resource_contention__r3,optimization_only,resource_contention,3,2864018182,llm_tokens,378560.0
optimization_only__resource_contention__r3,optimization_only,resource_contention,3,2864018182,freshness_s,0.0
optimization_only__resource_contention__r3,optimization_only,resource_contention,3,2864018182,decision_correct,0.0
optimization_only__resource_contention__r3,optimization_only,resource_contention,3,2864018182,wall_clock_s,614.744297458994
optimization_only__resource_contention__r3,optimization_only,resource_contention,3,2864018182,api_tokens,2912.0
optimization_only__resource_contention__r3,optimization_only,resource_contention,3,2864018182,llm_calls,2.0
optimization_only__resource_contention__r3,optimization_only,resource_contention,3,2864018182,llm_cache_hits,258.0
optimization_only__resource_contention__r3,optimization_only,resource_contention,3,2864018182,llm_degraded,0.0
optimization_only__resource_contention__r3,optimization_only,resource_contention,3,2864018182,llm_invalid,0.0
optimization_only__resource_contention__r3,optimization_only,resource_contention,3,2864018182,llm_latency_s,9.895606854501239
optimization_only__resource_contention__r4,optimization_only,resource_contention,4,1015022159,mttr_s,265.3627825
optimization_only__resource_contention__r4,optimization_only,resource_contention,4,1015022159,cost_units,69.75000539545597
optimization_only__resource_contention__r4,optimization_only,resource_contention,4,1015022159,manual_interventions,7.0
optimization_only__resource_contention__r4,optimization_only,resource_contention,4,1015022159,llm_tokens,406016.0
optimization_only__resource_contention__r4,optimization_only,resource_contention,4,1015022159,freshness_s,0.0
optimization_only__resource_contention__r4,optimization_only,resource_contention,4,1015022159,decision_correct,0.0
optimization_only__resource_contention__r4,optimization_only,resource_contention,4,1015022159,wall_clock_s,611.2647937080037
optimization_only__resource_contention__r4,optimization_only,resource_contention,4,1015022159,api_tokens,3328.0
optimization_only__resource_contention__r4,optimization_only,resource_contention,4,1015022159,llm_calls,2.0
optimization_only__resource_contention__r4,optimization_only,resource_contention,4,1015022159,llm_cache_hits,242.0
optimization_only__resource_contention__r4,optimization_only,resource_contention,4,1015022159,llm_degraded,0.0
optimization_only__resource_contention__r4,optimization_only,resource_contention,4,1015022159,llm_invalid,0.0
optimization_only__resource_contention__r4,optimization_only,resource_contention,4,1015022159,llm_latency_s,18.72562989599828
optimization_only__resource_contention__r5,optimization_only,resource_contention,5,1690909972,mttr_s,142.54581
optimization_only__resource_contention__r5,optimization_only,resource_contention,5,1690909972,cost_units,70.00000544995552
optimization_only__resource_contention__r5,optimization_only,resource_contention,5,1690909972,manual_interventions,6.0
optimization_only__resource_contention__r5,optimization_only,resource_contention,5,1690909972,llm_tokens,401264.0
optimization_only__resource_contention__r5,optimization_only,resource_contention,5,1690909972,freshness_s,0.0
optimization_only__resource_contention__r5,optimization_only,resource_contention,5,1690909972,decision_correct,0.0
optimization_only__resource_contention__r5,optimization_only,resource_contention,5,1690909972,wall_clock_s,612.9387069170043
optimization_only__resource_contention__r5,optimization_only,resource_contention,5,1690909972,api_tokens,3236.0
optimization_only__resource_contention__r5,optimization_only,resource_contention,5,1690909972,llm_calls,2.0
optimization_only__resource_contention__r5,optimization_only,resource_contention,5,1690909972,llm_cache_hits,246.0
optimization_only__resource_contention__r5,optimization_only,resource_contention,5,1690909972,llm_degraded,0.0
optimization_only__resource_contention__r5,optimization_only,resource_contention,5,1690909972,llm_invalid,0.0
optimization_only__resource_contention__r5,optimization_only,resource_contention,5,1690909972,llm_latency_s,16.587492375001602
optimization_only__resource_contention__r6,optimization_only,resource_contention,6,624858642,mttr_s,197.214566
optimization_only__resource_contention__r6,optimization_only,resource_contention,6,624858642,cost_units,69.75000539545597
optimization_only__resource_contention__r6,optimization_only,resource_contention,6,624858642,manual_interventions,1.0
optimization_only__resource_contention__r6,optimization_only,resource_contention,6,624858642,llm_tokens,168220.0
optimization_only__resource_contention__r6,optimization_only,resource_contention,6,624858642,freshness_s,0.0
optimization_only__resource_contention__r6,optimization_only,resource_contention,6,624858642,decision_correct,0.0
optimization_only__resource_contention__r6,optimization_only,resource_contention,6,624858642,wall_clock_s,612.5389074999985
optimization_only__resource_contention__r6,optimization_only,resource_contention,6,624858642,api_tokens,3476.0
optimization_only__resource_contention__r6,optimization_only,resource_contention,6,624858642,llm_calls,2.0
optimization_only__resource_contention__r6,optimization_only,resource_contention,6,624858642,llm_cache_hits,258.0
optimization_only__resource_contention__r6,optimization_only,resource_contention,6,624858642,llm_degraded,0.0
optimization_only__resource_contention__r6,optimization_only,resource_contention,6,624858642,llm_invalid,0.0
optimization_only__resource_contention__r6,optimization_only,resource_contention,6,624858642,llm_latency_s,15.901657686990802
optimization_only__resource_contention__r7,optimization_only,resource_contention,7,159733277,mttr_s,149.488788
optimization_only__resource_contention__r7,optimization_only,resource_contention,7,159733277,cost_units,69.75000539545597
optimization_only__resource_contention__r7,optimization_only,resource_contention,7,159733277,manual_interventions,6.0
optimization_only__resource_contention__r7,optimization_only,resource_contention,7,159733277,llm_tokens,448136.0
optimization_only__resource_contention__r7,optimization_only,resource_contention,7,159733277,freshness_s,0.0
optimization_only__resource_contention__r7,optimization_only,resource_contention,7,159733277,decision_correct,0.0
optimization_only__resource_contention__r7,optimization_only,resource_contention,7,159733277,wall_clock_s,611.5937800830143
optimization_only__resource_contention__r7,optimization_only,resource_contention,7,159733277,api_tokens,3614.0
optimization_only__resource_contention__r7,optimization_only,resource_contention,7,159733277,llm_calls,2.0
optimization_only__resource_contention__r7,optimization_only,resource_contention,7,159733277,llm_cache_hits,246.0
optimization_only__resource_contention__r7,optimization_only,resource_contention,7,159733277,llm_degraded,0.0
optimization_only__resource_contention__r7,optimization_only,resource_contention,7,159733277,llm_invalid,0.0
optimization_only__resource_contention__r7,optimization_only,resource_contention,7,159733277,llm_latency_s,15.518903021009464
optimization_only__resource_contention__r8,optimization_only,resource_contention,8,2513603493,mttr_s,269.097645
optimization_only__resource_contention__r8,optimization_only,resource_contention,8,2513603493,cost_units,69.75000539545597
optimization_only__resource_contention__r8,optimization_only,resource_contention,8,2513603493,manual_interventions,6.0
optimization_only__resource_contention__r8,optimization_only,resource_contention,8,2513603493,llm_tokens,373488.0
optimization_only__resource_contention__r8,optimization_only,resource_contention,8,2513603493,freshness_s,0.0
optimization_only__resource_contention__r8,optimization_only,resource_contention,8,2513603493,decision_correct,0.0
optimization_only__resource_contention__r8,optimization_only,resource_contention,8,2513603493,wall_clock_s,612.5464740419993
optimization_only__resource_contention__r8,optimization_only,resource_contention,8,2513603493,api_tokens,3012.0
optimization_only__resource_contention__r8,optimization_only,resource_contention,8,2513603493,llm_calls,2.0
optimization_only__resource_contention__r8,optimization_only,resource_contention,8,2513603493,llm_cache_hits,246.0
optimization_only__resource_contention__r8,optimization_only,resource_contention,8,2513603493,llm_degraded,0.0
optimization_only__resource_contention__r8,optimization_only,resource_contention,8,2513603493,llm_invalid,0.0
optimization_only__resource_contention__r8,optimization_only,resource_contention,8,2513603493,llm_latency_s,16.325894791501923
optimization_only__resource_contention__r9,optimization_only,resource_contention,9,3217491740,mttr_s,793.647681
optimization_only__resource_contention__r9,optimization_only,resource_contention,9,3217491740,cost_units,70.00000544995552
optimization_only__resource_contention__r9,optimization_only,resource_contention,9,3217491740,manual_interventions,1.0
optimization_only__resource_contention__r9,optimization_only,resource_contention,9,3217491740,llm_tokens,162006.0
optimization_only__resource_contention__r9,optimization_only,resource_contention,9,3217491740,freshness_s,0.0
optimization_only__resource_contention__r9,optimization_only,resource_contention,9,3217491740,decision_correct,0.0
optimization_only__resource_contention__r9,optimization_only,resource_contention,9,3217491740,wall_clock_s,613.355357374996
optimization_only__resource_contention__r9,optimization_only,resource_contention,9,3217491740,api_tokens,3417.0
optimization_only__resource_contention__r9,optimization_only,resource_contention,9,3217491740,llm_calls,2.0
optimization_only__resource_contention__r9,optimization_only,resource_contention,9,3217491740,llm_cache_hits,266.0
optimization_only__resource_contention__r9,optimization_only,resource_contention,9,3217491740,llm_degraded,0.0
optimization_only__resource_contention__r9,optimization_only,resource_contention,9,3217491740,llm_invalid,134.0
optimization_only__resource_contention__r9,optimization_only,resource_contention,9,3217491740,llm_latency_s,12.046380062500248
optimization_only__ingress_burst__r0,optimization_only,ingress_burst,0,2603369008,mttr_s,11.409933
optimization_only__ingress_burst__r0,optimization_only,ingress_burst,0,2603369008,cost_units,61.355673833472
optimization_only__ingress_burst__r0,optimization_only,ingress_burst,0,2603369008,manual_interventions,0.0
optimization_only__ingress_burst__r0,optimization_only,ingress_burst,0,2603369008,llm_tokens,2668.0
optimization_only__ingress_burst__r0,optimization_only,ingress_burst,0,2603369008,freshness_s,15.309384
optimization_only__ingress_burst__r0,optimization_only,ingress_burst,0,2603369008,decision_correct,1.0
optimization_only__ingress_burst__r0,optimization_only,ingress_burst,0,2603369008,wall_clock_s,431.4816426250036
optimization_only__ingress_burst__r0,optimization_only,ingress_burst,0,2603369008,api_tokens,3731.0
optimization_only__ingress_burst__r0,optimization_only,ingress_burst,0,2603369008,llm_calls,3.0
optimization_only__ingress_burst__r0,optimization_only,ingress_burst,0,2603369008,llm_cache_hits,138.0
optimization_only__ingress_burst__r0,optimization_only,ingress_burst,0,2603369008,llm_degraded,0.0
optimization_only__ingress_burst__r0,optimization_only,ingress_burst,0,2603369008,llm_invalid,0.0
optimization_only__ingress_burst__r0,optimization_only,ingress_burst,0,2603369008,llm_latency_s,3.6114548750047106
optimization_only__ingress_burst__r1,optimization_only,ingress_burst,1,937219051,mttr_s,6.32349
optimization_only__ingress_burst__r1,optimization_only,ingress_burst,1,937219051,cost_units,93.97401118797161
optimization_only__ingress_burst__r1,optimization_only,ingress_burst,1,937219051,manual_interventions,0.0
optimization_only__ingress_burst__r1,optimization_only,ingress_burst,1,937219051,llm_tokens,2600.0
optimization_only__ingress_burst__r1,optimization_only,ingress_burst,1,937219051,freshness_s,11.099158
optimization_only__ingress_burst__r1,optimization_only,ingress_burst,1,937219051,decision_correct,1.0
optimization_only__ingress_burst__r1,optimization_only,ingress_burst,1,937219051,wall_clock_s,433.10671358401305
optimization_only__ingress_burst__r1,optimization_only,ingress_burst,1,937219051,api_tokens,3671.0
optimization_only__ingress_burst__r1,optimization_only,ingress_burst,1,937219051,llm_calls,3.0
optimization_only__ingress_burst__r1,optimization_only,ingress_burst,1,937219051,llm_cache_hits,138.0
optimization_only__ingress_burst__r1,optimization_only,ingress_burst,1,937219051,llm_degraded,0.0
optimization_only__ingress_burst__r1,optimization_only,ingress_burst,1,937219051,llm_invalid,0.0
optimization_only__ingress_burst__r1,optimization_only,ingress_burst,1,937219051,llm_latency_s,6.241510958003346
optimization_only__ingress_burst__r2,optimization_only,ingress_burst,2,3528163060,mttr_s,12.791023
optimization_only__ingress_burst__r2,optimization_only,ingress_burst,2,3528163060,cost_units,124.35535523347201
optimization_only__ingress_burst__r2,optimization_only,ingress_burst,2,3528163060,manual_interventions,0.0
optimization_only__ingress_burst__r2,optimization_only,ingress_burst,2,3528163060,llm_tokens,2451.0
optimization_only__ingress_burst__r2,optimization_only,ingress_burst,2,3528163060,freshness_s,17.391862
optimization_only__ingress_burst__r2,optimization_only,ingress_burst,2,3528163060,decision_correct,1.0
optimization_only__ingress_burst__r2,optimization_only,ingress_burst,2,3528163060,wall_clock_s,432.7768666660122
optimization_only__ingress_burst__r2,optimization_only,ingress_burst,2,3528163060,api_tokens,3514.0
optimization_only__ingress_burst__r2,optimization_only,ingress_burst,2,3528163060,llm_calls,3.0
optimization_only__ingress_burst__r2,optimization_only,ingress_burst,2,3528163060,llm_cache_hits,137.0
optimization_only__ingress_burst__r2,optimization_only,ingress_burst,2,3528163060,llm_degraded,0.0
optimization_only__ingress_burst__r2,optimization_only,ingress_burst,2,3528163060,llm_invalid,0.0
optimization_only__ingress_burst__r2,optimization_only,ingress_burst,2,3528163060,llm_latency_s,4.265012333999039
optimization_only__ingress_burst__r3,optimization_only,ingress_burst,3,593052418,mttr_s,9.587947
optimization_only__ingress_burst__r3,optimization_only,ingress_burst,3,593052418,cost_units,155.84107413347195
optimization_only__ingress_burst__r3,optimization_only,ingress_burst,3,593052418,manual_interventions,0.0
optimization_only__ingress_burst__r3,optimization_only,ingress_burst,3,593052418,llm_tokens,2916.0
optimization_only__ingress_burst__r3,optimization_only,ingress_burst,3,593052418,freshness_s,18.841187
optimization_only__ingress_burst__r3,optimization_only,ingress_burst,3,593052418,decision_correct,1.0
optimization_only__ingress_burst__r3,optimization_only,ingress_burst,3,593052418,wall_clock_s,431.7896929169947
optimization_only__ingress_burst__r3,optimization_only,ingress_burst,3,593052418,api_tokens,4020.0
optimization_only__ingress_burst__r3,optimization_only,ingress_burst,3,593052418,llm_calls,3.0
optimization_only__ingress_burst__r3,optimization_only,ingress_burst,3,593052418,llm_cache_hits,136.0
optimization_only__ingress_burst__r3,optimization_only,ingress_burst,3,593052418,llm_degraded,0.0
optimization_only__ingress_burst__r3,optimization_only,ingress_burst,3,593052418,llm_invalid,0.0
optimization_only__ingress_burst__r3,optimization_only,ingress_burst,3,593052418,llm_latency_s,8.962193166997167
optimization_only__ingress_burst__r4,optimization_only,ingress_burst,4,2727701759,mttr_s,8.863922
optimization_only__ingress_burst__r4,optimization_only,ingress_burst,4,2727701759,cost_units,187.57162918347203
optimization_only__ingress_burst__r4,optimization_only,ingress_burst,4,2727701759,manual_interventions,0.0
optimization_only__ingress_burst__r4,optimization_only,ingress_burst,4,2727701759,llm_tokens,2600.0
optimization_only__ingress_burst__r4,optimization_only,ingress_burst,4,2727701759,freshness_s,12.253983
optimization_only__ingress_burst__r4,optimization_only,ingress_burst,4,2727701759,decision_correct,1.0
optimization_only__ingress_burst__r4,optimization_only,ingress_burst,4,2727701759,wall_clock_s,432.36744716700923
optimization_only__ingress_burst__r4,optimization_only,ingress_burst,4,2727701759,api_tokens,3696.0
optimization_only__ingress_burst__r4,optimization_only,ingress_burst,4,2727701759,llm_calls,3.0
optimization_only__ingress_burst__r4,optimization_only,ingress_burst,4,2727701759,llm_cache_hits,140.0
optimization_only__ingress_burst__r4,optimization_only,ingress_burst,4,2727701759,llm_degraded,0.0
optimization_only__ingress_burst__r4,optimization_only,ingress_burst,4,2727701759,llm_invalid,0.0
optimization_only__ingress_burst__r4,optimization_only,ingress_burst,4,2727701759,llm_latency_s,3.1898399999918183
optimization_only__ingress_burst__r5,optimization_only,ingress_burst,5,147310815,mttr_s,8.443538
optimization_only__ingress_burst__r5,optimization_only,ingress_burst,5,147310815,cost_units,235.22819363347216
optimization_only__ingress_burst__r5,optimization_only,ingress_burst,5,147310815,manual_interventions,0.0
optimization_only__ingress_burst__r5,optimization_only,ingress_burst,5,147310815,llm_tokens,2768.0
optimization_only__ingress_burst__r5,optimization_only,ingress_burst,5,147310815,freshness_s,11.557765
optimization_only__ingress_burst__r5,optimization_only,ingress_burst,5,147310815,decision_correct,1.0
optimization_only__ingress_burst__r5,optimization_only,ingress_burst,5,147310815,wall_clock_s,431.6614566250064
optimization_only__ingress_burst__r5,optimization_only,ingress_burst,5,147310815,api_tokens,3839.0
optimization_only__ingress_burst__r5,optimization_only,ingress_burst,5,147310815,llm_calls,3.0
optimization_only__ingress_burst__r5,optimization_only,ingress_burst,5,147310815,llm_cache_hits,140.0
optimization_only__ingress_burst__r5,optimization_only,ingress_burst,5,147310815,llm_degraded,0.0
optimization_only__ingress_burst__r5,optimization_only,ingress_burst,5,147310815,llm_invalid,0.0
optimization_only__ingress_burst__r5,optimization_only,ingress_burst,5,147310815,llm_latency_s,2.9189836669975193
optimization_only__ingress_burst__r6,optimization_only,ingress_burst,6,2768435178,mttr_s,16.773173
optimization_only__ingress_burst__r6,optimization_only,ingress_burst,6,2768435178,cost_units,298.28121523347227
optimization_only__ingress_burst__r6,optimization_only,ingress_burst,6,2768435178,manual_interventions,0.0
optimization_only__ingress_burst__r6,optimization_only,ingress_burst,6,2768435178,llm_tokens,2845.0
optimization_only__ingress_burst__r6,optimization_only,ingress_burst,6,2768435178,freshness_s,20.075237
optimization_only__ingress_burst__r6,optimization_only,ingress_burst,6,2768435178,decision_correct,1.0
optimization_only__ingress_burst__r6,optimization_only,ingress_burst,6,2768435178,wall_clock_s,431.3995089999953
optimization_only__ingress_burst__r6,optimization_only,ingress_burst,6,2768435178,api_tokens,4064.0
optimization_only__ingress_burst__r6,optimization_only,ingress_burst,6,2768435178,llm_calls,3.0
optimization_only__ingress_burst__r6,optimization_only,ingress_burst,6,2768435178,llm_cache_hits,134.0
optimization_only__ingress_burst__r6,optimization_only,ingress_burst,6,2768435178,llm_degraded,0.0
optimization_only__ingress_burst__r6,optimization_only,ingress_burst,6,2768435178,llm_invalid,0.0
optimization_only__ingress_burst__r6,optimization_only,ingress_burst,6,2768435178,llm_latency_s,4.981704916004674
optimization_only__ingress_burst__r7,optimization_only,ingress_burst,7,2389573842,mttr_s,4286.025852
optimization_only__ingress_burst__r7,optimization_only,ingress_burst,7,2389573842,cost_units,11329.608158950628
optimization_only__ingress_burst__r7,optimization_only,ingress_burst,7,2389573842,manual_interventions,1.0
optimization_only__ingress_burst__r7,optimization_only,ingress_burst,7,2389573842,llm_tokens,5785.0
optimization_only__ingress_burst__r7,optimization_only,ingress_burst,7,2389573842,freshness_s,7921.3285
optimization_only__ingress_burst__r7,optimization_only,ingress_burst,7,2389573842,decision_correct,1.0
optimization_only__ingress_burst__r7,optimization_only,ingress_burst,7,2389573842,wall_clock_s,490.6490058339987
optimization_only__ingress_burst__r7,optimization_only,ingress_burst,7,2389573842,api_tokens,4444.0
optimization_only__ingress_burst__r7,optimization_only,ingress_burst,7,2389573842,llm_calls,3.0
optimization_only__ingress_burst__r7,optimization_only,ingress_burst,7,2389573842,llm_cache_hits,1.0
optimization_only__ingress_burst__r7,optimization_only,ingress_burst,7,2389573842,llm_degraded,2.0
optimization_only__ingress_burst__r7,optimization_only,ingress_burst,7,2389573842,llm_invalid,0.0
optimization_only__ingress_burst__r7,optimization_only,ingress_burst,7,2389573842,llm_latency_s,7.599955124998814
optimization_only__ingress_burst__r8,optimization_only,ingress_burst,8,1702894319,mttr_s,0.026453
optimization_only__ingress_burst__r8,optimization_only,ingress_burst,8,1702894319,cost_units,15798.004549448337
optimization_only__ingress_burst__r8,optimization_only,ingress_burst,8,1702894319,manual_interventions,0.0
optimization_only__ingress_burst__r8,optimization_only,ingress_burst,8,1702894319,llm_tokens,4661.0
optimization_only__ingress_burst__r8,optimization_only,ingress_burst,8,1702894319,freshness_s,524.310585
optimization_only__ingress_burst__r8,optimization_only,ingress_burst,8,1702894319,decision_correct,1.0
optimization_only__ingress_burst__r8,optimization_only,ingress_burst,8,1702894319,wall_clock_s,435.6043252080126
optimization_only__ingress_burst__r8,optimization_only,ingress_burst,8,1702894319,api_tokens,4000.0
optimization_only__ingress_burst__r8,optimization_only,ingress_burst,8,1702894319,llm_calls,3.0
optimization_only__ingress_burst__r8,optimization_only,ingress_burst,8,1702894319,llm_cache_hits,130.0
optimization_only__ingress_burst__r8,optimization_only,ingress_burst,8,1702894319,llm_degraded,3.0
optimization_only__ingress_burst__r8,optimization_only,ingress_burst,8,1702894319,llm_invalid,0.0
optimization_only__ingress_burst__r8,optimization_only,ingress_burst,8,1702894319,llm_latency_s,5.344956332992297
optimization_only__ingress_burst__r9,optimization_only,ingress_burst,9,1964868815,mttr_s,25.864803
optimization_only__ingress_burst__r9,optimization_only,ingress_burst,9,1964868815,cost_units,6867.974909168751
optimization_only__ingress_burst__r9,optimization_only,ingress_burst,9,1964868815,manual_interventions,0.0
optimization_only__ingress_burst__r9,optimization_only,ingress_burst,9,1964868815,llm_tokens,2669.0
optimization_only__ingress_burst__r9,optimization_only,ingress_burst,9,1964868815,freshness_s,31.917354
optimization_only__ingress_burst__r9,optimization_only,ingress_burst,9,1964868815,decision_correct,1.0
optimization_only__ingress_burst__r9,optimization_only,ingress_burst,9,1964868815,wall_clock_s,437.94997349999903
optimization_only__ingress_burst__r9,optimization_only,ingress_burst,9,1964868815,api_tokens,3867.0
optimization_only__ingress_burst__r9,optimization_only,ingress_burst,9,1964868815,llm_calls,3.0
optimization_only__ingress_burst__r9,optimization_only,ingress_burst,9,1964868815,llm_cache_hits,129.0
optimization_only__ingress_burst__r9,optimization_only,ingress_burst,9,1964868815,llm_degraded,0.0
optimization_only__ingress_burst__r9,optimization_only,ingress_burst,9,1964868815,llm_invalid,0.0
optimization_only__ingress_burst__r9,optimization_only,ingress_burst,9,1964868815,llm_latency_s,4.906502041005297
schema_only__schema_drift__r0,schema_only,schema_drift,0,3746323630,mttr_s,82.092466
schema_only__schema_drift__r0,schema_only,schema_drift,0,3746323630,cost_units,920.0000034879708
schema_only__schema_drift__r0,schema_only,schema_drift,0,3746323630,manual_interventions,6.0
schema_only__schema_drift__r0,schema_only,schema_drift,0,3746323630,llm_tokens,302108.0
schema_only__schema_drift__r0,schema_only,schema_drift,0,3746323630,freshness_s,0.0
schema_only__schema_drift__r0,schema_only,schema_drift,0,3746323630,decision_correct,1.0
schema_only__schema_drift__r0,schema_only,schema_drift,0,3746323630,wall_clock_s,433.7838923330128
schema_only__schema_drift__r0,schema_only,schema_drift,0,3746323630,api_tokens,5432.0
schema_only__schema_drift__r0,schema_only,schema_drift,0,3746323630,llm_calls,4.0
schema_only__schema_drift__r0,schema_only,schema_drift,0,3746323630,llm_cache_hits,216.0
schema_only__schema_drift__r0,schema_only,schema_drift,0,3746323630,llm_degraded,0.0
schema_only__schema_drift__r0,schema_only,schema_drift,0,3746323630,llm_invalid,0.0
schema_only__schema_drift__r0,schema_only,schema_drift,0,3746323630,llm_latency_s,4.541265125000791
schema_only__schema_drift__r1,schema_only,schema_drift,1,3295825469,mttr_s,92.626675
schema_only__schema_drift__r1,schema_only,schema_drift,1,3295825469,cost_units,920.0000035025363
schema_only__schema_drift__r1,schema_only,schema_drift,1,3295825469,manual_interventions,6.0
schema_only__schema_drift__r1,schema_only,schema_drift,1,3295825469,llm_tokens,361255.0
schema_only__schema_drift__r1,schema_only,schema_drift,1,3295825469,freshness_s,0.0
schema_only__schema_drift__r1,schema_only,schema_drift,1,3295825469,decision_correct,1.0
schema_only__schema_drift__r1,schema_only,schema_drift,1,3295825469,wall_clock_s,433.61874091600475
schema_only__schema_drift__r1,schema_only,schema_drift,1,3295825469,api_tokens,5483.0
schema_only__schema_drift__r1,schema_only,schema_drift,1,3295825469,llm_calls,4.0
schema_only__schema_drift__r1,schema_only,schema_drift,1,3295825469,llm_cache_hits,261.0
schema_only__schema_drift__r1,schema_only,schema_drift,1,3295825469,llm_degraded,1.0
schema_only__schema_drift__r1,schema_only,schema_drift,1,3295825469,llm_invalid,0.0
schema_only__schema_drift__r1,schema_only,schema_drift,1,3295825469,llm_latency_s,5.702403688010236
schema_only__schema_drift__r2,schema_only,schema_drift,2,4255974838,mttr_s,123.1149495
schema_only__schema_drift__r2,schema_only,schema_drift,2,4255974838,cost_units,920.0000035025363
schema_only__schema_drift__r2,schema_only,schema_drift,2,4255974838,manual_interventions,10.0
schema_only__schema_drift__r2,schema_only,schema_drift,2,4255974838,llm_tokens,387043.0
schema_only__schema_drift__r2,schema_only,schema_drift,2,4255974838,freshness_s,0.0
schema_only__schema_drift__r2,schema_only,schema_drift,2,4255974838,decision_correct,1.0
schema_only__schema_drift__r2,schema_only,schema_drift,2,4255974838,wall_clock_s,433.42636083299294
schema_only__schema_drift__r2,schema_only,schema_drift,2,4255974838,api_tokens,5603.0
schema_only__schema_drift__r2,schema_only,schema_drift,2,4255974838,llm_calls,4.0
schema_only__schema_drift__r2,schema_only,schema_drift,2,4255974838,llm_cache_hits,256.0
schema_only__schema_drift__r2,schema_only,schema_drift,2,4255974838,llm_degraded,0.0
schema_only__schema_drift__r2,schema_only,schema_drift,2,4255974838,llm_invalid,0.0
schema_only__schema_drift__r2,schema_only,schema_drift,2,4255974838,llm_latency_s,7.738744207999844
schema_only__schema_drift__r3,schema_only,schema_drift,3,2056497275,mttr_s,79.67273349999999
schema_only__schema_drift__r3,schema_only,schema_drift,3,2056497275,cost_units,907.5000034478091
schema_only__schema_drift__r3,schema_only,schema_drift,3,2056497275,manual_interventions,6.0
schema_only__schema_drift__r3,schema_only,schema_drift,3,2056497275,llm_tokens,379643.0
schema_only__schema_drift__r3,schema_only,schema_drift,3,2056497275,freshness_s,0.0
schema_only__schema_drift__r3,schema_only,schema_drift,3,2056497275,decision_correct,1.0
schema_only__schema_drift__r3,schema_only,schema_drift,3,2056497275,wall_clock_s,431.4405054170056
schema_only__schema_drift__r3,schema_only,schema_drift,3,2056497275,api_tokens,5687.0
schema_only__schema_drift__r3,schema_only,schema_drift,3,2056497275,llm_calls,4.0
schema_only__schema_drift__r3,schema_only,schema_drift,3,2056497275,llm_cache_hits,264.0
schema_only__schema_drift__r3,schema_only,schema_drift,3,2056497275,llm_degraded,0.0
schema_only__schema_drift__r3,schema_only,schema_drift,3,2056497275,llm_invalid,0.0
schema_only__schema_drift__r3,schema_only,schema_drift,3,2056497275,llm_latency_s,4.5353008749953005
schema_only__schema_drift__r4,schema_only,schema_drift,4,3720795014,mttr_s,161.02965400000002
schema_only__schema_drift__r4,schema_only,schema_drift,4,3720795014,cost_units,920.0000035025363
schema_only__schema_drift__r4,schema_only,schema_drift,4,3720795014,manual_interventions,6.0
schema_only__schema_drift__r4,schema_only,schema_drift,4,3720795014,llm_tokens,323457.0
schema_only__schema_drift__r4,schema_only,schema_drift,4,3720795014,freshness_s,0.0
schema_only__schema_drift__r4,schema_only,schema_drift,4,3720795014,decision_correct,1.0
schema_only__schema_drift__r4,schema_only,schema_drift,4,3720795014,wall_clock_s,433.23198629100807
schema_only__schema_drift__r4,schema_only,schema_drift,4,3720795014,api_tokens,5553.0
schema_only__schema_drift__r4,schema_only,schema_drift,4,3720795014,llm_calls,4.0
schema_only__schema_drift__r4,schema_only,schema_drift,4,3720795014,llm_cache_hits,222.0
schema_only__schema_drift__r4,schema_only,schema_drift,4,3720795014,llm_degraded,0.0
schema_only__schema_drift__r4,schema_only,schema_drift,4,3720795014,llm_invalid,0.0
schema_only__schema_drift__r4,schema_only,schema_drift,4,3720795014,llm_latency_s,10.809492770502402
schema_only__schema_drift__r5,schema_only,schema_drift,5,2441278481,mttr_s,117.58951549999999
schema_only__schema_drift__r5,schema_only,schema_drift,5,2441278481,cost_units,907.5000034478091
schema_only__schema_drift__r5,schema_only,schema_drift,5,2441278481,manual_interventions,6.0
schema_only__schema_drift__r5,schema_only,schema_drift,5,2441278481,llm_tokens,408104.0
schema_only__schema_drift__r5,schema_only,schema_drift,5,2441278481,freshness_s,0.0
schema_only__schema_drift__r5,schema_only,schema_drift,5,2441278481,decision_correct,1.0
schema_only__schema_drift__r5,schema_only,schema_drift,5,2441278481,wall_clock_s,432.76766979201057
schema_only__schema_drift__r5,schema_only,schema_drift,5,2441278481,api_tokens,5672.0
schema_only__schema_drift__r5,schema_only,schema_drift,5,2441278481,llm_calls,4.0
schema_only__schema_drift__r5,schema_only,schema_drift,5,2441278481,llm_cache_hits,262.0
schema_only__schema_drift__r5,schema_only,schema_drift,5,2441278481,llm_degraded,0.0
schema_only__schema_drift__r5,schema_only,schema_drift,5,2441278481,llm_invalid,0.0
schema_only__schema_drift__r5,schema_only,schema_drift,5,2441278481,llm_latency_s,4.941904854495078
schema_only__schema_drift__r6,schema_only,schema_drift,6,33343001,mttr_s,104.3955975
schema_only__schema_drift__r6,schema_only,schema_drift,6,33343001,cost_units,920.0000035025363
schema_only__schema_drift__r6,schema_only,schema_drift,6,33343001,manual_interventions,6.0
schema_only__schema_drift__r6,schema_only,schema_drift,6,33343001,llm_tokens,411254.0
schema_only__schema_drift__r6,schema_only,schema_drift,6,33343001,freshness_s,0.0
schema_only__schema_drift__r6,schema_only,schema_drift,6,33343001,decision_correct,1.0
schema_only__schema_drift__r6,schema_only,schema_drift,6,33343001,wall_clock_s,432.85250541700225
schema_only__schema_drift__r6,schema_only,schema_drift,6,33343001,api_tokens,5678.0
schema_only__schema_drift__r6,schema_only,schema_drift,6,33343001,llm_calls,4.0
schema_only__schema_drift__r6,schema_only,schema_drift,6,33343001,llm_cache_hits,262.0
schema_only__schema_drift__r6,schema_only,schema_drift,6,33343001,llm_degraded,0.0
schema_only__schema_drift__r6,schema_only,schema_drift,6,33343001,llm_invalid,0.0
schema_only__schema_drift__r6,schema_only,schema_drift,6,33343001,llm_latency_s,4.92037872900255
schema_only__schema_drift__r7,schema_only,schema_drift,7,3180058182,mttr_s,140.5405735
schema_only__schema_drift__r7,schema_only,schema_drift,7,3180058182,cost_units,907.5000034478091
schema_only__schema_drift__r7,schema_only,schema_drift,7,3180058182,manual_interventions,6.0
schema_only__schema_drift__r7,schema_only,schema_drift,7,3180058182,llm_tokens,369843.0
schema_only__schema_drift__r7,schema_only,schema_drift,7,3180058182,freshness_s,0.0
schema_only__schema_drift__r7,schema_only,schema_drift,7,3180058182,decision_correct,1.0
schema_only__schema_drift__r7,schema_only,schema_drift,7,3180058182,wall_clock_s,431.55557016700914
schema_only__schema_drift__r7,schema_only,schema_drift,7,3180058182,api_tokens,5655.0
schema_only__schema_drift__r7,schema_only,schema_drift,7,3180058182,llm_calls,4.0
schema_only__schema_drift__r7,schema_only,schema_drift,7,3180058182,llm_cache_hits,248.0
schema_only__schema_drift__r7,schema_only,schema_drift,7,3180058182,llm_degraded,0.0
schema_only__schema_drift__r7,schema_only,schema_drift,7,3180058182,llm_invalid,0.0
schema_only__schema_drift__r7,schema_only,schema_drift,7,3180058182,llm_latency_s,8.626922041999933
schema_only__schema_drift__r8,schema_only,schema_drift,8,2672220485,mttr_s,134.811773
schema_only__schema_drift__r8,schema_only,schema_drift,8,2672220485,cost_units,920.0000035170979
schema_only__schema_drift__r8,schema_only,schema_drift,8,2672220485,manual_interventions,6.0
schema_only__schema_drift__r8,schema_only,schema_drift,8,2672220485,llm_tokens,364494.0
schema_only__schema_drift__r8,schema_only,schema_drift,8,2672220485,freshness_s,0.0
schema_only__schema_drift__r8,schema_only,schema_drift,8,2672220485,decision_correct,1.0
schema_only__schema_drift__r8,schema_only,schema_drift,8,2672220485,wall_clock_s,433.21488437500375
schema_only__schema_drift__r8,schema_only,schema_drift,8,2672220485,api_tokens,5423.0
schema_only__schema_drift__r8,schema_only,schema_drift,8,2672220485,llm_calls,4.0
schema_only__schema_drift__r8,schema_only,schema_drift,8,2672220485,llm_cache_hits,262.0
schema_only__schema_drift__r8,schema_only,schema_drift,8,2672220485,llm_degraded,0.0
schema_only__schema_drift__r8,schema_only,schema_drift,8,2672220485,llm_invalid,0.0
schema_only__schema_drift__r8,schema_only,schema_drift,8,2672220485,llm_latency_s,5.611984541501442
schema_only__schema_drift__r9,schema_only,schema_drift,9,1102726906,mttr_s,170.5023195
schema_only__schema_drift__r9,schema_only,schema_drift,9,1102726906,cost_units,920.0000035170979
schema_only__schema_drift__r9,schema_only,schema_drift,9,1102726906,manual_interventions,6.0
schema_only__schema_drift__r9,schema_only,schema_drift,9,1102726906,llm_tokens,340403.0
schema_only__schema_drift__r9,schema_only,schema_drift,9,1102726906,freshness_s,0.0
schema_only__schema_drift__r9,schema_only,schema_drift,9,1102726906,decision_correct,1.0
schema_only__schema_drift__r9,schema_only,schema_drift,9,1102726906,wall_clock_s,433.9613580000005
schema_only__schema_drift__r9,schema_only,schema_drift,9,1102726906,api_tokens,5351.0
schema_only__schema_drift__r9,schema_only,schema_drift,9,1102726906,llm_calls,4.0
schema_only__schema_drift__r9,schema_only,schema_drift,9,1102726906,llm_cache_hits,246.0
schema_only__schema_drift__r9,schema_only,schema_drift,9,1102726906,llm_degraded,0.0
schema_only__schema_drift__r9,schema_only,schema_drift,9,1102726906,llm_invalid,0.0
schema_only__schema_drift__r9,schema_only,schema_drift,9,1102726906,llm_latency_s,8.117988479498308
schema_only__upstream_delay__r0,schema_only,upstream_delay,0,831050810,mttr_s,281.630213
schema_only__upstream_delay__r0,schema_only,upstream_delay,0,831050810,cost_units,920.0000035170979
schema_only__upstream_delay__r0,schema_only,upstream_delay,0,831050810,manual_interventions,1.0
schema_only__upstream_delay__r0,schema_only,upstream_delay,0,831050810,llm_tokens,156416.0
schema_only__upstream_delay__r0,schema_only,upstream_delay,0,831050810,freshness_s,286.504184
schema_only__upstream_delay__r0,schema_only,upstream_delay,0,831050810,decision_correct,0.0
schema_only__upstream_delay__r0,schema_only,upstream_delay,0,831050810,wall_clock_s,435.9009862089879
schema_only__upstream_delay__r0,schema_only,upstream_delay,0,831050810,api_tokens,2527.0
schema_only__upstream_delay__r0,schema_only,upstream_delay,0,831050810,llm_calls,2.0
schema_only__upstream_delay__r0,schema_only,upstream_delay,0,831050810,llm_cache_hits,254.0
schema_only__upstream_delay__r0,schema_only,upstream_delay,0,831050810,llm_degraded,0.0
schema_only__upstream_delay__r0,schema_only,upstream_delay,0,831050810,llm_invalid,0.0
schema_only__upstream_delay__r0,schema_only,upstream_delay,0,831050810,llm_latency_s,17.913498478999827
schema_only__upstream_delay__r1,schema_only,upstream_delay,1,1847522209,mttr_s,258.909068
schema_only__upstream_delay__r1,schema_only,upstream_delay,1,1847522209,cost_units,907.5000034621432
schema_only__upstream_delay__r1,schema_only,upstream_delay,1,1847522209,manual_interventions,1.0
schema_only__upstream_delay__r1,schema_only,upstream_delay,1,1847522209,llm_tokens,175420.0
schema_only__upstream_delay__r1,schema_only,upstream_delay,1,1847522209,freshness_s,265.85122
schema_only__upstream_delay__r1,schema_only,upstream_delay,1,1847522209,decision_correct,0.0
schema_only__upstream_delay__r1,schema_only,upstream_delay,1,1847522209,wall_clock_s,430.20369833300356
schema_only__upstream_delay__r1,schema_only,upstream_delay,1,1847522209,api_tokens,2520.0
schema_only__upstream_delay__r1,schema_only,upstream_delay,1,1847522209,llm_calls,2.0
schema_only__upstream_delay__r1,schema_only,upstream_delay,1,1847522209,llm_cache_hits,278.0
schema_only__upstream_delay__r1,schema_only,upstream_delay,1,1847522209,llm_degraded,0.0
schema_only__upstream_delay__r1,schema_only,upstream_delay,1,1847522209,llm_invalid,0.0
schema_only__upstream_delay__r1,schema_only,upstream_delay,1,1847522209,llm_latency_s,5.755337729497114
schema_only__upstream_delay__r2,schema_only,upstream_delay,2,2690830683,mttr_s,275.090071
schema_only__upstream_delay__r2,schema_only,upstream_delay,2,2690830683,cost_units,907.5000034621432
schema_only__upstream_delay__r2,schema_only,upstream_delay,2,2690830683,manual_interventions,1.0
schema_only__upstream_delay__r2,schema_only,upstream_delay,2,2690830683,llm_tokens,177192.0
schema_only__upstream_delay__r2,schema_only,upstream_delay,2,2690830683,freshness_s,290.670125
schema_only__upstream_delay__r2,schema_only,upstream_delay,2,2690830683,decision_correct,0.0
schema_only__upstream_delay__r2,schema_only,upstream_delay,2,2690830683,wall_clock_s,431.21252454197383
schema_only__upstream_delay__r2,schema_only,upstream_delay,2,2690830683,api_tokens,2548.0
schema_only__upstream_delay__r2,schema_only,upstream_delay,2,2690830683,llm_calls,2.0
schema_only__upstream_delay__r2,schema_only,upstream_delay,2,2690830683,llm_cache_hits,275.0
schema_only__upstream_delay__r2,schema_only,upstream_delay,2,2690830683,llm_degraded,1.0
schema_only__upstream_delay__r2,schema_only,upstream_delay,2,2690830683,llm_invalid,0.0
schema_only__upstream_delay__r2,schema_only,upstream_delay,2,2690830683,llm_latency_s,3.9092568330088397
schema_only__upstream_delay__r3,schema_only,upstream_delay,3,780723309,mttr_s,306.747836
schema_only__upstream_delay__r3,schema_only,upstream_delay,3,780723309,cost_units,907.5000034621432
schema_only__upstream_delay__r3,schema_only,upstream_delay,3,780723309,manual_interventions,1.0
schema_only__upstream_delay__r3,schema_only,upstream_delay,3,780723309,llm_tokens,165633.0
schema_only__upstream_delay__r3,schema_only,upstream_delay,3,780723309,freshness_s,314.295266
schema_only__upstream_delay__r3,schema_only,upstream_delay,3,780723309,decision_correct,0.0
schema_only__upstream_delay__r3,schema_only,upstream_delay,3,780723309,wall_clock_s,430.9917235840112
schema_only__upstream_delay__r3,schema_only,upstream_delay,3,780723309,api_tokens,2473.0
schema_only__upstream_delay__r3,schema_only,upstream_delay,3,780723309,llm_calls,2.0
schema_only__upstream_delay__r3,schema_only,upstream_delay,3,780723309,llm_cache_hits,272.0
schema_only__upstream_delay__r3,schema_only,upstream_delay,3,780723309,llm_degraded,0.0
schema_only__upstream_delay__r3,schema_only,upstream_delay,3,780723309,llm_invalid,0.0
schema_only__upstream_delay__r3,schema_only,upstream_delay,3,780723309,llm_latency_s,8.154035957995802
schema_only__upstream_delay__r4,schema_only,upstream_delay,4,2384625245,mttr_s,720.027459
schema_only__upstream_delay__r4,schema_only,upstream_delay,4,2384625245,cost_units,907.5000034621432
schema_only__upstream_delay__r4,schema_only,upstream_delay,4,2384625245,manual_interventions,1.0
schema_only__upstream_delay__r4,schema_only,upstream_delay,4,2384625245,llm_tokens,163080.0
schema_only__upstream_delay__r4,schema_only,upstream_delay,4,2384625245,freshness_s,734.6143
schema_only__upstream_delay__r4,schema_only,upstream_delay,4,2384625245,decision_correct,0.0
schema_only__upstream_delay__r4,schema_only,upstream_delay,4,2384625245,wall_clock_s,432.50825395900756
schema_only__upstream_delay__r4,schema_only,upstream_delay,4,2384625245,api_tokens,2388.0
schema_only__upstream_delay__r4,schema_only,upstream_delay,4,2384625245,llm_calls,2.0
schema_only__upstream_delay__r4,schema_only,upstream_delay,4,2384625245,llm_cache_hits,268.0
schema_only__upstream_delay__r4,schema_only,upstream_delay,4,2384625245,llm_degraded,0.0
schema_only__upstream_delay__r4,schema_only,upstream_delay,4,2384625245,llm_invalid,0.0
schema_only__upstream_delay__r4,schema_only,upstream_delay,4,2384625245,llm_latency_s,11.006220707989996
schema_only__upstream_delay__r5,schema_only,upstream_delay,5,1717322362,mttr_s,589.54114
schema_only__upstream_delay__r5,schema_only,upstream_delay,5,1717322362,cost_units,907.5000034621432
schema_only__upstream_delay__r5,schema_only,upstream_delay,5,1717322362,manual_interventions,1.0
schema_only__upstream_delay__r5,schema_only,upstream_delay,5,1717322362,llm_tokens,169400.0
schema_only__upstream_delay__r5,schema_only,upstream_delay,5,1717322362,freshness_s,595.604552
schema_only__upstream_delay__r5,schema_only,upstream_delay,5,1717322362,decision_correct,0.0
schema_only__upstream_delay__r5,schema_only,upstream_delay,5,1717322362,wall_clock_s,431.172168124991
schema_only__upstream_delay__r5,schema_only,upstream_delay,5,1717322362,api_tokens,2473.0
schema_only__upstream_delay__r5,schema_only,upstream_delay,5,1717322362,llm_calls,2.0
schema_only__upstream_delay__r5,schema_only,upstream_delay,5,1717322362,llm_cache_hits,278.0
schema_only__upstream_delay__r5,schema_only,upstream_delay,5,1717322362,llm_degraded,0.0
schema_only__upstream_delay__r5,schema_only,upstream_delay,5,1717322362,llm_invalid,0.0
schema_only__upstream_delay__r5,schema_only,upstream_delay,5,1717322362,llm_latency_s,5.591283500019927
schema_only__upstream_delay__r6,schema_only,upstream_delay,6,3340961739,mttr_s,656.773195
schema_only__upstream_delay__r6,schema_only,upstream_delay,6,3340961739,cost_units,907.5000034621432
schema_only__upstream_delay__r6,schema_only,upstream_delay,6,3340961739,manual_interventions,1.0
schema_only__upstream_delay__r6,schema_only,upstream_delay,6,3340961739,llm_tokens,149500.0
schema_only__upstream_delay__r6,schema_only,upstream_delay,6,3340961739,freshness_s,664.345971
schema_only__upstream_delay__r6,schema_only,upstream_delay,6,3340961739,decision_correct,0.0
schema_only__upstream_delay__r6,schema_only,upstream_delay,6,3340961739,wall_clock_s,431.35199883402674
schema_only__upstream_delay__r6,schema_only,upstream_delay,6,3340961739,api_tokens,2658.0
schema_only__upstream_delay__r6,schema_only,upstream_delay,6,3340961739,llm_calls,2.0
schema_only__upstream_delay__r6,schema_only,upstream_delay,6,3340961739,llm_cache_hits,228.0
schema_only__upstream_delay__r6,schema_only,upstream_delay,6,3340961739,llm_degraded,0.0
schema_only__upstream_delay__r6,schema_only,upstream_delay,6,3340961739,llm_invalid,0.0
schema_only__upstream_delay__r6,schema_only,upstream_delay,6,3340961739,llm_latency_s,31.06167414599622
schema_only__upstream_delay__r7,schema_only,upstream_delay,7,1959278347,mttr_s,515.940969
schema_only__upstream_delay__r7,schema_only,upstream_delay,7,1959278347,cost_units,920.0000035170979
schema_only__upstream_delay__r7,schema_only,upstream_delay,7,1959278347,manual_interventions,1.0
schema_only__upstream_delay__r7,schema_only,upstream_delay,7,1959278347,llm_tokens,177216.0
schema_only__upstream_delay__r7,schema_only,upstream_delay,7,1959278347,freshness_s,520.625389
schema_only__upstream_delay__r7,schema_only,upstream_delay,7,1959278347,decision_correct,0.0
schema_only__upstream_delay__r7,schema_only,upstream_delay,7,1959278347,wall_clock_s,433.69792691699695
schema_only__upstream_delay__r7,schema_only,upstream_delay,7,1959278347,api_tokens,2496.0
schema_only__upstream_delay__r7,schema_only,upstream_delay,7,1959278347,llm_calls,2.0
schema_only__upstream_delay__r7,schema_only,upstream_delay,7,1959278347,llm_cache_hits,282.0
schema_only__upstream_delay__r7,schema_only,upstream_delay,7,1959278347,llm_degraded,0.0
schema_only__upstream_delay__r7,schema_only,upstream_delay,7,1959278347,llm_invalid,0.0
schema_only__upstream_delay__r7,schema_only,upstream_delay,7,1959278347,llm_latency_s,3.7822453749977285
schema_only__upstream_delay__r8,schema_only,upstream_delay,8,2837775474,mttr_s,974.744905
schema_only__upstream_delay__r8,schema_only,upstream_delay,8,2837775474,cost_units,907.5000034621432
schema_only__upstream_delay__r8,schema_only,upstream_delay,8,2837775474,manual_interventions,1.0
schema_only__upstream_delay__r8,schema_only,upstream_delay,8,2837775474,llm_tokens,169482.0
schema_only__upstream_delay__r8,schema_only,upstream_delay,8,2837775474,freshness_s,980.606739
schema_only__upstream_delay__r8,schema_only,upstream_delay,8,2837775474,decision_correct,0.0
schema_only__upstream_delay__r8,schema_only,upstream_delay,8,2837775474,wall_clock_s,431.07041170902085
schema_only__upstream_delay__r8,schema_only,upstream_delay,8,2837775474,api_tokens,2467.0
schema_only__upstream_delay__r8,schema_only,upstream_delay,8,2837775474,llm_calls,2.0
schema_only__upstream_delay__r8,schema_only,upstream_delay,8,2837775474,llm_cache_hits,280.0
schema_only__upstream_delay__r8,schema_only,upstream_delay,8,2837775474,llm_degraded,0.0
schema_only__upstream_delay__r8,schema_only,upstream_delay,8,2837775474,llm_invalid,0.0
schema_only__upstream_delay__r8,schema_only,upstream_delay,8,2837775474,llm_latency_s,5.42829956249625
schema_only__upstream_delay__r9,schema_only,upstream_delay,9,505876226,mttr_s,640.412806
schema_only__upstream_delay__r9,schema_only,upstream_delay,9,505876226,cost_units,907.5000034621432
schema_only__upstream_delay__r9,schema_only,upstream_delay,9,505876226,manual_interventions,1.0
schema_only__upstream_delay__r9,schema_only,upstream_delay,9,505876226,llm_tokens,169163.0
schema_only__upstream_delay__r9,schema_only,upstream_delay,9,505876226,freshness_s,654.151652
schema_only__upstream_delay__r9,schema_only,upstream_delay,9,505876226,decision_correct,0.0
schema_only__upstream_delay__r9,schema_only,upstream_delay,9,505876226,wall_clock_s,431.5862117089855
schema_only__upstream_delay__r9,schema_only,upstream_delay,9,505876226,api_tokens,2482.0
schema_only__upstream_delay__r9,schema_only,upstream_delay,9,505876226,llm_calls,2.0
schema_only__upstream_delay__r9,schema_only,upstream_delay,9,505876226,llm_cache_hits,277.0
schema_only__upstream_delay__r9,schema_only,upstream_delay,9,505876226,llm_degraded,1.0
schema_only__upstream_delay__r9,schema_only,upstream_delay,9,505876226,llm_invalid,0.0
schema_only__upstream_delay__r9,schema_only,upstream_delay,9,505876226,llm_latency_s,4.1930089374945965
schema_only__resource_contention__r0,schema_only,resource_contention,0,3891162646,mttr_s,380.345606
schema_only__resource_contention__r0,schema_only,resource_contention,0,3891162646,cost_units,1357.5000054405098
schema_only__resource_contention__r0,schema_only,resource_contention,0,3891162646,manual_interventions,1.0
schema_only__resource_contention__r0,schema_only,resource_contention,0,3891162646,llm_tokens,169820.0
schema_only__resource_contention__r0,schema_only,resource_contention,0,3891162646,freshness_s,0.0
schema_only__resource_contention__r0,schema_only,resource_contention,0,3891162646,decision_correct,0.0
schema_only__resource_contention__r0,schema_only,resource_contention,0,3891162646,wall_clock_s,612.6392517079948
schema_only__resource_contention__r0,schema_only,resource_contention,0,3891162646,api_tokens,2477.0
schema_only__resource_contention__r0,schema_only,resource_contention,0,3891162646,llm_calls,2.0
schema_only__resource_contention__r0,schema_only,resource_contention,0,3891162646,llm_cache_hits,279.0
schema_only__resource_contention__r0,schema_only,resource_contention,0,3891162646,llm_degraded,1.0
schema_only__resource_contention__r0,schema_only,resource_contention,0,3891162646,llm_invalid,0.0
schema_only__resource_contention__r0,schema_only,resource_contention,0,3891162646,llm_latency_s,3.7176831039978424
schema_only__resource_contention__r1,schema_only,resource_contention,1,2754995140,mttr_s,328.130864
schema_only__resource_contention__r1,schema_only,resource_contention,1,2754995140,cost_units,1357.5000054405098
schema_only__resource_contention__r1,schema_only,resource_contention,1,2754995140,manual_interventions,1.0
schema_only__resource_contention__r1,schema_only,resource_contention,1,2754995140,llm_tokens,176506.0
schema_only__resource_contention__r1,schema_only,resource_contention,1,2754995140,freshness_s,0.0
schema_only__resource_contention__r1,schema_only,resource_contention,1,2754995140,decision_correct,0.0
schema_only__resource_contention__r1,schema_only,resource_contention,1,2754995140,wall_clock_s,611.3822080419923
schema_only__resource_contention__r1,schema_only,resource_contention,1,2754995140,api_tokens,2500.0
schema_only__resource_contention__r1,schema_only,resource_contention,1,2754995140,llm_calls,2.0
schema_only__resource_contention__r1,schema_only,resource_contention,1,2754995140,llm_cache_hits,282.0
schema_only__resource_contention__r1,schema_only,resource_contention,1,2754995140,llm_degraded,0.0
schema_only__resource_contention__r1,schema_only,resource_contention,1,2754995140,llm_invalid,0.0
schema_only__resource_contention__r1,schema_only,resource_contention,1,2754995140,llm_latency_s,3.8557238329958636
schema_only__resource_contention__r2,schema_only,resource_contention,2,1230038936,mttr_s,512.876327
schema_only__resource_contention__r2,schema_only,resource_contention,2,1230038936,cost_units,1357.5000054405098
schema_only__resource_contention__r2,schema_only,resource_contention,2,1230038936,manual_interventions,1.0
schema_only__resource_contention__r2,schema_only,resource_contention,2,1230038936,llm_tokens,173240.0
schema_only__resource_contention__r2,schema_only,resource_contention,2,1230038936,freshness_s,0.0
schema_only__resource_contention__r2,schema_only,resource_contention,2,1230038936,decision_correct,0.0
schema_only__resource_contention__r2,schema_only,resource_contention,2,1230038936,wall_clock_s,610.8932712080132
schema_only__resource_contention__r2,schema_only,resource_contention,2,1230038936,api_tokens,2477.0
schema_only__resource_contention__r2,schema_only,resource_contention,2,1230038936,llm_calls,2.0
schema_only__resource_contention__r2,schema_only,resource_contention,2,1230038936,llm_cache_hits,282.0
schema_only__resource_contention__r2,schema_only,resource_contention,2,1230038936,llm_degraded,0.0
schema_only__resource_contention__r2,schema_only,resource_contention,2,1230038936,llm_invalid,0.0
schema_only__resource_contention__r2,schema_only,resource_contention,2,1230038936,llm_latency_s,4.226950208496419
schema_only__resource_contention__r3,schema_only,resource_contention,3,1986507978,mttr_s,186.947115
schema_only__resource_contention__r3,schema_only,resource_contention,3,1986507978,cost_units,1357.5000054405098
schema_only__resource_contention__r3,schema_only,resource_contention,3,1986507978,manual_interventions,1.0
schema_only__resource_contention__r3,schema_only,resource_contention,3,1986507978,llm_tokens,180978.0
schema_only__resource_contention__r3,schema_only,resource_contention,3,1986507978,freshness_s,0.0
schema_only__resource_contention__r3,schema_only,resource_contention,3,1986507978,decision_correct,0.0
schema_only__resource_contention__r3,schema_only,resource_contention,3,1986507978,wall_clock_s,611.5604170000006
schema_only__resource_contention__r3,schema_only,resource_contention,3,1986507978,api_tokens,2709.0
schema_only__resource_contention__r3,schema_only,resource_contention,3,1986507978,llm_calls,2.0
schema_only__resource_contention__r3,schema_only,resource_contention,3,1986507978,llm_cache_hits,276.0
schema_only__resource_contention__r3,schema_only,resource_contention,3,1986507978,llm_degraded,0.0
schema_only__resource_contention__r3,schema_only,resource_contention,3,1986507978,llm_invalid,0.0
schema_only__resource_contention__r3,schema_only,resource_contention,3,1986507978,llm_latency_s,7.6649547290144255
schema_only__resource_contention__r4,schema_only,resource_contention,4,4103490102,mttr_s,151.266324
schema_only__resource_contention__r4,schema_only,resource_contention,4,4103490102,cost_units,1357.5000054405098
schema_only__resource_contention__r4,schema_only,resource_contention,4,4103490102,manual_interventions,1.0
schema_only__resource_contention__r4,schema_only,resource_contention,4,4103490102,llm_tokens,175545.0
schema_only__resource_contention__r4,schema_only,resource_contention,4,4103490102,freshness_s,0.0
schema_only__resource_contention__r4,schema_only,resource_contention,4,4103490102,decision_correct,0.0
schema_only__resource_contention__r4,schema_only,resource_contention,4,4103490102,wall_clock_s,611.9285347919795
schema_only__resource_contention__r4,schema_only,resource_contention,4,4103490102,api_tokens,2500.0
schema_only__resource_contention__r4,schema_only,resource_contention,4,4103490102,llm_calls,2.0
schema_only__resource_contention__r4,schema_only,resource_contention,4,4103490102,llm_cache_hits,280.0
schema_only__resource_contention__r4,schema_only,resource_contention,4,4103490102,llm_degraded,0.0
schema_only__resource_contention__r4,schema_only,resource_contention,4,4103490102,llm_invalid,0.0
schema_only__resource_contention__r4,schema_only,resource_contention,4,4103490102,llm_latency_s,5.297435500004212
schema_only__resource_contention__r5,schema_only,resource_contention,5,3195901498,mttr_s,163.922304
schema_only__resource_contention__r5,schema_only,resource_contention,5,3195901498,cost_units,1357.5000054405098
schema_only__resource_contention__r5,schema_only,resource_contention,5,3195901498,manual_interventions,1.0
schema_only__resource_contention__r5,schema_only,resource_contention,5,3195901498,llm_tokens,184316.0
schema_only__resource_contention__r5,schema_only,resource_contention,5,3195901498,freshness_s,0.0
schema_only__resource_contention__r5,schema_only,resource_contention,5,3195901498,decision_correct,0.0
schema_only__resource_contention__r5,schema_only,resource_contention,5,3195901498,wall_clock_s,612.6825523329899
schema_only__resource_contention__r5,schema_only,resource_contention,5,3195901498,api_tokens,2557.0
schema_only__resource_contention__r5,schema_only,resource_contention,5,3195901498,llm_calls,2.0
schema_only__resource_contention__r5,schema_only,resource_contention,5,3195901498,llm_cache_hits,282.0
schema_only__resource_contention__r5,schema_only,resource_contention,5,3195901498,llm_degraded,0.0
schema_only__resource_contention__r5,schema_only,resource_contention,5,3195901498,llm_invalid,0.0
schema_only__resource_contention__r5,schema_only,resource_contention,5,3195901498,llm_latency_s,4.801089667002088
schema_only__resource_contention__r6,schema_only,resource_contention,6,3698719990,mttr_s,517.681396
schema_only__resource_contention__r6,schema_only,resource_contention,6,3698719990,cost_units,1357.5000054405098
schema_only__resource_contention__r6,schema_only,resource_contention,6,3698719990,manual_interventions,1.0
schema_only__resource_contention__r6,schema_only,resource_contention,6,3698719990,llm_tokens,179124.0
schema_only__resource_contention__r6,schema_only,resource_contention,6,3698719990,freshness_s,0.0
schema_only__resource_contention__r6,schema_only,resource_contention,6,3698719990,decision_correct,0.0
schema_only__resource_contention__r6,schema_only,resource_contention,6,3698719990,wall_clock_s,611.1429490830051
schema_only__resource_contention__r6,schema_only,resource_contention,6,3698719990,api_tokens,2670.0
schema_only__resource_contention__r6,schema_only,resource_contention,6,3698719990,llm_calls,2.0
schema_only__resource_contention__r6,schema_only,resource_contention,6,3698719990,llm_cache_hits,274.0
schema_only__resource_contention__r6,schema_only,resource_contention,6,3698719990,llm_degraded,0.0
schema_only__resource_contention__r6,schema_only,resource_contention,6,3698719990,llm_invalid,0.0
schema_only__resource_contention__r6,schema_only,resource_contention,6,3698719990,llm_latency_s,8.469091791499523
schema_only__resource_contention__r7,schema_only,resource_contention,7,1684810216,mttr_s,357.159179
schema_only__resource_contention__r7,schema_only,resource_contention,7,1684810216,cost_units,1357.5000054405098
schema_only__resource_contention__r7,schema_only,resource_contention,7,1684810216,manual_interventions,1.0
schema_only__resource_contention__r7,schema_only,resource_contention,7,1684810216,llm_tokens,182758.0
schema_only__resource_contention__r7,schema_only,resource_contention,7,1684810216,freshness_s,0.0
schema_only__resource_contention__r7,schema_only,resource_contention,7,1684810216,decision_correct,0.0
schema_only__resource_contention__r7,schema_only,resource_contention,7,1684810216,wall_clock_s,611.2354708749917
schema_only__resource_contention__r7,schema_only,resource_contention,7,1684810216,api_tokens,2690.0
schema_only__resource_contention__r7,schema_only,resource_contention,7,1684810216,llm_calls,2.0
schema_only__resource_contention__r7,schema_only,resource_contention,7,1684810216,llm_cache_hits,272.0
schema_only__resource_contention__r7,schema_only,resource_contention,7,1684810216,llm_degraded,0.0
schema_only__resource_contention__r7,schema_only,resource_contention,7,1684810216,llm_invalid,0.0
schema_only__resource_contention__r7,schema_only,resource_contention,7,1684810216,llm_latency_s,9.40749397900072
schema_only__resource_contention__r8,schema_only,resource_contention,8,2164705456,mttr_s,524.833641
schema_only__resource_contention__r8,schema_only,resource_contention,8,2164705456,cost_units,1357.5000054405098
schema_only__resource_contention__r8,schema_only,resource_contention,8,2164705456,manual_interventions,1.0
schema_only__resource_contention__r8,schema_only,resource_contention,8,2164705456,llm_tokens,191842.0
schema_only__resource_contention__r8,schema_only,resource_contention,8,2164705456,freshness_s,0.0
schema_only__resource_contention__r8,schema_only,resource_contention,8,2164705456,decision_correct,0.0
schema_only__resource_contention__r8,schema_only,resource_contention,8,2164705456,wall_clock_s,611.2768277919968
schema_only__resource_contention__r8,schema_only,resource_contention,8,2164705456,api_tokens,2604.0
schema_only__resource_contention__r8,schema_only,resource_contention,8,2164705456,llm_calls,2.0
schema_only__resource_contention__r8,schema_only,resource_contention,8,2164705456,llm_cache_hits,282.0
schema_only__resource_contention__r8,schema_only,resource_contention,8,2164705456,llm_degraded,0.0
schema_only__resource_contention__r8,schema_only,resource_contention,8,2164705456,llm_invalid,0.0
schema_only__resource_contention__r8,schema_only,resource_contention,8,2164705456,llm_latency_s,4.1882296669937205
schema_only__resource_contention__r9,schema_only,resource_contention,9,1718028271,mttr_s,165.357346
schema_only__resource_contention__r9,schema_only,resource_contention,9,1718028271,cost_units,1357.5000054405098
schema_only__resource_contention__r9,schema_only,resource_contention,9,1718028271,manual_interventions,1.0
schema_only__resource_contention__r9,schema_only,resource_contention,9,1718028271,llm_tokens,168354.0
schema_only__resource_contention__r9,schema_only,resource_contention,9,1718028271,freshness_s,0.0
schema_only__resource_contention__r9,schema_only,resource_contention,9,1718028271,decision_correct,0.0
schema_only__resource_contention__r9,schema_only,resource_contention,9,1718028271,wall_clock_s,611.987265874981
schema_only__resource_contention__r9,schema_only,resource_contention,9,1718028271,api_tokens,2428.0
schema_only__resource_contention__r9,schema_only,resource_contention,9,1718028271,llm_calls,2.0
schema_only__resource_contention__r9,schema_only,resource_contention,9,1718028271,llm_cache_hits,280.0
schema_only__resource_contention__r9,schema_only,resource_contention,9,1718028271,llm_degraded,0.0
schema_only__resource_contention__r9,schema_only,resource_contention,9,1718028271,llm_invalid,0.0
schema_only__resource_contention__r9,schema_only,resource_contention,9,1718028271,llm_latency_s,5.540886208502343
schema_only__ingress_burst__r0,schema_only,ingress_burst,0,1499407519,mttr_s,422.643899
schema_only__ingress_burst__r0,schema_only,ingress_burst,0,1499407519,cost_units,920.0000035170979
schema_only__ingress_burst__r0,schema_only,ingress_burst,0,1499407519,manual_interventions,1.0
schema_only__ingress_burst__r0,schema_only,ingress_burst,0,1499407519,llm_tokens,166180.0
schema_only__ingress_burst__r0,schema_only,ingress_burst,0,1499407519,freshness_s,426.802232
schema_only__ingress_burst__r0,schema_only,ingress_burst,0,1499407519,decision_correct,0.0
schema_only__ingress_burst__r0,schema_only,ingress_burst,0,1499407519,wall_clock_s,432.70928391598864
schema_only__ingress_burst__r0,schema_only,ingress_burst,0,1499407519,api_tokens,2552.0
schema_only__ingress_burst__r0,schema_only,ingress_burst,0,1499407519,llm_calls,2.0
schema_only__ingress_burst__r0,schema_only,ingress_burst,0,1499407519,llm_cache_hits,278.0
schema_only__ingress_burst__r0,schema_only,ingress_burst,0,1499407519,llm_degraded,0.0
schema_only__ingress_burst__r0,schema_only,ingress_burst,0,1499407519,llm_invalid,0.0
schema_only__ingress_burst__r0,schema_only,ingress_burst,0,1499407519,llm_latency_s,6.738841124999453
schema_only__ingress_burst__r1,schema_only,ingress_burst,1,229034757,mttr_s,323.827982
schema_only__ingress_burst__r1,schema_only,ingress_burst,1,229034757,cost_units,920.0000035170979
schema_only__ingress_burst__r1,schema_only,ingress_burst,1,229034757,manual_interventions,1.0
schema_only__ingress_burst__r1,schema_only,ingress_burst,1,229034757,llm_tokens,166944.0
schema_only__ingress_burst__r1,schema_only,ingress_burst,1,229034757,freshness_s,328.578392
schema_only__ingress_burst__r1,schema_only,ingress_burst,1,229034757,decision_correct,0.0
schema_only__ingress_burst__r1,schema_only,ingress_burst,1,229034757,wall_clock_s,433.1517042090127
schema_only__ingress_burst__r1,schema_only,ingress_burst,1,229034757,api_tokens,2521.0
schema_only__ingress_burst__r1,schema_only,ingress_burst,1,229034757,llm_calls,2.0
schema_only__ingress_burst__r1,schema_only,ingress_burst,1,229034757,llm_cache_hits,280.0
schema_only__ingress_burst__r1,schema_only,ingress_burst,1,229034757,llm_degraded,0.0
schema_only__ingress_burst__r1,schema_only,ingress_burst,1,229034757,llm_invalid,0.0
schema_only__ingress_burst__r1,schema_only,ingress_burst,1,229034757,llm_latency_s,4.977732687504613
schema_only__ingress_burst__r2,schema_only,ingress_burst,2,2295778914,mttr_s,536.347152
schema_only__ingress_burst__r2,schema_only,ingress_burst,2,2295778914,cost_units,907.5000034621432
schema_only__ingress_burst__r2,schema_only,ingress_burst,2,2295778914,manual_interventions,1.0
schema_only__ingress_burst__r2,schema_only,ingress_burst,2,2295778914,llm_tokens,159804.0
schema_only__ingress_burst__r2,schema_only,ingress_burst,2,2295778914,freshness_s,541.330833
schema_only__ingress_burst__r2,schema_only,ingress_burst,2,2295778914,decision_correct,0.0
schema_only__ingress_burst__r2,schema_only,ingress_burst,2,2295778914,wall_clock_s,431.82225504200323
schema_only__ingress_burst__r2,schema_only,ingress_burst,2,2295778914,api_tokens,2497.0
schema_only__ingress_burst__r2,schema_only,ingress_burst,2,2295778914,llm_calls,2.0
schema_only__ingress_burst__r2,schema_only,ingress_burst,2,2295778914,llm_cache_hits,274.0
schema_only__ingress_burst__r2,schema_only,ingress_burst,2,2295778914,llm_degraded,0.0
schema_only__ingress_burst__r2,schema_only,ingress_burst,2,2295778914,llm_invalid,0.0
schema_only__ingress_burst__r2,schema_only,ingress_burst,2,2295778914,llm_latency_s,7.192404520508717
schema_only__ingress_burst__r3,schema_only,ingress_burst,3,1553022885,mttr_s,828.805877
schema_only__ingress_burst__r3,schema_only,ingress_burst,3,1553022885,cost_units,907.5000034621432
schema_only__ingress_burst__r3,schema_only,ingress_burst,3,1553022885,manual_interventions,1.0
schema_only__ingress_burst__r3,schema_only,ingress_burst,3,1553022885,llm_tokens,164358.0
schema_only__ingress_burst__r3,schema_only,ingress_burst,3,1553022885,freshness_s,835.125269
schema_only__ingress_burst__r3,schema_only,ingress_burst,3,1553022885,decision_correct,0.0
schema_only__ingress_burst__r3,schema_only,ingress_burst,3,1553022885,wall_clock_s,431.82627908399445
schema_only__ingress_burst__r3,schema_only,ingress_burst,3,1553022885,api_tokens,2534.0
schema_only__ingress_burst__r3,schema_only,ingress_burst,3,1553022885,llm_calls,2.0
schema_only__ingress_burst__r3,schema_only,ingress_burst,3,1553022885,llm_cache_hits,274.0
schema_only__ingress_burst__r3,schema_only,ingress_burst,3,1553022885,llm_degraded,0.0
schema_only__ingress_burst__r3,schema_only,ingress_burst,3,1553022885,llm_invalid,0.0
schema_only__ingress_burst__r3,schema_only,ingress_burst,3,1553022885,llm_latency_s,6.674942208497669
schema_only__ingress_burst__r4,schema_only,ingress_burst,4,1899371284,mttr_s,702.499066
schema_only__ingress_burst__r4,schema_only,ingress_burst,4,1899371284,cost_units,920.0000035170979
schema_only__ingress_burst__r4,schema_only,ingress_burst,4,1899371284,manual_interventions,1.0
schema_only__ingress_burst__r4,schema_only,ingress_burst,4,1899371284,llm_tokens,165324.0
schema_only__ingress_burst__r4,schema_only,ingress_burst,4,1899371284,freshness_s,707.438641
schema_only__ingress_burst__r4,schema_only,ingress_burst,4,1899371284,decision_correct,0.0
schema_only__ingress_burst__r4,schema_only,ingress_burst,4,1899371284,wall_clock_s,433.49699741601944
schema_only__ingress_burst__r4,schema_only,ingress_burst,4,1899371284,api_tokens,2560.0
schema_only__ingress_burst__r4,schema_only,ingress_burst,4,1899371284,llm_calls,2.0
schema_only__ingress_burst__r4,schema_only,ingress_burst,4,1899371284,llm_cache_hits,274.0
schema_only__ingress_burst__r4,schema_only,ingress_burst,4,1899371284,llm_degraded,0.0
schema_only__ingress_burst__r4,schema_only,ingress_burst,4,1899371284,llm_invalid,0.0
schema_only__ingress_burst__r4,schema_only,ingress_burst,4,1899371284,llm_latency_s,6.864062396023655
schema_only__ingress_burst__r5,schema_only,ingress_burst,5,1859819773,mttr_s,235.939405
schema_only__ingress_burst__r5,schema_only,ingress_burst,5,1859819773,cost_units,920.0000035170979
schema_only__ingress_burst__r5,schema_only,ingress_burst,5,1859819773,manual_interventions,1.0
schema_only__ingress_burst__r5,schema_only,ingress_burst,5,1859819773,llm_tokens,161934.0
schema_only__ingress_burst__r5,schema_only,ingress_burst,5,1859819773,freshness_s,239.336412
schema_only__ingress_burst__r5,schema_only,ingress_burst,5,1859819773,decision_correct,0.0
schema_only__ingress_burst__r5,schema_only,ingress_burst,5,1859819773,wall_clock_s,435.7447670830006
schema_only__ingress_burst__r5,schema_only,ingress_burst,5,1859819773,api_tokens,2558.0
schema_only__ingress_burst__r5,schema_only,ingress_burst,5,1859819773,llm_calls,2.0
schema_only__ingress_burst__r5,schema_only,ingress_burst,5,1859819773,llm_cache_hits,272.0
schema_only__ingress_burst__r5,schema_only,ingress_burst,5,1859819773,llm_degraded,0.0
schema_only__ingress_burst__r5,schema_only,ingress_burst,5,1859819773,llm_invalid,0.0
schema_only__ingress_burst__r5,schema_only,ingress_burst,5,1859819773,llm_latency_s,8.361619896008051
schema_only__ingress_burst__r6,schema_only,ingress_burst,6,1405830631,mttr_s,434.546032
schema_only__ingress_burst__r6,schema_only,ingress_burst,6,1405830631,cost_units,907.5000034621432
schema_only__ingress_burst__r6,schema_only,ingress_burst,6,1405830631,manual_interventions,1.0
schema_only__ingress_burst__r6,schema_only,ingress_burst,6,1405830631,llm_tokens,167844.0
schema_only__ingress_burst__r6,schema_only,ingress_burst,6,1405830631,freshness_s,438.652449
schema_only__ingress_burst__r6,schema_only,ingress_burst,6,1405830631,decision_correct,0.0
schema_only__ingress_burst__r6,schema_only,ingress_burst,6,1405830631,wall_clock_s,432.3547925830062
schema_only__ingress_burst__r6,schema_only,ingress_burst,6,1405830631,api_tokens,2445.0
schema_only__ingress_burst__r6,schema_only,ingress_burst,6,1405830631,llm_calls,2.0
schema_only__ingress_burst__r6,schema_only,ingress_burst,6,1405830631,llm_cache_hits,282.0
schema_only__ingress_burst__r6,schema_only,ingress_burst,6,1405830631,llm_degraded,0.0
schema_only__ingress_burst__r6,schema_only,ingress_burst,6,1405830631,llm_invalid,0.0
schema_only__ingress_burst__r6,schema_only,ingress_burst,6,1405830631,llm_latency_s,3.9981242289941292
schema_only__ingress_burst__r7,schema_only,ingress_burst,7,2953322874,mttr_s,482.405999
schema_only__ingress_burst__r7,schema_only,ingress_burst,7,2953322874,cost_units,907.5000034621432
schema_only__ingress_burst__r7,schema_only,ingress_burst,7,2953322874,manual_interventions,1.0
schema_only__ingress_burst__r7,schema_only,ingress_burst,7,2953322874,llm_tokens,166320.0
schema_only__ingress_burst__r7,schema_only,ingress_burst,7,2953322874,freshness_s,486.245496
schema_only__ingress_burst__r7,schema_only,ingress_burst,7,2953322874,decision_correct,0.0
schema_only__ingress_burst__r7,schema_only,ingress_burst,7,2953322874,wall_clock_s,430.8583583330037
schema_only__ingress_burst__r7,schema_only,ingress_burst,7,2953322874,api_tokens,2573.0
schema_only__ingress_burst__r7,schema_only,ingress_burst,7,2953322874,llm_calls,2.0
schema_only__ingress_burst__r7,schema_only,ingress_burst,7,2953322874,llm_cache_hits,278.0
schema_only__ingress_burst__r7,schema_only,ingress_burst,7,2953322874,llm_degraded,0.0
schema_only__ingress_burst__r7,schema_only,ingress_burst,7,2953322874,llm_invalid,0.0
schema_only__ingress_burst__r7,schema_only,ingress_burst,7,2953322874,llm_latency_s,6.000820604007458
schema_only__ingress_burst__r8,schema_only,ingress_burst,8,3549489826,mttr_s,470.549718
schema_only__ingress_burst__r8,schema_only,ingress_burst,8,3549489826,cost_units,907.5000034621432
schema_only__ingress_burst__r8,schema_only,ingress_burst,8,3549489826,manual_interventions,1.0
schema_only__ingress_burst__r8,schema_only,ingress_burst,8,3549489826,llm_tokens,117018.0
schema_only__ingress_burst__r8,schema_only,ingress_burst,8,3549489826,freshness_s,567.687954
schema_only__ingress_burst__r8,schema_only,ingress_burst,8,3549489826,decision_correct,0.0
schema_only__ingress_burst__r8,schema_only,ingress_burst,8,3549489826,wall_clock_s,431.3712220840098
schema_only__ingress_burst__r8,schema_only,ingress_burst,8,3549489826,api_tokens,2534.0
schema_only__ingress_burst__r8,schema_only,ingress_burst,8,3549489826,llm_calls,2.0
schema_only__ingress_burst__r8,schema_only,ingress_burst,8,3549489826,llm_cache_hits,197.0
schema_only__ingress_burst__r8,schema_only,ingress_burst,8,3549489826,llm_degraded,29.0
schema_only__ingress_burst__r8,schema_only,ingress_burst,8,3549489826,llm_invalid,0.0
schema_only__ingress_burst__r8,schema_only,ingress_burst,8,3549489826,llm_latency_s,8.578755916998489
schema_only__ingress_burst__r9,schema_only,ingress_burst,9,796212461,mttr_s,233.459676
schema_only__ingress_burst__r9,schema_only,ingress_burst,9,796212461,cost_units,920.0000035170979
schema_only__ingress_burst__r9,schema_only,ingress_burst,9,796212461,manual_interventions,1.0
schema_only__ingress_burst__r9,schema_only,ingress_burst,9,796212461,llm_tokens,162248.0
schema_only__ingress_burst__r9,schema_only,ingress_burst,9,796212461,freshness_s,237.800722
schema_only__ingress_burst__r9,schema_only,ingress_burst,9,796212461,decision_correct,0.0
schema_only__ingress_burst__r9,schema_only,ingress_burst,9,796212461,wall_clock_s,432.6988447920012
schema_only__ingress_burst__r9,schema_only,ingress_burst,9,796212461,api_tokens,2524.0
schema_only__ingress_burst__r9,schema_only,ingress_burst,9,796212461,llm_calls,2.0
schema_only__ingress_burst__r9,schema_only,ingress_burst,9,796212461,llm_cache_hits,270.0
schema_only__ingress_burst__r9,schema_only,ingress_burst,9,796212461,llm_degraded,0.0
schema_only__ingress_burst__r9,schema_only,ingress_burst,9,796212461,llm_invalid,0.0
schema_only__ingress_burst__r9,schema_only,ingress_burst,9,796212461,llm_latency_s,10.759998791501857
